22:08:41,23:57:41,CCK50278,AI947,61143910,SS-34573-UW-271,3940.67,Cape Coral,Paducah,True,2024-08-30,Robin ATL,019346PG,Beckie,St. Helena,S873RN,1724,0,-7.5,24177.5,25.0,834.3,12773,1999-11-08,economy
18:29:30,19:17:30,BRT38419,AI438,68917462,NT-33366-BW-995,698.1,Carrboro,Hilliard,True,2024-11-19,Boeing 737-800,843568VO,Long,Sint Maarten,H544XD,5842,0,-7.3,59102.8,120.0,1127.3,46453,2001-01-27,economy
13:32:41,15:14:41,KEU89486,AI045,62198786,BR-03300-EE-686,784.61,North Richland Hills,Central Falls,False,2024-11-21,Airbus A319,,Maire,Marshall Islands,Z674GW,2008,1,-9.7,19477.8,84.0,945.9,18050,2003-03-13,economy
03:05:41,05:18:41,IBS70775,AI185,60626570,AU-56262-KK-045,6566.72,Shelbyville,Algonquin,True,2024-06-12,Embraer EMB 110 Bandeirante,591994WX,Laverna,Guyana,Y250VC,2995,0,9.2,24837.3,61.0,924.8,23305,2010-08-23,economy
02:17:42,04:40:42,RRY73762,AI300,64518729,BF-56894-KJ-878,4697.51,Huber Heights,Belleville,False,2025-01-26,Beechcraft Baron,,Andrew,Liberia,I392BQ,4517,0,-2.4,58542.4,29.0,1359.5,29326,2006-01-17,economy
05:32:32,05:55:32,WZC11077,AI016,64753622,VO-34062-JB-666,7514.29,Kent,Bessemer,False,2025-01-12,Dassault Falcon 50,,Kayleen,Norfolk Island,G905SB,4418,1,-9.1,58896.3,63.0,1394.9,29017,2007-01-26,economy
01:55:36,02:38:36,CQH08933,AI391,61291943,MP-02740-CI-363,6345.17,Altamonte Springs,Oakdale,False,2024-06-28,Boeing 777-200LR,,Carolynn,Burkina Faso,Z390MD,653,8,-5.4,7072.4,92.0,702.0,6493,2003-07-06,economy
21:38:26,22:40:26,DIW01592,AI107,61984003,BH-42691-MM-714,2206.17,Minot,Manteca,False,2025-01-16,Boeing 737 MAX 10,,Naoma,Yemen,B971ZT,3929,1,8.9,59729.6,28.0,954.2,25329,2010-10-08,economy
14:57:42,17:09:42,AOY85799,AI309,62635400,GO-32033-IO-953,3385.38,Renton,Gladstone,True,2024-10-04,Airbus A319neo,816295LT,Matha,Belgium,Y217HT,4667,0,-1.6,61950.7,57.0,1085.2,29570,2003-12-26,economy
23:19:25,01:21:25,COM80669,AI616,66540853,HK-75719-PV-578,3054.0,Melrose,Ankeny,False,2025-01-12,Antonov AN-24,,Linwood,Faroe Islands,I793VO,4573,1,-13.8,69136.5,107.0,1001.1,29281,2004-07-26,economy
17:19:26,19:31:26,MXV75695,AI240,68008974,ZH-80377-DY-865,1901.81,Sioux City,Brook Park,False,2024-05-28,British Aerospace Jetstream 41,,Ladawn,Mongolia,M680JW,1994,1,-8.4,17042.2,82.0,829.2,10006,2005-06-05,economy
10:47:29,11:36:29,TGP17971,AI406,66456468,IP-99450-FJ-948,1483.64,Carol Stream,Galveston,True,2024-11-21,Honda HA-420,975607SY,Benton,Kyrgyzstan,X529ZV,1129,8,8.0,13053.3,65.0,814.9,11219,2004-11-23,economy
11:31:27,12:37:27,WOF84529,AI894,64140554,GR-04023-VL-801,4266.79,Cedar Hill,North Canton,True,2024-10-20,GippsAero GA8 Airvan,717450DH,Karren,Marshall Islands,N577TD,2664,1,3.5,23680.2,44.0,941.3,24644,2008-01-08,economy
16:55:32,19:46:32,ZNP21685,AI745,66686888,US-67856-PO-042,5967.44,Zanesville,Encinitas,True,2024-12-24,Canadair Regional Jet 700,067177NO,Blake,St. Pierre & Miquelon,S340VG,5093,0,7.2,58010.1,48.0,1305.7,39236,1998-09-29,economy
00:20:26,00:50:26,QGO03529,AI412,61617027,DV-38556-FT-434,515.94,Coalinga,Morgantown,False,2025-02-14,Ilyushin IL86,,Dillon,Ecuador,I863YY,3731,0,-5.5,68738.5,49.0,920.4,29826,2002-04-23,economy
23:39:36,00:34:36,EWA33822,AI133,67232178,UX-56759-TU-444,1329.61,Sioux Falls,Lauderhill,False,2025-03-02,Shorts SC-7 Skyvan,,Kenny,Mauritius,J342KV,5175,1,-13.4,66482.8,18.0,1222.3,40008,2005-07-17,economy
04:37:29,05:57:29,XDI77016,AI261,69287829,LD-84146-KA-293,492.33,Kokomo,Mission,True,2024-05-19,Tupolev Tu-214,933713JV,Taisha,Gibraltar,Q699YB,5374,0,-8.6,57079.5,89.0,1173.4,40363,2007-08-03,economy
12:04:37,13:55:37,GSA71055,AI504,67985927,NJ-70734-QQ-390,3236.24,Franklin Park,Eau Claire,True,2024-12-13,Cessna Citation CJ3,810612DC,Harold,Guernsey,U031EC,5571,0,-9.0,57778.0,37.0,1174.5,44156,2005-09-17,economy
19:14:42,20:49:42,DPR37348,AI226,66965726,QP-74797-WO-770,4562.69,Atlantic City,Zanesville,False,2024-10-01,Team Rocket F1,,Marx,Solomon Islands,W171RN,4415,0,5.8,59511.2,30.0,1299.5,29519,2000-01-28,economy
13:40:29,13:50:29,XGC22581,AI194,68263537,XV-91297-CA-613,3643.83,Vestavia Hills,Tempe,False,2024-06-21,Airbus A300B2,,Ammie,American Samoa,X576NF,3384,1,-7.4,59609.9,61.0,906.4,25531,1998-09-25,economy
10:22:39,12:21:39,TWM83406,AI161,66049626,IA-26894-LA-940,4491.48,Norman,Marion,True,2024-09-25,Douglas DC-8-50,844040AJ,Walter,Brunei,F700OX,5123,1,-12.6,55954.0,34.0,1287.0,40492,2010-11-06,economy
17:16:32,17:34:32,QPC26499,AI944,66636803,PU-82509-IR-967,5857.48,Westland,Seal Beach,True,2024-12-08,Tupolev Tu-134,697836ND,Alexis,Trinidad & Tobago,A056NT,826,8,8.6,7172.5,83.0,726.8,5501,2005-01-15,economy
16:07:33,17:47:33,IMA61582,AI616,60802170,XH-07866-FX-177,7362.58,Lake Havasu City,Dumont,False,2024-07-01,CASA/IPTN CN-235,,Samual,Isle of Man,L274TK,2653,1,-9.3,23393.6,68.0,913.5,20621,2009-12-18,economy
07:44:40,09:01:40,POZ64936,AI240,69886989,KA-11514-ST-085,7962.46,Elgin,Chicago,False,2025-02-13,British Aerospace Jetstream 32,,Owen,Vatican City,V899YG,974,5,-9.7,7429.3,57.0,723.3,5722,2005-01-11,economy
06:49:39,09:09:39,CAT69713,AI574,63225613,XZ-33456-MF-019,6044.03,Melbourne,Baldwin,True,2024-06-06,Airbus A320neo,952466AW,Temika,Liechtenstein,C217KL,4345,0,-11.6,64652.0,48.0,1085.1,29231,2010-09-12,economy
08:01:28,08:32:28,VCD92648,AI579,62351302,OY-03883-JM-003,2502.98,Elk River,Friendswood,True,2024-12-11,BAe 146-100,011598XC,Ruthanne,St. Pierre & Miquelon,C824YF,3758,0,-6.6,59978.8,45.0,988.1,25385,2001-02-15,economy
11:01:37,13:19:37,JIX60426,AI483,66334933,YN-99835-GT-590,3925.76,Victoria,Franklin Park,False,2024-08-22,Aquila A 210,,Kraig,Svalbard & Jan Mayen,U780HH,5791,1,-7.2,69598.3,77.0,1043.3,44512,1998-02-19,economy
11:05:31,12:01:31,OIH58452,AI531,67574922,MN-50065-SH-573,5664.52,Painesville,Fond du Lac,True,2024-08-16,De Havilland Canada DHC-8-300 Dash 8,247721KF,Cyrus,Russia,Q833UR,6331,0,-7.8,67650.9,108.0,1687.3,55495,2008-08-08,economy
07:46:30,10:13:30,ESK11217,AI573,66706078,GN-90060-QD-023,6346.99,San Ramon,Ann Arbor,True,2024-11-03,Boeing 707,663978TD,Raphael,Qatar,C367FT,6035,0,-9.6,65486.0,92.0,1317.5,54092,2004-02-12,economy
20:51:31,23:38:31,UQS25017,AI591,68766295,PX-65166-QU-824,810.47,Monrovia,White Plains,True,2025-01-16,Canadair Regional Jet 550,899504BD,Brenton,Luxembourg,B468YV,1794,1,-8.7,27537.3,64.0,822.5,11339,2006-04-19,economy
20:00:40,21:52:40,MNS33043,AI419,60236428,KI-69385-CA-579,5682.59,Memphis,Cleveland Heights,True,2024-10-08,Saab SF340A/B,677094XN,Ernie,Denmark,X330LS,2372,0,5.8,19510.0,83.0,934.5,16916,2008-04-29,economy
19:34:41,21:30:41,WBY06128,AI071,67001898,UM-83509-KJ-876,3670.55,Orland Park,Millbrae,False,2024-12-24,Concorde,,Lionel,Kuwait,G491OF,5898,1,-14.8,60491.8,71.0,1020.2,45299,2008-01-10,economy
06:22:31,08:40:31,VXC26882,AI363,60748463,OU-58042-RQ-352,6801.62,Miamisburg,Myrtle Beach,False,2025-01-10,ICON A5,,Pok,Burundi,T978GK,5914,1,-6.1,64340.7,39.0,1371.4,46023,2001-12-02,economy
10:26:34,13:17:34,PBZ70483,AI132,64538630,EB-86235-EM-202,3577.4,Clarksburg,Palm Bay,True,2025-01-22,Cessna Citation X,550592QE,Michael,British Indian Ocean Territory,C862XM,1129,7,-10.1,16107.3,38.0,841.1,14899,1998-01-22,economy
04:50:34,05:52:34,TOJ48832,AI944,66980822,TA-58221-JG-105,5113.18,Abilene,St. Charles,False,2025-01-29,Pilatus PC-12,,Epifania,Chile,F222DZ,1217,6,-11.8,13755.9,17.0,804.1,14985,2000-12-20,economy
08:40:24,11:36:24,LXS79075,AI227,66052085,YO-91463-VR-601,616.64,Cedar Rapids,Inver Grove Heights,False,2024-10-06,Tupolev Tu-204,,Edmundo,Seychelles,B373CF,5119,0,3.1,59769.3,24.0,1299.7,35649,2003-06-12,economy
19:21:32,22:06:32,KIS11781,AI566,66420404,NF-47954-CN-541,6828.16,Waukegan,El Reno,True,2024-06-08,Airbus A350-1000,168209UL,Mozell,Niue,J188FR,3075,0,-13.3,41355.0,117.0,990.0,26701,2007-06-16,economy
04:22:43,04:56:43,XHL14793,AI872,63964182,EN-97874-RC-677,6551.81,Kettering,Las Vegas,False,2024-11-25,Boeing 757-300,,Ron,Ethiopia,S639JF,694,5,-5.6,7369.5,46.0,737.3,6150,2004-11-25,economy
19:24:41,19:56:41,XCJ97199,AI115,66130108,YM-68558-DT-550,2596.52,Bainbridge Island,Dana Point,False,2024-12-09,Lockheed L-182,,Maurita,Samoa,E409EO,4006,1,-1.5,56726.5,108.0,1280.6,24646,2004-06-09,economy
00:44:28,03:21:28,LQQ70702,AI543,61500041,SU-16870-OA-738,2931.39,New Berlin,Flint,True,2024-06-22,Embraer Legacy 450,854185GV,Elvis,Tristan da Cunha,B889TS,2340,1,-9.3,19818.5,42.0,916.4,15040,2005-03-13,economy
10:17:39,10:46:39,KDN97169,AI453,62638064,WJ-84405-US-798,6048.09,Plainview,Southaven,True,2024-06-28,Cessna Citation CJ4,882058PI,Byron,South Korea,Y601CV,3379,0,-12.0,65341.2,85.0,975.7,27642,2008-11-21,economy
05:44:25,07:14:25,ACF88212,AI532,66663160,PT-54585-AL-602,7204.03,Dodge City,Blythe,False,2025-02-22,Douglas DC-3,,Ara,Somalia,R733IL,3700,1,9.3,66837.1,110.0,932.8,27307,1999-04-19,economy
22:42:26,22:58:26,TVF50090,AI697,65667391,AV-75802-CM-083,7812.72,Des Moines,Maricopa,True,2024-06-02,Airbus A340-200,190630CP,Torrie,Lesotho,E046IO,2758,0,-10.2,23263.0,21.0,930.7,22432,2007-12-23,economy
00:17:28,01:40:28,AJW33682,AI191,60114626,PB-39890-DS-420,3026.41,Apex,Millville,True,2024-09-04,ICON A5,676472AN,Twanda,Iraq,G264DS,744,8,-5.7,7402.3,91.0,571.5,6207,2001-01-16,economy
09:44:42,12:18:42,HWM22738,AI287,67986953,AP-18046-CU-169,5259.19,Rosemead,Crystal Lake,False,2024-11-10,Tecnam P2008,,Doretta,Tokelau,L447XL,3243,0,-9.1,52317.7,93.0,904.1,26686,2007-05-03,economy
00:35:33,03:17:33,MHW72852,AI864,61833777,BV-98030-JF-902,3603.86,Lewiston,Broadview Heights,False,2024-08-23,McDonnell Douglas MD-90,,Les,Spain,T802LD,876,2,8.2,7154.2,49.0,503.9,5638,1999-01-15,economy
01:20:37,02:39:37,TNS16921,AI927,65971535,QL-75029-OW-629,3711.86,Huntsville,Upland,False,2024-09-05,Partenavia P.68,,Shizue,Croatia,Z243EU,1591,0,2.4,24059.5,81.0,825.3,10811,2001-06-24,economy
09:29:40,11:15:40,UOV07879,AI211,66340424,UR-51660-IZ-515,7059.42,Southlake,Homestead,False,2024-09-17,Douglas DC-9-40,,Johnathon,Jordan,K603WR,5627,0,-6.0,63427.0,79.0,1154.6,47799,2005-07-29,economy
18:59:27,21:10:27,FUD67548,AI010,68223642,JY-43491-LW-106,776.1,Tahlequah,Keizer,False,2025-01-13,Ilyushin IL96,,Brittni,Thailand,J970GK,2417,1,-10.9,19771.1,101.0,934.7,17054,2001-03-28,economy
16:06:29,16:46:29,MTX65857,AI399,61408079,JV-88727-JT-277,3939.79,Smyrna,Hickory,True,2025-02-21,Bombardier BD-100 Challenger 300,770774BX,Carol,Serbia,R214DE,1687,0,-10.6,20013.1,110.0,807.1,11341,2001-03-07,economy
09:07:31,09:31:31,PLG27986,AI943,65113543,NJ-03216-HC-223,5542.84,Twinsburg,Texarkana,True,2024-08-28,Lockheed L-188 Electra,210191XD,Ambrose,Kazakhstan,S396NT,4399,0,-13.1,65002.1,105.0,1289.4,29358,2005-02-21,economy
22:25:32,22:45:32,CEC86947,AI230,67924061,ET-43232-PU-210,2336.35,Normal,Kirkland,True,2024-12-16,Tecnam P2010,066112CC,Rafael,Paraguay,E510AG,1039,2,4.1,14030.0,92.0,802.5,15311,2002-06-29,economy
23:26:39,02:13:39,HXN28619,AI781,68087669,VZ-99324-VI-948,1248.07,Rockville,San Juan Capistrano,False,2024-10-01,Avro RJ100,,Gino,French Southern Territories,Z167EK,6355,1,-5.9,68422.4,37.0,1310.2,56265,2001-05-24,economy
22:35:33,23:56:33,GIM80374,AI831,63223334,LN-92619-PI-262,7330.38,Elgin,Sugar Land,True,2024-10-31,Boeing 737 MAX 8,171198XS,Leida,Mozambique,I936GL,1931,1,-8.5,21754.5,29.0,811.6,11837,2001-07-03,economy
02:59:26,04:39:26,SFJ43850,AI728,68101478,VT-05276-DJ-398,7833.43,Wake Forest,Amarillo,False,2024-06-15,Airbus A310-300,,Leon,Mali,R754AU,5827,0,3.2,67740.0,73.0,1307.7,41096,2008-05-19,economy
21:32:37,23:34:37,MRI05446,AI114,67541956,JN-71758-BE-798,3273.76,Leawood,East Peoria,True,2024-09-12,Embraer EMB 110 Bandeirante,822737YE,Perry,Kenya,C410VB,5948,0,-15.0,55292.8,53.0,1047.1,41825,2008-07-28,economy
00:51:34,03:42:34,OSW61539,AI317,64250184,FE-09646-XO-374,3354.93,Highland,Macomb,True,2024-05-24,Tecnam P2002 Sierra,673785ZB,Drew,Tajikistan,K632XH,1707,0,0.9,29291.9,26.0,820.8,16479,2004-04-25,economy
09:40:33,12:22:33,LZC18380,AI945,69113017,XI-22554-SS-113,7080.35,Rochester Hills,East Point,True,2025-02-02,Yakovlev Yak-40,117638YB,Toby,Austria,C927DH,2452,0,-8.4,19026.5,79.0,929.5,19041,2008-04-07,economy
23:56:31,01:49:31,BAL35774,AI292,63818789,WN-68219-IJ-297,650.1,Dublin,Lauderhill,True,2024-08-10,De Havilland Canada DHC-8-200 Dash 8,373189QM,Millard,United States,G630YD,3932,1,-9.7,69788.0,87.0,900.9,28623,2006-07-09,economy
08:39:31,09:06:31,HZT34399,AI352,61663195,PN-41564-DO-125,4397.27,South St. Paul,Saginaw,True,2024-12-26,Lockheed L-1011 Tristar,394482KI,Collin,Mongolia,F705UE,4432,0,-8.7,61141.7,91.0,1292.2,26197,2003-12-09,economy
05:36:42,07:04:42,AMD45133,AI559,69548922,VY-08868-WO-020,6174.88,Cleveland Heights,Bakersfield,False,2024-10-09,Fairchild Dornier 328JET,,Efren,Liberia,D260HM,1352,4,4.0,17841.6,78.0,802.4,10576,2004-03-11,economy
20:38:29,23:30:29,ORF15543,AI640,62495861,WY-28213-IJ-604,4926.52,Omaha,Linden,False,2025-01-03,Curtiss C-46 Commando,,Meri,Lithuania,H073IM,4596,0,6.6,59956.7,64.0,1060.2,28565,2000-07-30,economy
04:05:41,04:25:41,YOD62442,AI229,68020277,BA-63785-GA-778,5514.17,Solon,Winona,True,2024-05-31,De Havilland Canada DHC-3 Otter,251862NZ,Alton,Portugal,Z613EK,1602,1,5.0,21990.9,116.0,844.6,17059,2003-12-26,economy
16:05:43,17:30:43,NRO15876,AI338,62639960,JQ-46715-AU-893,5955.91,Ashland,Shoreview,False,2025-01-06,Tecnam P92 SeaSky,,Deonna,Iran,X095FL,922,3,-7.4,7142.8,111.0,514.2,7317,2003-10-22,economy
00:12:36,01:03:36,PJC49735,AI428,66860737,HY-26010-JK-114,6647.37,Lemoore,Elko,True,2025-01-08,Fokker F28 Fellowship,059153UB,Debbra,Nicaragua,N076ME,4831,0,-8.8,66487.0,26.0,1324.0,25325,2007-12-23,economy
05:44:27,08:19:27,QVG67305,AI531,68889182,BF-80028-SI-913,5157.76,Lynn,Pittsburg,True,2025-02-10,Ilyushin IL86,488115MA,Ed,Algeria,A465SM,3037,1,-9.5,55452.6,74.0,914.0,26673,2005-02-16,economy
12:53:28,13:54:28,KRP06023,AI963,65570361,HD-72374-TE-296,7086.24,Fairfield,Macomb,False,2024-08-16,Piper PA-46,,Florencio,Sudan,J513EB,3497,0,-9.9,67942.5,95.0,967.8,29980,2000-06-12,economy
11:16:27,13:16:27,ASN11028,AI760,69477616,AT-48195-PX-174,4931.7,Johnstown,Godfrey,True,2025-01-04,Embraer 170,462031KU,Hannelore,Armenia,E456RW,2229,0,-14.2,18633.9,32.0,909.0,17584,1999-09-29,economy
23:50:39,02:16:39,HHD16009,AI131,65548820,UA-02273-SU-194,6056.93,Chicopee,Rosenberg,True,2024-05-17,Learjet 36,343867IY,Etha,Greenland,D490CF,5223,1,-11.8,64492.2,76.0,1027.3,41352,2001-10-20,economy
08:00:40,09:34:40,YAS33622,AI429,66047190,LM-32854-YB-398,4361.79,Terre Haute,Addison,True,2024-12-07,Boeing 777-200 Freighter,813791PZ,Onie,Austria,A422JH,3341,0,-7.4,55500.8,36.0,957.0,28058,1998-07-30,economy
05:40:33,07:31:33,XHI63391,AI366,62573784,JY-41189-DD-667,1166.39,Redlands,Knoxville,True,2024-11-10,British Aerospace Jetstream 41,136125DU,Ming,San Marino,T685KE,3900,0,-14.8,62482.7,87.0,943.3,26901,1999-03-10,economy
05:29:42,05:40:42,CJM31968,AI172,68354501,MO-47488-LQ-079,1372.13,Burleson,LaGrange,False,2024-11-04,British Aerospace Jetstream 41,,Regenia,Norway,M273PC,3999,1,9.1,55176.7,58.0,916.9,27559,2007-04-07,economy
06:49:41,09:46:41,YKS11872,AI032,65370082,LZ-48193-EA-123,7659.49,Pleasant Prairie,New Hope,False,2024-08-19,Embraer Phenom 300,,Tai,Bhutan,F877WK,2353,0,-0.6,19099.2,50.0,904.0,19121,2006-08-05,economy
11:13:36,11:50:36,ZOF82620,AI670,67098174,NT-64770-ZZ-593,6211.71,Thornton,Murrieta,False,2024-09-17,Airbus A300-600,,Allan,Turkey,P524AO,2967,0,5.7,23613.0,24.0,927.3,19034,2000-10-04,economy
12:57:32,13:59:32,SMZ67053,AI074,66118479,ZF-74285-ZH-717,6357.43,Waco,Chesapeake,True,2024-06-30,Shorts SD.330,696111GY,Yessenia,Fiji,R396FP,3900,1,-14.3,60546.0,87.0,980.7,26107,2003-11-08,economy
12:55:31,13:27:31,MJS78240,AI079,62190116,EU-39942-KD-821,3246.89,Cudahy,Brigham City,True,2024-10-06,Boeing 767-200,032055VE,Zachariah,North Korea,V058US,876,5,-12.3,7393.9,67.0,572.0,5926,1998-01-28,economy
08:00:34,08:49:34,MSJ32220,AI157,68749624,ZZ-36192-TS-309,2021.94,Durham,Moreno Valley,False,2024-06-25,Yakovlev Yak-42,,Julienne,Iceland,I913WF,5200,1,6.6,68353.8,49.0,1259.9,35307,2000-10-10,economy
07:34:40,08:19:40,YEC08773,AI037,69154615,NM-92768-BL-411,6035.89,Brea,Livonia,True,2024-06-18,Airbus A330-800neo,953373LC,Cedrick,Mozambique,K258MR,2000,1,0.6,28608.3,94.0,809.3,13416,2001-10-13,economy
16:09:33,17:31:33,ZZB22615,AI074,61448701,XW-41287-UA-040,2296.19,Ypsilanti,Germantown,False,2025-01-17,Canadair Challenger,,Bernardina,El Salvador,S132VU,1198,2,1.0,17218.6,74.0,816.3,15717,2007-08-19,economy
18:02:36,19:50:36,KKU51321,AI683,66849566,TA-97067-AZ-119,1585.08,Easton,La Quinta,False,2024-06-12,Gulfstream IV,,Josh,Solomon Islands,W729UR,3451,1,7.5,61814.0,41.0,966.9,27195,2007-03-13,economy
05:17:41,05:29:41,TBD41205,AI194,65856228,VV-84590-YM-661,7155.53,Northfield,Columbia,True,2024-07-09,Cessna 152,584665FS,Taunya,Slovenia,L614ZM,2609,0,-8.8,24143.2,93.0,904.1,20987,2000-02-28,economy
08:28:31,09:00:31,ATW11663,AI660,66869150,DP-05579-QC-272,3362.44,Cooper City,McHenry,True,2025-01-14,De Havilland Canada DHC-6 Twin Otter,660843AE,Mellie,Estonia,J199UF,5613,1,-10.4,69825.5,50.0,1261.8,47785,2000-06-19,economy
10:41:42,13:36:42,OOM74469,AI989,66021143,IN-10498-UP-037,1836.12,Olathe,Rosemead,False,2024-09-24,Learjet 36,,Levi,Guinea,G245JD,5806,0,-10.7,58822.5,115.0,1380.0,46369,2010-06-01,economy
06:19:30,09:11:30,ZBB59008,AI816,65117453,OC-04505-AI-453,1211.54,Leander,Bartlesville,False,2025-01-15,Boeing 777-200LR,,Mike,Slovenia,P421UN,5394,1,8.2,65453.2,39.0,1173.7,40391,2001-12-08,economy
22:58:30,01:40:30,HIB17632,AI411,63564964,OC-79697-VN-347,1034.93,Taylor,Pompano Beach,False,2025-01-13,Antonov AN-140,,Roger,Swaziland,P978LP,4859,0,-10.5,61671.8,17.0,1034.0,29529,2001-08-04,economy
14:04:38,15:32:38,OKS37460,AI262,60118273,RM-67628-ON-572,6292.6,Downers Grove,Wilkes-Barre,True,2024-08-14,Dassault Falcon 2000,429864WB,Lesley,Turkmenistan,B517QV,4910,1,4.7,62563.4,38.0,1345.8,27677,2009-05-23,economy
03:21:39,06:02:39,CFN01399,AI651,63726119,PB-68256-QC-077,1481.24,Surprise,Oceanside,False,2024-07-12,Canadair Regional Jet 700,,Robt,South Korea,L464UD,6312,0,-10.1,56634.2,15.0,1356.5,51136,2010-10-26,economy
10:44:29,12:19:29,USM44859,AI672,67214784,QQ-38606-BJ-969,5991.77,Douglasville,Laconia,True,2024-12-30,Airbus A340-200,711525KR,Celsa,Turkey,J760LQ,3579,1,1.8,61180.6,21.0,987.1,29068,2008-10-29,economy
08:24:37,08:55:37,OPD31757,AI905,63091566,RS-63279-GG-873,3215.94,Plattsburgh,Kissimmee,True,2024-07-02,Dassault Falcon 2000,362578EM,Kerry,Madagascar,B644QU,4951,0,-11.4,65808.3,21.0,1009.3,26230,2005-06-27,economy
17:37:33,19:27:33,YRB54804,AI242,60492807,OJ-56356-RZ-857,5858.74,Harker Heights,Lee's Summit,False,2025-03-08,ICON A5,,Amberly,Seychelles,B349AV,538,8,-8.3,7473.3,113.0,649.6,5917,2004-09-15,economy
06:22:43,07:59:43,MZA20771,AI432,62913750,IZ-26264-IM-068,5522.94,Rialto,Greenfield,True,2025-02-20,Embraer EMB 110 Bandeirante,335328UG,Vannesa,St. Lucia,Z214TF,3131,1,-14.0,43523.0,69.0,925.3,25370,2003-05-10,economy
21:04:33,22:22:33,FPE39933,AI585,66932922,HP-46550-PH-253,5764.66,Alsip,Hawthorne,True,2024-11-30,Team Rocket F1,689528TX,Danny,Vanuatu,Z803AT,6337,1,-5.3,59672.5,67.0,1560.3,50153,2010-10-26,economy
02:40:40,05:10:40,RWE73416,AI620,65503392,IR-21602-ER-170,3912.02,Venice,Mobile,False,2024-06-08,GippsAero GA8 Airvan,,Jorge,Russia,Y519HP,4589,1,-10.9,69160.0,25.0,1034.8,25622,1999-03-26,economy
03:27:34,04:30:34,ZJA31187,AI068,67924387,SM-81174-IW-296,7999.28,Urbana,Overland Park,False,2025-02-21,Boeing 717,,Neoma,Solomon Islands,W834SU,2573,1,-8.7,24926.3,88.0,907.2,21933,2010-01-13,economy
11:56:33,12:49:33,WSQ58743,AI431,67755873,XJ-66235-EQ-304,4136.38,Millville,Dinuba,False,2024-09-23,Boeing 707,,Damien,Poland,T167XN,1092,8,0.6,15126.3,111.0,813.6,16075,2000-01-16,economy
09:41:42,11:27:42,CGO38708,AI992,69892003,AJ-57776-RX-567,7850.85,Baytown,McKinney,True,2024-05-23,Fokker 70,324494SL,Wilmer,Thailand,V047VG,1757,1,-8.1,28491.5,56.0,809.9,14578,1998-04-23,economy
20:03:30,21:22:30,XBL10064,AI163,62126327,PB-68057-JH-794,932.8,Washington,Wylie,False,2024-12-27,Cessna Citation III,,Fredricka,Réunion,Z585LZ,849,8,8.6,7391.8,79.0,684.8,6667,2002-12-11,economy
18:52:29,20:18:29,YWS69333,AI024,63866255,HM-67633-XJ-868,6607.4,Bullhead City,McHenry,False,2024-07-11,McDonnell Douglas MD-87,,Lorean,St. Kitts & Nevis,F373PV,1070,3,1.2,13316.7,46.0,808.5,17533,2006-03-19,economy
16:26:38,17:28:38,IEA45272,AI838,67813431,WS-90872-QV-798,7479.51,Rancho Cordova,Maplewood,False,2024-10-14,Boeing 747SR Freighter,,Samuel,Togo,M636BZ,1138,7,-12.5,12791.7,80.0,847.1,17476,2008-09-21,economy
02:32:40,05:04:40,UBQ30910,AI051,60547546,KX-35551-HN-776,4982.65,Monterey,Battle Ground,False,2024-06-05,Cessna Citation VII,,Juan,Antarctica,G275GJ,1918,0,2.4,26760.6,110.0,846.1,10052,1998-07-13,economy
05:36:33,08:02:33,MSU41959,AI652,69645098,TU-80512-LK-718,5548.64,Faribault,Shreveport,True,2024-12-27,Douglas DC-9-20,602877VL,Elroy,São Tomé & Príncipe,D314EE,4578,0,9.4,66343.2,25.0,1316.7,30744,2004-09-15,economy
12:07:35,14:15:35,FJM41030,AI542,67452075,MR-20692-WB-826,4938.98,Modesto,Blacksburg,False,2024-10-09,Tecnam P96,,Calista,Isle of Man,V210BU,2112,1,-6.7,18346.2,40.0,916.5,16651,2010-01-13,economy
19:49:34,20:42:34,SMH55086,AI359,61983867,AP-18181-ZY-871,1663.84,Avenal,Oakley,False,2024-09-19,Canadair Regional Jet 200,,Catrice,Singapore,S949DA,826,7,-7.7,7330.8,102.0,619.5,5467,2001-02-15,economy
01:23:30,02:50:30,FDQ25779,AI108,62474187,EF-84233-KZ-468,7211.47,Broomfield,Fort Lauderdale,True,2025-02-08,Boeing 737-800,632108HH,Reena,Indonesia,M009JB,5222,1,6.2,58343.7,97.0,1013.8,44309,2007-01-14,economy
13:48:42,15:26:42,EVZ26859,AI568,65214956,FE-48428-ON-856,7329.27,Leominster,Sioux Falls,False,2024-07-17,BAe 146-100,,Wen,Germany,I486KZ,6250,0,-11.4,69550.7,66.0,1300.2,58699,2008-05-25,economy
11:42:25,13:50:25,AJI55879,AI500,63222043,XT-82579-VL-814,3398.78,Rocklin,Matteson,False,2024-05-17,Boeing 777-8,,Dimple,Canary Islands,Y941WE,3835,0,-13.1,60467.0,42.0,993.2,25416,2001-11-03,economy
06:54:42,08:15:42,JOC61894,AI065,61590408,OQ-03913-WD-787,5662.32,Cooper City,New Smyrna Beach,False,2025-03-06,Grumman G-21 Goose,,Jerrica,Tanzania,G012CC,5266,0,-6.3,57416.9,85.0,1133.2,43216,2009-01-01,economy
21:21:36,22:24:36,QGR11277,AI759,62648940,WW-32011-TJ-573,2962.52,Elmhurst,Waxahachie,False,2024-06-26,Boeing 737-900,,Slyvia,Lebanon,Y412TE,1324,6,-5.5,16888.5,27.0,806.3,10701,2002-08-27,economy
19:40:40,21:45:40,JLX35651,AI571,61352485,JE-35610-LL-448,730.98,Oak Creek,Redwood City,True,2024-08-30,Antonov AN-124 Ruslan,595458HF,Eric,Christmas Island,I886FS,6467,1,-8.5,66834.7,58.0,1344.2,59392,2008-07-14,economy
02:24:43,05:04:43,XEX64478,AI260,68975764,NN-91527-PL-378,727.03,Newport Beach,Logansport,False,2024-11-01,De Havilland Canada DHC-8-200 Dash 8,,Desire,Guernsey,X602SB,6367,0,-8.1,65748.8,19.0,1240.7,53875,2004-02-05,economy
12:34:36,12:58:36,YHU39273,AI525,65656553,MK-03285-SG-484,3405.7,Rockledge,Wooster,True,2024-10-06,Partenavia P.68,926743LY,Berenice,Laos,D955YH,1628,0,-12.7,21748.5,53.0,840.8,15912,2009-12-09,economy
07:26:27,08:09:27,MNV62125,AI341,67663800,AM-99858-DP-503,3936.58,Janesville,La Habra,False,2024-05-30,ICON A5,,Fernanda,Afghanistan,F770ZR,712,6,-6.8,7295.6,66.0,503.5,6052,2000-08-29,economy
22:21:30,22:37:30,BXN25482,AI157,63421217,JV-84190-EH-650,943.09,Leander,North Canton,True,2024-11-09,Antonov An-225 Mriya,411341AK,Rosendo,Papua New Guinea,P069LY,4468,0,-5.1,57608.3,79.0,1360.6,25653,2000-02-02,economy
06:27:32,07:03:32,NAR69574,AI514,60130618,KF-88654-NJ-931,5982.11,Downey,Mentor,False,2024-12-29,Pilatus Britten-Norman BN-2A,,Isadora,Kyrgyzstan,X106CY,3641,0,-11.9,66520.6,26.0,981.1,26146,2003-10-11,economy
02:22:35,02:52:35,XWC81064,AI664,62927969,OR-89603-KP-488,7654.51,Starkville,Sandusky,False,2024-11-14,Tupolev Tu-134,,Pia,Egypt,K988US,3385,1,8.6,63358.8,68.0,977.4,28296,2000-01-12,economy
12:37:42,13:14:42,IXO35249,AI781,66223554,IK-04489-PR-879,1303.77,Mint Hill,Twentynine Palms,True,2025-02-16,McDonnell Douglas MD-90,475520NX,Deandre,United Kingdom,U448UQ,2798,1,-12.6,24364.4,99.0,907.3,24295,1999-09-30,economy
03:24:32,06:24:32,YTB29438,AI065,69511507,SQ-95653-VN-215,1237.59,Cookeville,Loma Linda,True,2024-09-27,Shorts SD.360,106443YR,Thora,Anguilla,H061CX,4311,0,-2.2,58720.8,90.0,1349.8,26301,1999-04-24,economy
21:29:27,22:38:27,BFX35995,AI273,65473899,CM-12793-MW-543,5020.81,North Charleston,Butte-Silver Bow,False,2025-01-22,Cessna 177 Cardinal RG,,Nicholas,Switzerland,M249FC,1447,7,6.6,15628.6,69.0,814.5,15428,1999-02-05,economy
06:28:25,08:46:25,NGI92363,AI201,61870440,IF-56894-ZX-490,1435.77,Cottonwood Heights,Somerville,True,2024-08-18,Tupolev Tu-214,367941DC,Rubi,Luxembourg,B334DP,3381,1,3.4,59201.0,99.0,946.3,26159,2003-04-07,economy
00:06:25,01:07:25,YCO41771,AI137,62793751,MH-52542-WD-238,6038.12,Hobart,Las Vegas,True,2024-08-30,Antonov AN-24,656065WJ,Alonso,Syria,O037GB,1469,7,-0.5,15487.9,30.0,821.2,12882,2000-11-11,economy
17:49:32,20:15:32,IQB31873,AI727,69527700,CT-54945-XP-040,2283.59,Dodge City,Rock Hill,True,2024-09-22,Embraer Phenom 300,502251QG,Hosea,Pakistan,E726LP,2065,1,0.1,19335.2,110.0,907.5,18201,2003-11-14,economy
00:53:30,01:12:30,DWP79817,AI802,68474081,LO-27407-TL-043,6154.68,Yuma,Napa,False,2024-12-21,Embraer 195,,Rebbecca,Italy,R278TJ,4307,1,-10.9,61876.3,76.0,1236.4,29072,2006-03-09,economy
21:38:33,00:03:33,ZOW11151,AI664,63377899,UH-05833-GI-408,6755.76,Enid,Crystal Lake,True,2024-12-15,Gulfstream/Rockwell (Aero) Commander,411330WO,Sammy,Guinea-Bissau,B424VP,4024,0,-12.3,62254.4,28.0,1219.7,29135,2002-10-13,economy
00:37:37,03:35:37,GMU10699,AI607,66846462,JW-60563-LH-167,3459.91,Maple Grove,Winter Park,True,2024-08-31,Douglas DC-3,551289PG,Stephen,Macedonia,S442ZL,6243,0,6.6,64126.5,34.0,1282.4,53703,2001-12-13,economy
17:22:33,17:35:33,UOV26832,AI317,64295643,NI-34578-IQ-299,7106.5,Encinitas,Edina,True,2024-12-06,Douglas DC-8-72,030080DK,Tonie,Hong Kong SAR China,X871UA,4720,0,-8.2,63396.1,65.0,1081.6,27523,2001-08-01,economy
19:34:40,19:55:40,TRP13134,AI023,66648647,GD-52376-QV-388,484.66,Palm Bay,Hampton,True,2024-08-05,Tecnam P2008,852751AM,Katharyn,Cape Verde,Y525RA,1124,5,2.3,16505.9,73.0,802.4,11258,2001-11-14,economy
06:08:40,07:47:40,UZH88463,AI298,68168576,DR-73294-ZH-279,6378.83,Ankeny,Bloomington,True,2024-09-11,LET 410,529282PF,Rubin,Libya,D943WP,5097,1,9.2,67663.1,73.0,1076.7,38239,2001-06-26,economy
15:57:29,17:41:29,PVC50825,AI068,60073446,TP-79551-PD-868,2754.23,Janesville,New Haven,False,2024-09-29,Cessna 162,,Jerica,Zimbabwe,Z318YN,3116,1,-9.2,52632.2,40.0,924.3,29310,2007-12-26,economy
05:05:38,07:29:38,SRR57888,AI255,64376621,HD-89162-IQ-945,1046.72,Huntley,Parker,False,2024-10-24,Douglas DC-9-30,,Emelina,Seychelles,Q463AV,5657,0,-0.9,64075.1,49.0,1337.0,45407,2008-11-02,economy
15:29:32,16:34:32,LOP04264,AI035,64675680,SS-08701-LP-123,3643.91,Pico Rivera,Quincy,False,2025-03-03,Douglas DC-8-50,,Seymour,Ceuta & Melilla,B856IZ,4054,0,-8.1,67868.0,82.0,1294.4,26557,2004-12-30,economy
03:31:40,06:19:40,AOS01104,AI753,64649008,WW-08224-XF-282,1560.73,Pocatello,Salinas,False,2024-10-23,Douglas DC-10-30,,Marhta,St. Vincent & Grenadines,Z008FB,1582,1,5.8,27916.3,82.0,829.5,10170,1998-08-26,economy
09:36:27,11:36:27,UKT51928,AI186,64726799,MQ-76948-BS-209,1431.31,Los Banos,West Palm Beach,False,2024-12-07,Tupolev Tu-134,,Dale,Romania,O923OU,589,2,-6.9,7495.1,21.0,505.0,6732,2002-01-06,economy
14:31:38,14:41:38,SQK38445,AI101,61920104,SY-73089-TH-073,7688.45,Shreveport,Sachse,True,2024-06-12,Embraer Legacy 600,849769KX,Cira,Equatorial Guinea,F768BC,1695,0,2.4,28626.6,63.0,800.7,15766,2010-01-20,economy
21:00:42,21:15:42,ETK81424,AI114,69494454,RK-62333-FL-614,5063.68,Odessa,Mukilteo,False,2024-08-09,Boeing 737-900,,Nicky,Chile,F938RP,1424,8,0.2,12559.1,70.0,845.1,13830,2009-02-05,economy
04:33:39,05:50:39,KVZ44908,AI084,67700356,IE-65325-IW-618,4589.91,Nixa,Edmond,True,2024-12-19,Avro RJ85,451427RR,Evita,Jamaica,F154EW,2111,1,-2.4,18969.1,52.0,916.3,17937,2000-06-08,economy
18:30:42,19:13:42,CAN88988,AI397,62845892,UF-43601-NU-624,6524.28,Middletown,San Bruno,False,2024-09-05,Cessna 172,,Geoffrey,Turkmenistan,J892LF,2023,0,-6.5,18952.8,107.0,901.0,19441,2010-03-16,economy
02:13:40,04:49:40,QRU71547,AI060,66797778,VK-42858-CQ-316,7636.61,Malden,Biddeford,False,2025-01-16,Boeing 737 MAX 8,,Luis,Guinea-Bissau,L143HR,3443,1,-13.5,61021.1,45.0,911.7,26442,2006-02-18,economy
05:34:24,05:55:24,KUX50692,AI591,61344525,AM-93417-MV-042,6189.66,Altoona,Plant City,True,2024-09-01,Airbus A300B4,316504LE,Serina,South Georgia & South Sandwich Islands,A980DN,2279,1,-0.2,18092.7,34.0,910.8,16213,2005-09-22,economy
11:48:34,13:49:34,NYN25341,AI589,66586122,DK-52726-HH-397,3475.15,Opelousas,Palm Desert,True,2024-09-23,Airbus A330-200,806405WW,Antonio,French Polynesia,V349QI,1340,7,-11.6,15337.9,68.0,847.6,10920,2007-06-24,economy
11:22:30,13:57:30,XVY11206,AI279,60091370,TX-75107-DF-782,6851.06,Tukwila,Riverton,True,2024-10-04,Ilyushin IL114,608875IW,Deshawn,Poland,Z225DT,684,4,-6.5,7204.0,107.0,696.4,6817,2005-03-06,economy
02:45:32,05:33:32,ADP42161,AI917,66868160,FW-71642-UY-442,964.06,Mount Clemens,Danbury,False,2024-11-27,Piper PA-44 Seminole,,Tyron,Belgium,L806SG,1211,3,-5.2,17438.6,49.0,832.9,12154,2004-12-17,economy
05:29:32,07:36:32,KOJ79422,AI323,68871631,LU-39259-AT-749,6807.83,La Habra,Murrieta,False,2024-10-28,Cessna 210 Centurion,,Inell,Moldova,W345WY,3004,0,-12.3,55060.0,114.0,936.8,28486,2010-03-27,economy
12:26:30,12:47:30,DHC18471,AI147,67453699,OJ-57848-AP-796,2278.04,Lynnwood,Galveston,True,2024-10-02,Tupolev Tu-144,407398PU,Patrina,Gabon,F932VQ,5337,0,1.2,56244.1,15.0,1117.2,44951,2005-04-06,economy
16:28:25,19:19:25,IIM97683,AI614,61238386,LJ-42133-HJ-338,3838.79,Clinton,Moline,False,2025-01-13,Saab 2000,,Leon,Mauritius,S842DE,895,4,3.0,7387.8,63.0,511.2,5577,2004-07-03,economy
03:26:32,05:29:32,GRN39660,AI231,69304047,WZ-23804-NG-312,7280.49,Oregon City,Rockledge,False,2024-10-17,Airbus A330-200,,Perry,South Sudan,E402BQ,3375,0,-13.1,62193.6,54.0,924.8,26524,2009-09-03,economy
21:49:34,00:33:34,ASA83479,AI776,67909356,CN-65129-WS-388,3510.85,Westmont,Pasadena,False,2024-08-02,BAe 146-100,,Cristie,Curaçao,S274TL,2241,0,-11.6,18361.8,35.0,923.0,16906,1998-01-08,economy
03:03:30,05:42:30,TBS09108,AI812,63839741,UQ-27267-SX-700,2319.57,Augusta,Cartersville,False,2024-05-15,Diamond DA42,,Monte,Burundi,T066TA,2697,1,-14.6,24754.3,38.0,903.8,19905,2010-02-06,economy
00:35:32,02:45:32,LRL65488,AI857,60712677,TF-44375-KZ-294,7284.06,Friendswood,Lawton,True,2025-03-05,Boeing 737 MAX 9,705863AH,Salley,Benin,K687TB,1679,1,7.1,23904.7,28.0,835.9,15434,2000-08-05,economy
01:41:34,03:28:34,LZC47755,AI637,62093487,WT-18413-HJ-435,2709.68,American Fork,Biddeford,False,2025-02-20,Airbus A220-300,,Kristeen,São Tomé & Príncipe,L092AY,3039,1,-7.7,52276.8,83.0,967.9,25958,2000-07-06,economy
03:34:34,04:05:34,HDC83812,AI412,68598750,FN-04008-GX-312,5912.9,Alabaster,Lockport,True,2025-02-03,Embraer 170,545194LC,Danille,Lithuania,K180RW,4067,1,0.8,67523.5,104.0,1011.6,29045,2002-01-21,economy
14:17:36,14:58:36,JMC56388,AI413,64013640,HD-70212-AJ-560,1270.91,Reno,Kenmore,True,2025-02-09,Saab 2000,537135NF,Joaquin,Vietnam,B208EY,1445,8,-11.8,13523.3,25.0,814.2,15593,2004-09-08,economy
01:13:28,03:52:28,CSN12535,AI807,69861782,HY-94379-XB-569,2988.39,Hannibal,Kingston,False,2024-10-23,Canadair Regional Jet 1000,,Patrick,Tokelau,N984HG,6212,0,-9.7,64393.0,45.0,1614.0,53494,2001-10-15,economy
06:44:38,09:29:38,CKL62372,AI563,67758060,NL-44598-YM-366,5440.06,Kenosha,Glendale Heights,True,2025-02-28,Piaggio P.180 Avanti,164250QJ,Viki,United Kingdom,F891ZX,6160,0,-10.4,63971.8,78.0,1579.9,57964,2000-01-25,economy
02:13:39,03:05:39,RUI30265,AI999,66788486,TG-84936-JE-538,7563.2,Zion,Ontario,False,2024-07-07,Douglas DC-10-10,,Barry,Cambodia,I621MW,773,6,-9.8,7338.7,65.0,618.6,6222,2008-02-13,economy
22:10:40,00:36:40,VLV43529,AI575,68902487,RU-97723-BY-021,3124.44,Odessa,St. Matthews,True,2024-12-28,Airbus A340-500,132338RG,Temika,Diego Garcia,T494YP,3211,1,9.2,56793.4,62.0,984.8,25819,2004-12-23,economy
03:10:37,05:50:37,JQI28846,AI990,69439223,LI-73976-RF-284,4806.26,Evergreen Park,Brownsville,False,2024-10-28,Cessna Citation CJ4,,Margarito,Palau,F112RS,2130,1,-11.0,18484.1,72.0,948.1,15865,2008-02-03,economy
10:48:36,12:33:36,RIU51035,AI780,67902497,AN-68240-VR-194,484.13,Lakewood,Hinesville,True,2024-09-04,Airbus A320,273083KQ,Victor,Malawi,A832WM,3247,0,-0.2,48720.0,94.0,986.2,26599,2007-04-09,economy
06:37:31,09:27:31,AVJ58118,AI754,62665042,CJ-75520-JE-937,7046.34,Lenexa,La Mesa,True,2024-08-27,De Havilland Canada DHC-4 Caribou,303169RA,Dee,Switzerland,E560CI,2100,0,-14.0,18410.2,33.0,910.6,19463,1998-03-15,economy
11:16:40,11:44:40,AIQ60985,AI648,68568275,ZY-83607-RD-451,3218.95,Chesterfield,Dyersburg,True,2024-06-09,Fairchild Dornier Do.228,291971ID,Derrick,New Zealand,S150ZQ,3540,1,7.6,60011.9,43.0,944.3,26934,2006-06-02,economy
17:52:40,20:49:40,HSX76004,AI083,67517318,WP-67313-MT-741,5923.86,Avon,Ventura,False,2024-12-27,Convair Convair CV-600,,Manie,San Marino,T975JC,2749,1,-1.3,23941.9,77.0,913.5,27496,2000-01-20,economy
05:59:34,08:45:34,FET49657,AI273,62578571,RX-38653-DI-584,4070.63,Moorpark,Chesapeake,True,2024-07-24,Boeing 737-500,350753ZH,Rickey,Canary Islands,K447QB,1436,5,-1.2,12605.6,92.0,815.5,13754,2006-07-23,economy
08:25:39,09:46:39,YIH07597,AI136,68231234,GS-56892-LR-830,3242.94,Pullman,Ferguson,False,2025-02-05,Yakovlev Yak-42,,Johnny,Diego Garcia,N460JG,3569,1,6.9,55089.9,38.0,974.4,25883,2010-07-03,economy
17:07:30,17:58:30,PKQ83728,AI799,67927071,UR-84872-ZA-073,4005.99,Converse,Boston,False,2024-05-22,Piper PA-44 Seminole,,Branden,Hong Kong SAR China,U807HI,1138,2,-9.4,17638.3,27.0,808.5,12155,2002-08-23,economy
10:02:28,10:31:28,AUV85831,AI161,61641341,YQ-11949-MI-428,6156.38,Salina,Mineral Wells,True,2024-10-26,Boeing 737-900,549891PU,Vaughn,Réunion,W208QE,5820,1,-0.6,66895.3,81.0,1353.6,47181,2007-09-10,economy
08:41:39,11:18:39,MGY18897,AI563,65432508,OQ-05875-FY-233,6625.61,Greenfield,Tifton,False,2024-06-19,Boeing 747-400,,Alan,Estonia,X310IV,3861,1,-5.4,68232.4,92.0,908.4,28784,2010-02-06,economy
03:46:31,05:55:31,UTK99775,AI366,65429426,GO-62927-FM-172,7125.23,Colonial Heights,St. Marys,True,2024-05-26,Gulfstream/Rockwell (Aero) Turbo Commander,159357TW,Laverne,Bhutan,G360WG,4399,1,-5.3,58333.5,115.0,1048.9,26398,2004-12-23,economy
12:23:25,13:24:25,OSS44973,AI709,65898310,AQ-39627-ON-298,7927.87,Sedalia,Denver,False,2024-10-15,Cessna CitationJet,,Aron,Cameroon,N607EB,5636,0,-6.0,59118.2,31.0,1222.3,43555,2009-05-21,economy
00:22:39,00:41:39,IWZ79954,AI978,63547752,GI-75789-XZ-176,5560.61,West Springfield,Lewisville,True,2024-09-18,Concorde,520967EX,Macie,Guernsey,Z370DU,2772,0,-10.2,23201.1,100.0,932.6,26212,2008-09-13,economy
08:25:41,10:25:41,ZCR16307,AI141,67293398,PB-53725-AN-287,6625.89,McAlester,Phenix City,True,2024-07-21,Douglas DC-9-10,295083AU,Kraig,Serbia,I164ZS,1260,2,2.3,16291.2,82.0,819.2,17101,2000-09-11,economy
02:04:33,04:20:33,UDX94785,AI159,63690521,BA-63204-ML-679,7070.09,Greeley,Eau Claire,True,2024-07-28,Piper PA-46,170615HV,Clarita,Åland Islands,W255UF,2866,1,-11.3,22968.0,25.0,927.6,23770,2000-02-09,economy
22:04:28,22:24:28,PRI51370,AI597,66281194,FM-04379-FF-802,3106.13,Monrovia,Beverly Hills,True,2025-02-14,Avro RJ70,012869ZS,Gordon,Togo,O351GO,5014,0,-5.1,60920.7,18.0,1173.0,43238,1999-07-06,economy
00:27:27,02:58:27,AHV73314,AI590,67556689,DJ-78560-CE-784,7316.11,Spokane Valley,Lewiston,False,2024-10-12,Cessna 177 Cardinal RG,,Jeromy,Vatican City,F403ES,5514,0,7.7,62720.9,109.0,1124.7,43249,2003-07-22,economy
09:39:33,12:08:33,KAY55270,AI565,65683107,II-80405-JJ-452,1689.07,Helena,Maple Heights,True,2024-12-17,McDonnell Douglas MD-83,986472PV,Terry,Bermuda,Q251FF,2699,0,-13.3,24587.7,61.0,912.9,25924,2005-03-08,economy
01:04:39,03:19:39,VDV89996,AI071,69882647,YS-28098-TY-731,1980.25,Rexburg,La Cañada Flintridge,False,2024-11-23,Dassault Falcon 900,,Moises,Germany,U919ON,4277,0,-7.1,67502.6,117.0,1136.9,24350,2004-10-18,economy
04:59:32,06:06:32,VQQ43236,AI888,68782078,EE-81317-JW-955,4322.43,Palmetto Bay,Franklin,False,2024-11-27,McDonnell Douglas MD-83,,Valery,Laos,O253BW,1344,8,6.3,15464.1,85.0,831.4,10753,2009-01-14,economy
16:26:28,16:40:28,YIL65420,AI330,68888661,HU-48690-OA-927,3982.06,Panama City,West Valley City,False,2024-11-08,Antonov AN-72,,Ken,Venezuela,G115DN,3173,1,-13.2,42728.7,84.0,959.5,26772,2010-05-31,economy
16:54:37,18:33:37,LSI32196,AI369,63281548,ZO-49850-TI-412,5228.36,Manitowoc,Sedalia,True,2025-01-11,Airbus A220-300,582260BA,Eura,Lithuania,W564ZE,4089,0,0.5,55423.9,29.0,1372.3,24144,2005-09-11,economy
20:28:24,21:00:24,FWI88674,AI516,64244314,MM-55340-PL-967,3910.97,Galesburg,Dothan,False,2024-05-26,Canadair Regional Jet 200,,Christinia,Pakistan,B998FA,4744,0,-8.6,63488.4,95.0,1368.9,27632,2010-01-29,economy
04:39:31,05:30:31,CUS41265,AI669,68498896,JK-10051-BM-559,1327.57,Campbell,Fort Lee,False,2024-07-21,Cirrus SF50 Vision Jet,,Emeline,Brunei,S596AE,4718,0,6.2,67029.0,54.0,1087.1,30165,2010-04-23,economy
07:19:26,08:46:26,ZGS67430,AI715,65718206,KF-34084-HF-485,3702.2,Tamarac,Carol Stream,True,2024-08-19,Airbus A310-300,784294CH,Crystle,Gabon,G878WJ,4278,0,2.5,62609.9,83.0,1238.0,28716,2009-04-28,economy
16:39:30,17:56:30,TBC92880,AI345,69544511,ZP-23576-WT-840,3771.46,Bakersfield,Providence,True,2024-12-15,Cessna Citation VII,677243CW,Nakisha,Montserrat,B793AC,1162,2,-7.4,13387.1,38.0,846.5,13392,2002-01-14,economy
13:20:35,16:04:35,YDC96911,AI852,67002183,VX-56009-ZX-884,2823.71,West Des Moines,Munster,False,2024-12-09,Fairchild Dornier 328JET,,Mercedez,Greece,U800YN,2104,0,2.7,18278.6,39.0,926.8,16621,2010-06-20,economy
11:56:24,14:41:24,AZB48695,AI318,64453479,QV-30506-GF-321,2642.51,Palatine,Grove City,True,2024-10-12,Dassault Falcon 900,898306DB,Roselee,El Salvador,E752ZW,1845,0,-13.4,19029.8,76.0,803.3,15817,2010-04-24,economy
04:14:29,05:46:29,YKQ05451,AI886,65795093,MT-70811-XA-480,6643.49,Rahway,Shelby,False,2024-11-05,Curtiss C-46 Commando,,Yuki,Jamaica,U964WA,5001,1,-12.5,69717.8,107.0,1316.4,42948,1999-04-21,economy
14:04:39,16:25:39,RJB82605,AI768,64458218,NI-19136-TL-623,3440.21,Central Point,Manchester,False,2024-12-06,Saab SF340A/B,,Rodrick,Barbados,A025JZ,5099,1,2.9,65211.3,106.0,1286.0,41269,2006-06-14,economy
22:10:28,23:12:28,JPE98149,AI665,60966603,SF-85116-AV-044,4903.33,Ardmore,Forest Grove,True,2024-12-27,Avro RJ70,349927PQ,Arlie,Bosnia & Herzegovina,Y270RX,5130,0,-10.5,60991.3,67.0,1261.0,39395,2005-12-09,economy
21:11:30,21:34:30,QDC38472,AI523,69927643,RM-45466-IN-673,4793.79,Columbia,Prior Lake,False,2025-02-08,Shorts SD.330,,Alex,Niue,U454BB,1636,1,-8.5,28619.9,19.0,809.7,14280,2000-08-11,economy
12:07:28,14:09:28,ZDJ43339,AI339,65726331,VZ-67781-IU-468,6351.46,Nashua,Ormond Beach,True,2024-09-26,Cessna 152,015590KO,Kenyetta,Ceuta & Melilla,B189FM,5248,0,-12.4,68645.8,25.0,1387.6,35621,1998-06-16,economy
23:50:33,02:13:33,QBU06960,AI187,64640557,DT-03466-OK-899,4259.16,Loveland,Belleville,False,2024-09-06,Embraer Legacy 500,,Veola,Cambodia,X687JA,6204,0,-7.9,64174.4,98.0,1484.2,58140,2006-01-15,economy
13:54:29,15:20:29,KNF38008,AI254,62880380,OU-60017-HS-374,2768.63,Dover,Northfield,False,2024-11-28,Antonov An-148,,Chanelle,Malaysia,W904AQ,1649,1,-2.1,29401.2,111.0,839.7,12280,1999-03-20,economy
04:45:25,07:08:25,YXM94479,AI579,66782780,QH-61301-JW-484,5218.35,Spokane Valley,LaGrange,False,2025-01-21,De Havilland Canada DHC-2 Turbo-Beaver,,Coleman,Greenland,Y028UR,3148,0,-6.4,40337.6,54.0,956.2,25955,2005-11-08,economy
09:46:37,10:40:37,OJO22367,AI756,67103977,ZZ-59865-UN-828,4078.53,Statesboro,Los Altos,True,2024-09-14,LET 410,944520LY,Lynn,Laos,G022DR,2062,0,-11.0,18313.0,46.0,947.9,16613,2004-04-29,economy
16:57:31,17:56:31,QDK69017,AI966,66996093,SW-40098-EJ-234,6644.97,Watertown,Baytown,True,2024-08-28,Piper PA-44 Seminole,189986XB,Ezekiel,Guernsey,O366CP,5835,1,9.8,66992.0,74.0,1048.4,43850,2009-04-26,economy
07:12:31,08:11:31,PFU80795,AI648,68287893,IH-86989-BR-268,7400.56,Simpsonville,Thousand Oaks,True,2024-12-31,Airbus A330-300,124943TA,Georgeann,Singapore,G781UY,3255,1,9.1,68031.8,34.0,928.0,29656,2003-11-15,economy
01:07:26,04:01:26,FNU12274,AI443,62131345,LU-81727-IG-728,1763.84,Carson City,Lancaster,False,2024-12-24,CASA/IPTN CN-235,,Connie,Oman,E736PN,4097,1,-0.5,63568.6,75.0,1361.9,30586,2008-01-24,economy
10:44:43,12:05:43,QOA39318,AI437,65416495,JN-28077-JK-173,3711.44,West Springfield,Oregon,True,2024-05-17,Shorts SC-7 Skyvan,697238ZI,Daine,Qatar,D594VJ,5646,1,0.2,62340.9,68.0,1305.1,42084,2006-07-12,economy
15:44:34,18:03:34,PJK41563,AI876,69903174,SW-84177-TD-696,4663.34,Port Orange,Malden,True,2024-07-14,Aerospatiale SN.601 Corvette,456351JZ,Clemencia,Mauritania,I549FO,3699,0,-13.2,55991.6,35.0,937.9,26049,2001-06-15,economy
11:21:41,11:40:41,DDM06136,AI140,65090689,FD-00911-OB-776,5512.62,Glenview,Westbrook,False,2024-10-18,Tecnam P2008,,Winter,Sudan,H027IB,4746,1,-8.4,62767.9,117.0,1150.7,27841,2007-12-09,economy
22:42:35,01:26:35,ASC50787,AI704,66666600,NW-66855-JN-330,7269.23,Dover,Dixon,True,2024-10-19,Boeing 777-200ER,621649AA,Kirstie,Djibouti,B872EW,4900,0,-12.2,59190.4,96.0,1050.3,24606,2009-11-14,economy
05:56:36,06:50:36,EMM48981,AI965,65600272,FP-45575-AP-327,2907.14,Chester,Fairfield,False,2024-08-05,Boeing 747-100,,Celesta,Barbados,L096LG,2853,1,-12.1,23156.4,53.0,940.3,23085,2006-11-02,economy
17:10:41,20:07:41,JTF84388,AI004,69805265,KK-88856-YB-929,5868.76,Sebastian,Elmhurst,True,2024-06-21,Gulfstream G280,059596WQ,Venetta,Guernsey,B247PT,2313,1,-5.8,18733.3,120.0,923.5,19835,2005-05-17,economy
12:11:32,14:39:32,EVA92261,AI765,61574692,QR-62271-BB-672,5301.15,Twentynine Palms,Everett,False,2024-08-10,Embraer Praetor 600,,Wesley,Somalia,C465QL,4319,0,-13.0,68691.8,41.0,1087.2,24167,2009-06-20,economy
04:17:35,05:42:35,ALK84483,AI848,68493376,MB-16830-TX-718,7939.67,Willoughby,Simi Valley,False,2024-10-15,Airbus A380-800,,Loris,British Virgin Islands,H521DX,2718,0,4.6,23059.3,74.0,940.6,23266,2003-06-17,economy
13:10:30,15:04:30,QCE73384,AI514,64394282,EJ-69538-ED-369,2968.02,Carrboro,Fountain,True,2024-11-18,Fairchild Dornier 328JET,091716NG,Temeka,Belarus,O952HE,4079,0,-12.3,57830.3,35.0,1017.7,25500,1998-07-07,economy
06:39:27,08:32:27,BXO91852,AI789,62167392,YB-19245-FT-031,3433.82,Goodlettsville,South Euclid,False,2024-12-27,Junkers Ju 52/3M,,Ezekiel,Syria,I851UC,3126,0,-5.2,59655.0,27.0,900.3,25248,2002-06-22,economy
03:18:28,05:58:28,FEM38815,AI633,65649294,LP-76776-LM-098,2000.91,Birmingham,Arnold,False,2024-05-19,Embraer Legacy 450,,Jacinto,Greenland,V228HV,2849,1,-9.8,24134.4,43.0,937.0,21211,1999-03-06,economy
09:56:29,12:00:29,ERS68780,AI084,61360182,RH-81368-YS-329,4485.28,Bismarck,Butte-Silver Bow,False,2025-01-31,Canadair Regional Jet 100,,Justa,Niue,V885ZT,555,5,-11.8,7085.5,67.0,652.5,6838,2009-04-30,economy
23:34:36,01:03:36,XTT81435,AI889,64617947,JQ-98210-VT-943,2148.3,Beaumont,Allentown,False,2024-07-22,Boeing 747SP,,Gerardo,Cameroon,N176KA,5773,1,-5.1,59859.6,30.0,1046.7,47973,2007-03-07,economy
06:02:36,07:44:36,LFP02404,AI329,69344273,BD-87797-OJ-733,2654.71,Scranton,Loma Linda,True,2024-06-17,Saab SF340A/B,931679GU,Mila,Niue,Z246WL,1531,0,6.6,26445.0,74.0,844.9,11765,2010-09-20,economy
11:49:36,14:11:36,HWT59755,AI046,61996274,TD-58155-KJ-520,4741.9,Overland Park,West Lafayette,False,2024-12-04,Canadair Regional Jet 900,,Sina,Dominica,K843RS,2341,0,-6.1,18934.8,55.0,905.4,18242,1999-05-07,economy
10:33:37,12:03:37,YBU54852,AI605,67672953,CI-47455-FF-468,5046.02,Alabaster,Peachtree City,False,2025-01-12,Douglas DC-9-10,,Thao,Uruguay,D586HW,3115,0,-10.4,50472.3,88.0,939.9,28001,2000-04-08,economy
04:54:25,06:12:25,LJQ23636,AI627,62549653,ZN-93177-TQ-601,6297.36,Hallandale Beach,Palisades Park,True,2025-02-13,BAe 146-300,543401TC,Elmer,Denmark,J686DG,743,6,6.9,7197.9,32.0,576.7,6810,2000-10-27,economy
19:48:33,20:49:33,DAZ61483,AI286,68829111,JZ-11422-YK-616,5167.99,Tifton,Oak Forest,False,2025-02-15,Boeing 777-300,,Chaya,Andorra,C079DC,6429,0,-9.9,60295.5,48.0,1245.3,53108,2003-03-23,economy
01:02:29,03:52:29,GTB80187,AI624,65096851,IR-29824-EE-796,2254.35,Kankakee,Weslaco,True,2024-06-07,Cessna Citation II,219292TM,Kurt,Belgium,P840SZ,829,6,4.9,7194.6,44.0,559.5,5578,2005-05-10,economy
04:01:28,06:59:28,RQD93125,AI028,66024698,GG-62157-WD-608,3632.99,New Haven,Junction City,True,2025-03-01,Embraer Praetor 500,070255GH,Myrle,Georgia,J814FI,1244,2,-5.2,15233.5,32.0,816.3,16736,2000-02-27,economy
13:07:38,15:45:38,HSP37021,AI039,69285410,DK-22254-EY-361,7989.31,Grand Prairie,Kansas City,True,2024-10-24,Embraer Praetor 650,119907JD,Courtney,Tuvalu,V261BR,4830,1,-8.9,58003.4,77.0,1053.1,29486,2006-08-12,economy
09:48:31,12:32:31,AOX56311,AI830,62590970,ET-69883-KK-536,4137.69,West Chicago,Escondido,False,2024-09-29,Learjet 60,,Hilde,Philippines,V967TT,1684,1,-13.2,20992.0,36.0,830.3,15651,2006-04-07,economy
07:50:31,09:47:31,ESA98364,AI101,63092739,KQ-77345-NK-153,4046.72,Appleton,Wheaton,False,2024-12-23,Cessna Citation VII,,Deandrea,Diego Garcia,R437DJ,2688,1,-11.8,24228.5,31.0,940.6,27379,2003-01-14,economy
08:09:25,10:47:25,VUM57353,AI464,65998819,VB-66379-OY-144,959.19,Cottage Grove,Colleyville,False,2024-09-24,Douglas DC-9-10,,Gertude,Ecuador,M163RW,1695,0,-1.8,18372.1,36.0,828.0,12611,2004-10-20,economy
12:06:32,13:15:32,HXR02324,AI822,62020514,EF-63994-CM-086,7770.33,Eugene,Fairfield,True,2024-07-31,Douglas DC-6,168564BO,Max,Malaysia,N081LK,1860,0,-8.7,23768.9,104.0,803.9,11116,2003-10-10,economy
13:07:30,15:40:30,JGW91199,AI492,67864368,JF-69659-JA-863,687.37,Burien,Grandville,True,2025-02-12,Dassault Falcon 50,078181TM,Freeman,France,Z823IY,1751,1,-9.5,27179.4,40.0,840.7,11106,2010-01-10,economy
19:40:40,20:02:40,DDI99687,AI143,64188092,AI-23129-MU-940,4209.19,Wheat Ridge,Texas City,False,2025-01-04,Sukhoi Superjet 100-95,,Herschel,Iran,B809WZ,4608,0,-11.4,56929.8,32.0,1096.3,28556,2001-08-25,economy
02:03:27,03:54:27,LQJ54400,AI801,63354402,AV-52958-XM-712,2832.07,South Holland,Northport,False,2025-01-16,Antonov AN-72,,Wava,Colombia,R944HI,1660,1,-5.9,18766.7,96.0,819.0,10732,2000-10-15,economy
11:32:26,14:03:26,IBP95515,AI756,68786436,XY-58416-WC-317,5877.02,Miramar,Logansport,True,2024-06-17,Antonov AN-28,059162IM,Kirby,Swaziland,U707YK,3879,0,8.0,55199.6,17.0,962.5,29166,2002-12-01,economy
04:29:32,07:25:32,MRG91146,AI591,62918541,OB-51145-PJ-442,483.33,Akron,Sulphur,False,2024-09-21,Learjet 35,,Von,Vatican City,Y645QH,5125,1,-11.5,61745.1,98.0,1266.3,43157,2001-12-02,economy
12:08:27,14:02:27,OCO74544,AI175,61908421,MR-33964-YR-135,4037.29,Belle Glade,Shoreline,False,2024-06-01,Pilatus Britten-Norman BN-2A,,Danyel,Namibia,C234IR,4288,1,-14.4,61002.9,27.0,1046.7,29518,2008-11-29,economy
10:04:36,12:44:36,KDP52155,AI048,61489833,AJ-52537-TM-803,5142.74,Santa Monica,Zion,False,2025-02-15,Lockheed L-1049 Super Constellation,,Arnette,Latvia,O128DT,5523,0,4.0,60926.1,106.0,1396.2,44915,1999-05-04,economy
18:07:42,18:21:42,YRG68455,AI170,60561241,WM-09363-TW-732,5168.2,Dayton,Douglas,True,2024-07-09,De Havilland DH.104 Dove,609808NE,Chang,Barbados,E725CK,2986,0,-8.5,23149.2,113.0,940.2,24146,2009-10-06,economy
12:02:33,14:12:33,WDN19976,AI617,64754061,QZ-26502-TZ-398,5128.08,York,Paramount,True,2024-10-26,Tecnam P92 Echo,793657XG,Vannesa,Vanuatu,X223IX,3658,0,-6.4,67958.0,53.0,902.6,29045,2000-07-03,economy
13:00:31,13:39:31,DFX83508,AI619,68779142,EO-94142-JK-156,1683.82,Novi,Sahuarita,True,2024-06-10,Shorts SD.330,409125MN,Crystle,Uruguay,A066BF,5206,1,5.5,68095.5,100.0,1372.7,37464,2008-03-28,economy
21:08:43,22:17:43,ALD64267,AI043,61976003,TF-49848-UA-752,602.25,Columbia,Gretna,True,2025-01-27,British Aerospace ATP,953467FI,Wesley,Panama,C736YY,6363,0,-5.1,68624.4,53.0,1312.5,52454,2008-06-14,economy
10:27:40,11:16:40,QXD97513,AI175,69169281,FT-07565-MZ-646,1214.04,Diamond Bar,Greenfield,True,2024-12-12,Shorts SC-5 Belfast,412576CM,Clifford,Australia,F926JA,4442,1,0.6,56356.7,87.0,1142.2,25179,1998-10-29,economy
12:10:41,14:10:41,KZL55567,AI831,63201303,GE-19326-RU-014,7041.85,Frankfort,Charlotte,True,2024-08-13,Cessna Citation VII,563720BT,Sheilah,Indonesia,O702HN,4417,0,9.3,56232.9,110.0,1257.3,29447,2005-11-19,economy
16:36:25,17:46:25,MFU44120,AI824,63202085,ES-49650-EG-142,1450.61,Salt Lake City,Blaine,False,2024-07-29,Beechcraft Baron,,Fabian,Haiti,E025CX,3309,1,-5.7,64356.1,49.0,910.3,27931,2003-01-31,economy
06:38:24,07:46:24,UTA58303,AI838,66903433,QE-25101-XV-862,471.39,Denver,Dubuque,True,2024-07-08,Boeing 787-10,100707VV,Alphonso,Netherlands,N432IL,4380,1,8.4,65576.0,110.0,1332.1,28453,2006-07-30,economy
09:58:28,11:09:28,ZQA84001,AI695,63836476,XQ-46560-CK-302,6756.35,Grandview,Massapequa Park,False,2024-10-23,British Aerospace Jetstream 31,,Angle,Hong Kong SAR China,M464VO,5666,0,6.4,67781.0,67.0,1055.9,43427,2008-12-21,economy
05:11:34,07:28:34,UPL52002,AI095,66839325,RX-49628-FB-609,528.95,Crystal Lake,Conway,True,2024-09-23,Boeing 737-300,030358RP,Joesph,Libya,Z819RA,771,5,8.6,7256.4,19.0,713.3,5144,2007-03-03,economy
01:35:38,04:03:38,AOA71928,AI306,66979712,HK-50006-VC-099,800.33,Atlanta,Munster,False,2024-06-03,Saab 2000,,Lester,Réunion,B328NG,1448,4,-6.8,13765.4,72.0,811.1,12318,2006-02-15,economy
12:11:27,14:32:27,XFQ08193,AI635,65986617,RC-85772-EU-397,3943.54,Pittsfield,Marion,False,2024-11-11,Embraer EMB 120 Brasilia,,Wilburn,Niger,J896WC,1006,6,-13.9,12471.8,113.0,822.9,14766,2007-08-07,economy
17:42:37,19:39:37,OJI19847,AI998,69481479,TY-83355-YU-299,4576.43,Layton,Asheville,False,2024-09-17,Boeing 747-300,,Stefany,Caribbean Netherlands,O929HF,5220,1,5.6,58911.8,36.0,1039.6,43145,2004-08-14,economy
16:23:34,17:08:34,BQD27618,AI324,62582196,MM-05139-GG-612,486.54,San Rafael,Palisades Park,True,2024-11-25,Tupolev Tu-204,806763IA,Bradly,New Caledonia,G775AT,4741,1,8.2,68996.1,114.0,1094.6,27510,2004-11-09,economy
11:56:34,13:13:34,DUF67533,AI521,67874306,JH-34780-CL-480,5707.87,Wildwood,Asbury Park,True,2024-10-03,Airbus A321neo,864908SE,Jerlene,Pitcairn Islands,P560AN,1324,6,-8.8,14687.5,27.0,838.9,13146,2004-02-12,economy
00:06:43,02:21:43,ULW47258,AI973,65793590,SB-93821-XM-014,3969.75,Ozark,DeKalb,False,2024-11-04,De Havilland Canada DHC-8-100 Dash 8,,Yasmine,Spain,Q822GY,2258,0,-7.2,19524.1,44.0,914.4,16570,1998-04-05,economy
16:36:25,18:39:25,OQO15580,AI069,69247463,VY-49838-PX-786,4510.33,Tulare,Boca Raton,True,2025-01-26,De Havilland Canada DHC-2 Beaver,352381OP,Clarence,Caribbean Netherlands,Q611NN,2253,0,0.9,18425.2,66.0,928.1,18839,2007-01-10,economy
02:29:25,03:54:25,JJE36849,AI306,60793135,AE-29370-EC-457,4812.23,Manchester,Palos Hills,False,2024-09-23,Ilyushin IL86,,Xavier,Georgia,L675EL,2069,0,-12.3,18669.6,98.0,930.2,16462,2005-09-02,economy
04:35:25,05:52:25,PLC83667,AI977,67846911,WM-57934-VP-507,1585.87,Kingman,Oregon,True,2024-10-12,Boeing 747SR,048148GW,Jolyn,Canary Islands,S639LU,1273,7,3.6,15731.3,65.0,818.4,16662,2002-07-08,economy
07:56:36,09:47:36,UGT24764,AI833,61480479,RT-54844-EP-226,5982.99,Reynoldsburg,Muskogee,False,2024-12-29,McDonnell Douglas MD-88,,Mardell,Paraguay,Y556CS,587,3,-12.4,7019.7,32.0,633.7,5744,2002-02-06,economy
10:11:25,12:36:25,UMZ36297,AI821,68174942,AF-25423-IB-672,4731.58,San Pablo,Farragut,True,2024-11-02,Tecnam P2010,412424IO,Gale,Sudan,W621BY,5200,0,-9.3,63569.7,79.0,1244.8,36501,2004-03-02,economy
21:26:41,22:40:41,QLA79698,AI312,63763312,TV-58207-GK-308,6555.41,Amsterdam,West Sacramento,True,2025-02-20,Shorts SD.330,713873FU,Sanora,Somalia,X410VR,5987,1,-13.5,58020.3,96.0,1099.9,43547,2002-06-20,economy
04:04:25,06:19:25,UFD99243,AI027,66080070,YO-01656-LC-307,4140.26,Corcoran,Attleboro,False,2025-01-18,Boeing 747-400M,,Elane,Togo,H541PG,2650,0,3.7,23071.8,80.0,929.4,25216,2009-07-11,economy
06:56:26,07:06:26,FEN02324,AI496,69018890,OH-87821-YG-762,1002.62,Castle Rock,Ceres,False,2024-11-03,Tecnam P2008,,Darwin,Solomon Islands,S841NH,5716,1,-10.1,64167.4,41.0,1249.5,46038,2000-07-25,economy
08:58:39,11:52:39,SMQ32110,AI115,68610104,YV-25338-DI-199,7322.92,Smyrna,Fargo,True,2024-06-10,Bombardier BD-700 Global 5000,644840XS,Katherin,Chile,V598AJ,5645,0,-12.0,67071.0,113.0,1102.8,42175,2006-02-28,economy
13:49:30,15:29:30,ASL17859,AI239,65535519,SR-04747-WO-083,4248.49,Martinsburg,Logan,False,2025-03-02,Douglas DC-9-10,,Micki,Botswana,X314BN,5469,0,-8.2,60866.9,82.0,1280.2,43549,2003-07-29,economy
22:55:41,23:06:41,MDX46997,AI703,62430025,RX-36652-WQ-895,7447.62,San Benito,East Cleveland,False,2025-01-02,Tecnam P2010,,Amina,Wallis & Futuna,E570JF,2396,0,-7.0,18059.6,105.0,934.2,17715,1999-11-24,economy
15:28:40,17:24:40,TOC54546,AI471,60912561,AH-76089-AI-515,4858.27,Moreno Valley,Paradise,False,2024-09-11,Diamond DA42,,Dino,Malta,P944OI,5364,1,6.7,63543.4,104.0,1360.0,43286,2002-04-02,economy
03:54:24,04:34:24,IYA27634,AI055,69838609,PW-00586-DR-071,7112.84,Beckley,Hobart,False,2025-01-11,Boeing 747-200M,,Stacey,Switzerland,Z122TG,3590,1,-13.0,68285.5,21.0,946.2,26861,2010-03-05,economy
16:18:30,18:57:30,WBQ78658,AI076,66975197,GZ-69264-GL-682,473.06,Sachse,Windsor,True,2024-12-22,Boeing 737-700,158832IW,Walter,French Polynesia,W786PJ,4412,1,-14.6,62760.3,94.0,1167.2,24341,1998-05-26,economy
01:01:29,03:55:29,EMF97462,AI576,65209859,OX-47585-YZ-968,6197.7,Kirkwood,Garden Grove,False,2024-09-24,Cessna Citation III,,Carola,Slovenia,U565VH,4493,1,-1.4,67775.5,82.0,1224.0,27414,2004-03-10,economy
17:43:26,20:39:26,WSM46362,AI697,65132184,NC-66869-QW-758,7811.25,Derby,Manhattan,False,2024-11-28,Boeing 747SP,,Seymour,Madagascar,U234EY,1898,0,-8.1,18020.6,44.0,835.6,10756,2005-12-23,economy
12:12:35,14:58:35,DTS45717,AI493,64151994,IS-71584-RU-235,1449.82,Pembroke Pines,Akron,False,2024-12-15,Boeing 737-400,,Kati,Belgium,S060CF,2866,1,-12.2,23443.4,95.0,934.1,22148,1999-08-09,economy
12:07:26,14:56:26,LLI38283,AI468,69025010,GS-00371-NP-155,3211.49,Vestavia Hills,Fort Smith,True,2025-01-14,Gulfstream IV,470591AC,Trudi,Suriname,O233VX,5512,0,2.0,68035.5,43.0,1339.0,45161,2010-03-28,economy
13:04:34,14:14:34,JVH21737,AI512,68422778,DQ-42270-IM-728,6558.28,Dubuque,Palmdale,False,2024-05-14,Boeing 737-700,,Edmund,French Guiana,A205SW,4470,1,-8.9,60143.4,31.0,1390.3,26464,2005-11-04,economy
08:33:32,09:52:32,REG09920,AI384,63403307,AD-63909-GH-330,5782.42,Haverhill,Everett,True,2024-09-16,Gulfstream V,784285PB,Ceola,Martinique,J630UJ,1201,8,-10.4,14960.7,32.0,800.1,14543,2001-03-14,economy
03:44:29,06:37:29,DTU24264,AI745,64576839,LG-69414-OJ-019,4726.74,Huntington,Ennis,True,2025-01-21,McDonnell Douglas MD-82,213227HW,Bennett,St. Martin,W946SI,4646,1,4.8,55746.3,87.0,1078.9,28901,2005-11-06,economy
13:11:28,13:26:28,RFD94509,AI091,68668796,XJ-07937-CZ-007,4742.93,Spring Valley,Kent,False,2024-05-16,Airbus A321,,Michelina,Wallis & Futuna,E108PD,4151,0,9.3,59228.1,78.0,1164.0,27899,1998-11-29,economy
20:43:31,23:19:31,MFM12185,AI506,61831393,LI-37344-HG-415,4238.18,Dixon,Central Falls,False,2024-11-21,Boeing 747-300M,,Deadra,Taiwan,T233VZ,1876,0,0.3,16262.5,83.0,800.7,14978,1998-06-22,economy
06:45:40,07:31:40,UIO86343,AI687,62556785,VH-59624-WH-150,4710.67,Amarillo,Odessa,True,2025-03-01,"\"Airbus A330-700 \"\"Beluga XL\"\"\"",317032BT,Tony,Anguilla,W799DG,1667,1,-7.7,17472.7,78.0,847.6,17572,2005-06-06,economy
16:25:27,19:05:27,VJU11671,AI472,67082050,UF-49330-GW-326,4534.3,Federal Way,Haverhill,True,2025-02-14,Boeing 757-300,701257HS,Heath,Taiwan,H058II,1221,7,-7.2,15006.6,30.0,805.0,12661,1998-12-20,economy
07:25:32,07:37:32,EDI28786,AI287,61211903,AK-14364-YW-387,7230.02,Aberdeen,Hot Springs,False,2024-12-04,Canadair Regional Jet 100,,Leonard,United Kingdom,P982PT,1060,6,-8.2,16795.1,31.0,832.0,14401,2006-04-01,economy
01:54:33,04:22:33,MRY36241,AI741,66080512,GL-49676-SC-810,7276.99,Coeur d'Alene,Lake Zurich,False,2024-07-07,Cessna Citation Mustang,,Rodolfo,Romania,R883DX,998,5,-6.4,7179.4,54.0,589.6,7255,2001-08-11,economy
13:06:25,15:41:25,NLY16649,AI551,65372354,TF-50436-KY-818,3628.96,Eastlake,Paradise,True,2024-05-22,Embraer RJ135,699477FS,Carson,Vietnam,K129SD,5861,1,-12.9,65403.5,61.0,1077.1,40255,2006-02-16,economy
05:23:28,06:41:28,VQS66699,AI208,62057556,FO-03156-UN-798,1358.03,Coppell,Edmond,False,2024-11-14,Aquila A 210,,Quentin,Germany,Y392RN,2170,0,-8.6,19183.7,21.0,928.7,19274,2004-02-15,economy
23:54:36,02:21:36,OQO68775,AI038,65138164,LD-52595-WE-804,3305.35,Kissimmee,Racine,False,2024-09-28,Tecnam P92 SeaSky,,Yanira,Hungary,D735HP,3938,0,-12.1,62663.4,68.0,997.3,28069,2006-10-01,economy
10:06:43,11:08:43,IOK66504,AI512,65910286,NC-04301-AA-903,3027.98,Pico Rivera,Newberg,False,2025-01-27,Boeing 747-400,,Hyman,Israel,A248DO,5648,1,-9.8,64818.9,40.0,1336.0,45010,2010-03-11,economy
04:41:29,05:12:29,NHP90656,AI269,68926203,LD-18452-MF-211,2888.01,Ormond Beach,Moses Lake,True,2024-05-26,Boeing 747-200F,545866HZ,Isiah,Canada,L642BI,2877,0,2.2,24028.6,88.0,906.9,19526,2005-08-08,economy
15:28:25,18:05:25,JAO02125,AI587,61121821,IJ-15724-FY-536,1893.53,Scarsdale,Homestead,False,2024-10-18,Pipistrel Virus,,Russel,Bulgaria,F829GT,4939,1,-12.4,64501.1,35.0,1362.2,29200,1998-02-18,economy
09:40:43,11:02:43,CBL58362,AI109,67342315,NH-56656-TR-234,7574.66,Pekin,Buffalo Grove,False,2025-01-07,British Aerospace Jetstream 41,,Rebecka,San Marino,X056RN,5928,0,-6.1,61052.4,38.0,1105.6,46084,1998-01-03,economy
22:38:42,00:50:42,LBY06498,AI386,61534346,HR-55141-HZ-559,3981.67,De Land,St. Petersburg,True,2024-08-14,Ilyushin IL96,525615XK,Laure,St. Helena,V900ZI,6235,1,-1.9,66983.3,33.0,1505.3,51578,2003-10-17,economy
18:48:24,20:47:24,SJO70116,AI491,64099597,QX-55175-TM-900,3426.67,Oregon,Des Plaines,False,2024-12-31,Airbus A330-300,,Matthew,United Arab Emirates,U137SH,3347,1,-7.9,66603.9,104.0,932.5,27815,2003-01-30,economy
11:53:31,13:41:31,AVV14559,AI080,67687733,YA-59814-ZG-694,5762.8,Grand Island,Lynwood,True,2024-09-22,Fokker F28 Fellowship,479479UR,Reiko,Madagascar,L786LO,2576,0,-12.5,23035.4,39.0,900.1,22835,2005-06-30,economy
03:59:31,05:15:31,DSE37777,AI920,62931337,ZL-44858-HC-420,7266.89,Oro Valley,Cleveland,True,2024-11-05,De Havilland Canada DHC-7 Dash 7,666227PC,Leonard,South Sudan,T988KZ,5051,0,-9.2,68753.1,89.0,1136.2,37182,2010-02-03,economy
09:05:29,09:41:29,NED51769,AI684,69070845,JO-17390-DL-679,5032.57,Nashville,Cleveland Heights,True,2024-09-21,Boeing 747-300,140712MU,Amos,Vatican City,I843NQ,3523,0,-8.3,66922.3,100.0,937.4,25191,2007-12-08,economy
14:39:36,16:24:36,MQN65088,AI135,65801154,IJ-14781-AA-781,6854.8,Sylvania,Council Bluffs,False,2024-08-10,Douglas DC-6,,Fredricka,Isle of Man,I817SD,6405,1,-12.3,59434.5,57.0,1410.1,58756,2009-11-09,economy
07:39:34,07:56:34,KNU12049,AI659,63945035,RC-46576-YX-641,6076.84,Riverbank,Tallahassee,True,2025-02-07,Airbus A330-800neo,759524RM,Janae,Bolivia,P492MF,4357,1,-13.2,58236.8,19.0,1201.2,27823,1998-08-27,economy
05:18:32,07:49:32,CTO07582,AI530,60933124,RB-51316-FX-966,2174.22,Ormond Beach,Southgate,False,2024-10-16,Cessna Citation I,,Diego,Portugal,F051PM,4214,1,-8.4,60811.8,55.0,1370.6,28111,2006-11-28,economy
04:14:29,06:34:29,KJY49527,AI961,69496288,TY-83675-TI-388,4418.01,Hazelwood,Gladstone,True,2024-07-23,De Havilland Canada DHC-5 Buffalo,564715WD,Delmer,French Southern Territories,Z902VO,3016,0,-11.8,58340.7,63.0,979.8,25286,1999-02-02,economy
11:39:31,13:57:31,FCV65423,AI037,64097690,OG-52508-AI-417,6061.46,Dumont,Gresham,True,2024-10-02,Antonov AN-30,726694SA,Tifany,Colombia,Q603WZ,2480,1,-14.4,18473.4,48.0,936.6,17954,2003-11-07,economy
04:22:29,06:38:29,ZMX78695,AI986,65054264,LH-89842-NX-147,7192.05,Sammamish,Brook Park,False,2024-05-21,Airbus A310-300,,Chet,Turks & Caicos Islands,N075TT,3090,1,2.2,47126.0,120.0,909.1,28863,2006-01-01,economy
19:37:26,21:19:26,XNA29213,AI327,63241372,IW-62735-ZB-737,4225.36,Carrollton,San Diego,False,2024-12-28,Ilyushin IL114,,Jessi,Papua New Guinea,M435UV,3072,1,-13.8,57930.2,48.0,963.4,28757,2010-06-18,economy
09:27:25,12:03:25,ICE33823,AI564,68774359,PR-45546-JR-964,6994.73,New York,Diamond Bar,True,2024-11-10,Saab SF340A/B,467266KN,Rene,Tunisia,V752NX,4730,1,-9.8,67052.6,70.0,1254.9,26338,2008-01-18,economy
09:45:34,10:51:34,ZCN59858,AI486,60541564,JV-92027-NG-506,2184.62,Agoura Hills,Cupertino,True,2024-07-23,Pipistrel Sinus,488704BY,Aleisha,Mauritania,D684RT,4336,0,-5.1,58610.2,28.0,1276.3,29638,2010-02-05,economy
02:27:40,04:49:40,PPK33859,AI074,66531602,BO-51426-NE-164,7047.94,Biddeford,Carlsbad,True,2024-07-28,Bombardier 415,906470LM,Dwayne,Niger,P189ST,2603,1,-12.7,23829.8,103.0,902.3,19427,2009-05-04,economy
14:48:42,17:22:42,IER34611,AI371,64755681,GT-51277-KL-903,2526.14,Dubuque,St. Louis Park,False,2024-08-07,Boeing 747-300M,,Kelvin,Australia,T998JU,6380,0,-8.3,65315.2,18.0,1306.7,50859,1999-01-07,economy
05:00:40,05:23:40,AYL67323,AI255,65903842,EY-81809-ER-860,4751.29,Kinston,Hazleton,True,2024-08-26,Yakovlev Yak-42,234226XH,Dudley,Timor-Leste,C769VJ,6134,0,-12.6,69387.6,106.0,1559.1,55067,1998-03-16,economy
08:59:39,10:23:39,OIW17781,AI863,63336693,YN-73597-RM-056,1751.88,Spring Hill,Chicago Heights,True,2024-12-03,Convair CV-240,486606WQ,Maximina,São Tomé & Príncipe,K514EJ,3417,0,-9.8,56240.6,58.0,973.4,27986,2004-09-04,economy
21:27:36,23:31:36,NOT49797,AI804,65906068,JZ-94282-YS-318,5952.13,Palm Desert,Kirksville,False,2024-09-19,Cessna Citation I,,Ellyn,Swaziland,Q097EM,3945,1,-10.1,65481.0,23.0,968.9,28695,2007-11-02,economy
07:28:29,08:11:29,WXE31429,AI360,69767848,GW-75074-ON-641,1553.96,Palmetto Bay,Mobile,True,2024-06-21,Airbus A220-300,917031GV,Cordell,Paraguay,J151MF,4627,0,3.0,55053.6,15.0,1094.7,28358,2006-08-12,economy
04:09:37,06:46:37,NST17664,AI622,60718859,UD-67974-XP-746,1495.72,Boulder,Burbank,False,2024-12-01,Antonov AN-124 Ruslan,,Jeni,Djibouti,D501SS,1710,1,-5.8,25704.9,119.0,849.7,11319,2004-10-01,economy
11:17:30,12:42:30,NBA94349,AI919,64946609,DV-29223-EV-593,6014.26,Coachella,Aventura,False,2024-09-30,Shorts SC-5 Belfast,,Birgit,Jordan,J008CS,4143,0,-5.9,59546.6,24.0,1395.5,30230,2010-05-01,economy
04:09:42,06:18:42,VRF19914,AI715,63890986,QR-31133-ZQ-208,2566.49,Hannibal,Edmond,True,2024-05-19,Convair CV-580,497979HR,Katheleen,Sweden,T374GL,5845,1,-13.8,69441.7,60.0,1317.6,42809,2003-06-26,economy
02:20:26,04:09:26,RAH03325,AI518,64624449,UP-23594-XH-973,1268.15,Minot,Bend,False,2024-11-18,Antonov AN-24,,Arlie,Sierra Leone,I322AE,3419,0,4.0,61778.2,87.0,901.4,29851,2007-12-11,economy
01:03:30,01:38:30,FTL72025,AI361,61185275,VM-62049-GZ-081,2228.12,Beloit,Bellaire,True,2024-12-28,Embraer 190,174715AN,Debbi,Guyana,R143SU,3224,1,-10.5,54387.5,25.0,901.3,27944,2010-02-21,economy
18:53:33,19:24:33,LSK87437,AI497,68990944,JP-03736-NH-360,1120.29,West Des Moines,Lincoln,False,2025-02-09,Lockheed L-188 Electra,,Gustavo,Ecuador,I396QF,2893,1,-10.6,22763.2,60.0,919.1,25358,2002-03-26,economy
01:57:30,02:51:30,LQB22551,AI688,60436135,HY-30680-AO-233,4828.74,Euless,Prattville,False,2024-12-31,Airbus A350-900,,Towanda,Bulgaria,S248KO,3608,0,-10.0,62389.7,55.0,991.1,26475,1999-01-19,economy
02:35:39,02:56:39,GBF18677,AI327,64014474,FK-09878-CI-101,7932.78,Bremerton,South Gate,False,2024-09-07,Airbus A300C4,,Wonda,Uganda,G853ZH,4434,1,-7.0,58119.4,94.0,1199.9,27654,2000-03-24,economy
14:52:33,16:04:33,KHI57416,AI019,61237880,YH-70122-YZ-181,3010.91,Daytona Beach,Tulsa,False,2025-02-08,Bombardier BD-700 Global 5000,,Dudley,Bermuda,W552GZ,612,8,-5.1,7319.2,104.0,585.5,6952,1999-09-30,economy
10:32:33,11:07:33,GXC87609,AI802,69455081,NE-98006-FK-755,7637.95,Menomonee Falls,Thornton,False,2024-09-29,Airbus A330-900neo,,Faviola,Mali,Q532AN,3218,1,-10.5,52512.3,119.0,931.7,27600,2006-05-14,economy
22:29:37,00:45:37,KAV69719,AI314,68396963,YA-79137-XV-305,1014.09,Statesboro,Muscatine,False,2024-09-15,De Havilland DH.114 Heron,,Oneida,Senegal,J749KA,4759,0,8.6,55265.0,48.0,1108.7,27950,2009-05-16,economy
22:10:41,22:41:41,UFZ41821,AI706,67532007,BK-13396-ZP-878,4911.79,Lindenwold,Melrose,True,2024-08-20,Boeing 787-8,542003NE,Rebbeca,Maldives,H213JQ,6399,1,7.3,64812.8,83.0,1681.2,56389,2006-10-05,economy
21:04:40,22:00:40,ZGI91526,AI125,67937702,PB-29808-UN-487,6541.6,El Dorado,Leander,True,2024-11-06,Boeing 737-600,690569BN,Nakisha,Central African Republic,N068JU,2409,0,-12.9,18749.0,104.0,946.0,17006,2007-03-21,economy
00:28:38,00:44:38,RSB93457,AI350,67057092,BN-68880-VE-129,1636.75,Statesville,Arcadia,True,2024-07-31,Airbus A319neo,209270GM,Claude,Antarctica,P538GN,5023,1,-5.4,66861.4,16.0,1089.7,41887,2010-04-21,economy
02:00:32,04:36:32,HFP32257,AI864,65949022,CW-80692-IY-752,6972.0,Grandview,Lauderdale Lakes,True,2025-01-18,McDonnell Douglas MD-11,952195PP,Marica,Estonia,B677TL,3657,0,-13.7,60071.7,90.0,972.3,27235,1998-05-05,economy
20:20:42,23:03:42,VTS29803,AI030,68375080,SJ-74299-EY-550,4878.34,Moscow,Haltom City,True,2024-10-26,LET 410,380607PG,Brant,Turks & Caicos Islands,U655QU,1438,7,4.8,12538.4,94.0,845.3,16228,2009-03-18,economy
07:25:34,07:52:34,YMT63279,AI700,60137477,YZ-38862-YD-976,7722.81,Ferguson,Mission,False,2025-02-23,Douglas DC-9-30,,Elsy,Bhutan,E223KB,4601,0,-13.4,55088.5,42.0,1238.4,28444,2002-06-20,economy
10:09:31,10:55:31,BQE96882,AI670,62684113,UM-05548-RB-169,5467.16,Vernon Hills,McAlester,True,2024-06-14,Douglas DC-9-50,814286TS,Blythe,St. Pierre & Miquelon,F136YY,3474,0,2.9,58016.4,31.0,938.0,27751,2008-08-16,economy
20:28:38,21:45:38,OTH19326,AI752,63036257,ER-42515-BW-372,7361.45,Savage,La Habra,False,2024-11-30,Embraer Praetor 500,,Kasi,Sudan,C940JF,2660,0,-0.9,23354.5,44.0,931.8,24407,2005-02-19,economy
11:22:32,12:45:32,BZX76573,AI736,67097840,PQ-03266-WY-848,2057.26,Faribault,South Pasadena,False,2025-02-15,Boeing 777-300,,Francene,Uganda,R813AP,4475,1,-13.4,68011.0,26.0,1220.7,28711,1999-07-05,economy
00:10:41,02:23:41,KIP35588,AI501,69358982,CU-05892-NZ-429,7846.6,La Porte,San Fernando,True,2024-07-24,Airbus A340-300,531307DN,Marilou,Christmas Island,R190WP,2852,1,-14.4,24768.7,38.0,944.0,23596,1999-09-28,economy
03:25:43,05:03:43,UJW53750,AI233,67181422,XF-97849-ML-638,4613.24,Lumberton,Newberg,False,2024-11-22,Airbus A380-800,,Sixta,Egypt,X007ED,2412,1,-6.6,19226.0,115.0,903.9,17398,2007-06-26,economy
04:31:38,05:35:38,MMG20699,AI897,63027163,OY-60915-EH-783,7262.45,Fairmont,Mount Pleasant,False,2024-08-02,Embraer EMB 110 Bandeirante,,Herbert,Vanuatu,T660WN,2893,0,-10.7,22815.5,37.0,932.2,27882,2010-01-13,economy
23:42:35,01:00:35,AMB77108,AI157,60955304,DQ-78290-EV-221,4417.72,Mamaroneck,Zion,False,2024-06-02,Honda HA-420,,Gary,Japan,C184VS,3099,0,-0.6,57961.1,40.0,962.0,26065,2003-07-20,economy
09:12:34,10:19:34,ZUI62590,AI216,68773677,WL-83969-FJ-800,1925.28,Galveston,Lakewood,True,2024-05-13,Boeing 717,468581JJ,Bethann,Madagascar,X459JQ,4320,0,-6.4,65052.1,92.0,1255.6,25704,2006-01-09,economy
09:45:24,11:40:24,XBF26233,AI390,67552716,CH-97853-NJ-404,3118.84,Port Hueneme,Dublin,False,2024-07-16,Concorde,,Joi,Tristan da Cunha,S195WK,2900,0,-9.7,22625.4,70.0,914.5,21948,2000-05-29,economy
15:22:42,18:20:42,GUY43653,AI693,66028745,YX-92544-MN-150,2726.65,Birmingham,Gastonia,True,2024-06-26,Boeing 727-100,802979JK,Carolynn,Antarctica,X901OT,3341,0,8.7,69906.9,82.0,965.3,28535,2000-09-17,economy
07:28:31,09:58:31,OHF67859,AI394,65837200,DH-59159-BI-116,2042.61,Madisonville,White Bear Lake,True,2024-07-03,Cessna Citation III,801376RE,Hai,Ghana,L039WY,675,6,9.6,7069.5,49.0,596.0,6511,2000-10-26,economy
04:11:31,06:13:31,RHX64006,AI219,60723756,ES-49815-CI-474,3326.22,Boulder,McHenry,True,2025-01-19,Cessna 152,379826NT,Randa,Gambia,B426NN,6432,1,-10.2,61726.9,110.0,1505.6,59320,2010-08-21,economy
16:38:27,17:25:27,NYW00760,AI866,69271675,GI-68956-UD-783,5760.83,St. Louis,Coconut Creek,False,2025-01-16,Boeing 727-200,,Marcene,Laos,Q586AV,4436,1,-5.4,61810.2,51.0,1210.1,25789,2001-07-14,economy
01:36:40,03:09:40,HOL27343,AI010,66659454,JG-67527-GP-482,7518.48,Lubbock,Gallatin,True,2024-12-04,Douglas DC-3,949885ZF,Galina,Mongolia,O563GX,4021,0,-11.9,65805.5,17.0,1228.6,27648,2006-05-24,economy
02:48:38,03:11:38,IDF31727,AI012,61190301,IH-82270-AZ-028,6007.82,Oxnard,Houma,True,2025-01-19,Gulfstream/Rockwell (Aero) Turbo Commander,697331TZ,Patricia,Samoa,Z419MH,3896,0,-11.4,68392.2,53.0,963.4,27402,2006-05-28,economy
12:35:27,14:39:27,EWL03584,AI085,68254136,PG-11566-BU-585,3867.67,Washington,Bethel Park,True,2024-05-26,Canadair Regional Jet 700,837843PY,Chance,Morocco,S944SL,2070,1,-7.6,18320.1,102.0,909.1,15382,2001-08-13,economy
11:15:41,14:13:41,FTX89444,AI079,64191719,FX-40240-KN-342,2706.24,Fort Worth,Lake in the Hills,True,2025-03-01,Douglas DC-6,167907OG,Jamison,Zambia,V022GL,2053,1,-9.8,19116.3,49.0,905.8,16366,2009-06-07,economy
10:57:24,12:11:24,DQR41270,AI655,62388980,IQ-85899-FR-009,6775.91,Ithaca,South Portland,True,2025-01-11,CASA/IPTN CN-235,417162TV,Cameron,Chad,Q359OH,3350,1,9.1,63642.2,92.0,938.0,28572,2005-03-31,economy
22:24:30,00:13:30,GHN37896,AI832,65784883,CK-55083-QF-590,3124.54,Covina,Spartanburg,False,2024-11-22,Boeing 737-300,,Jenae,Bahrain,F021VK,4194,0,-2.4,61489.1,48.0,1318.0,24063,2008-03-24,economy
16:42:28,18:59:28,JKG95691,AI536,65121914,RV-23689-XC-747,3082.49,Porterville,Paducah,False,2024-06-15,COMAC C919,,Vanna,São Tomé & Príncipe,S741JF,1580,1,-14.2,23054.7,65.0,809.5,14428,2008-06-27,economy
17:41:28,18:51:28,PSI89828,AI880,69523382,AU-45223-HW-931,7454.4,Sioux Falls,Niagara Falls,True,2025-01-18,NAMC YS-11,759410RM,Jamee,Armenia,U975KV,1184,7,-5.1,12894.1,56.0,845.6,14537,2003-12-27,economy
01:59:39,04:38:39,WNU11433,AI731,64244966,LX-44981-IC-722,3295.3,Norman,Pascagoula,True,2024-08-05,Bombardier Global Express,243317EX,Ramon,Malaysia,V444LN,4431,1,1.7,67796.7,70.0,1018.6,29894,2008-07-09,economy
21:18:30,22:25:30,FXG39113,AI025,60693694,DL-73015-MG-128,5437.5,Geneva,Riverton,False,2025-01-09,Cessna 208 Caravan,,Scott,Greece,V397AE,2131,1,-6.4,19758.7,76.0,926.5,15995,2005-05-28,economy
10:49:31,12:34:31,QHK02085,AI916,68524086,EU-89742-IU-193,5229.02,Commerce City,Buffalo,False,2024-05-17,Evektor SportStar,,Ian,Guatemala,V703HH,2335,0,-10.2,18882.3,23.0,946.2,16029,2000-10-23,economy
16:14:43,18:23:43,IMC76745,AI776,60699673,XN-39271-IE-281,1453.78,Fairfield,Kentwood,False,2024-11-13,GippsAero GA8 Airvan,,Tanja,Tunisia,L553ME,5459,0,-9.9,66268.7,119.0,1018.2,43357,2008-12-03,economy
02:23:32,04:39:32,GKW91245,AI620,65822839,FH-79580-WJ-409,6518.53,Corinth,Saco,False,2024-08-22,Tecnam P2006T,,Brett,Martinique,P639RA,5433,0,-5.3,55299.2,112.0,1286.9,36083,2003-01-23,economy
09:42:29,12:15:29,NIY42324,AI555,68270820,CT-29545-BB-997,1295.32,Farmington Hills,Bridgeton,True,2024-10-08,Boeing 747SR Freighter,240023TQ,Emil,Timor-Leste,F350YZ,674,3,-7.6,7163.8,99.0,609.7,6651,2010-11-23,economy
23:45:26,01:58:26,TTY94974,AI555,63325138,YE-41484-QJ-313,5745.5,Charlottesville,Burlington,False,2024-09-14,Airbus A220-100,,Annamae,Madagascar,M371AP,2830,0,-11.1,23404.6,66.0,921.3,26536,1999-03-06,economy
14:40:33,15:09:33,RFV94456,AI286,64289227,GW-36191-LZ-676,3992.31,Sammamish,Pocatello,True,2024-08-12,Douglas DC-8-62,435911FU,Osvaldo,Jordan,A682EF,5384,1,-14.8,62209.2,18.0,1140.7,37848,1998-02-15,economy
08:32:25,10:11:25,SXT23815,AI119,68666243,LA-33883-NI-912,5826.7,Garfield,Winter Springs,False,2025-02-12,Boeing 747SP,,Todd,Fiji,I578EB,5477,0,-6.4,68642.5,108.0,1187.3,36616,2008-01-02,economy
08:19:35,09:49:35,RAH67030,AI866,69022708,UR-42352-IX-069,4654.21,Vineland,Murray,True,2024-07-21,Harbin Yunshuji Y12,658911QT,Roosevelt,Bermuda,R801RX,3227,0,7.7,46464.2,117.0,978.9,27138,2010-02-04,economy
02:44:39,04:37:39,VDZ66780,AI247,62949628,FN-02534-MQ-895,1263.42,Columbus,Lake Charles,True,2024-09-27,Antonov AN-74,442644TU,Danial,Finland,Y054ZL,6182,1,-10.2,59550.9,51.0,1210.7,55570,2010-10-07,economy
13:55:33,15:39:33,LNF22579,AI399,62410218,WB-55591-PD-423,4031.6,Bixby,Chaska,False,2024-07-12,Boeing 737 MAX 10,,Jerome,Macedonia,B207KD,4776,0,-13.6,63874.6,93.0,1084.1,26803,2007-04-08,economy
16:09:25,17:34:25,RFA24215,AI418,68408243,MP-30021-QP-847,695.17,Madison Heights,Carlisle,False,2024-12-21,Dassault Falcon 50,,Mana,Anguilla,G866UO,4314,1,-5.5,64872.6,98.0,1287.0,29072,1999-02-20,economy
18:17:24,20:20:24,GIX56115,AI830,60169414,MJ-36389-LJ-129,5972.72,Pembroke Pines,Passaic,False,2024-07-28,Embraer Legacy 600,,Onie,Svalbard & Jan Mayen,N439IZ,2266,0,-9.5,18541.2,57.0,927.2,19736,2001-05-05,economy
21:15:37,23:27:37,QSV08523,AI318,62534870,MF-65917-QI-477,5538.65,Elk Grove,Raymore,True,2024-07-14,Fairchild Dornier 328JET,123985VC,Regine,Mayotte,R489AZ,2486,0,-11.1,19304.9,27.0,949.5,15873,2002-04-05,economy
22:50:37,23:08:37,QEL45738,AI533,65088268,GC-58311-XW-910,5683.01,Eastlake,Racine,False,2024-10-02,Airbus A321,,Debera,French Southern Territories,B644XB,2321,0,-7.4,18916.3,99.0,932.2,18408,2010-02-18,economy
03:00:33,04:46:33,DXC32539,AI190,69573608,NN-45470-XF-350,7816.84,Bartow,Chickasha,True,2024-05-15,Airbus A330-800neo,180087GZ,Kurt,Qatar,P745MK,2581,0,-11.1,23995.5,56.0,943.9,19933,1999-08-08,economy
01:23:42,02:41:42,ZOJ90609,AI271,67150066,GO-02958-CE-292,7493.83,Calumet City,Asheville,True,2024-08-31,Airbus A330-200,232698NF,Ngan,Cook Islands,X607SD,5666,0,-6.5,59627.3,88.0,1240.6,40006,1999-05-11,economy
23:53:35,02:13:35,RHY07054,AI360,64516567,BG-34470-RS-424,4849.93,Buffalo Grove,Starkville,False,2024-10-26,Fokker 50,,Nicky,Senegal,H641FN,3262,0,-12.2,63438.0,64.0,951.3,28053,2005-05-19,economy
12:23:41,12:55:41,KNB68430,AI578,68161936,QE-77207-NQ-129,977.39,Lompoc,Sarasota,False,2024-12-01,Boeing 747-100,,Darrick,Chile,R145OC,1830,1,-1.1,19306.7,63.0,834.7,12265,2003-05-03,economy
20:41:42,21:30:42,UAN30100,AI358,61816917,BE-15991-AA-176,6616.59,Saratoga,Spokane Valley,False,2024-07-08,Shorts SC-7 Skyvan,,Lavette,Grenada,X164ZX,3228,1,-1.5,47591.7,47.0,945.5,29896,2006-07-11,economy
20:00:24,22:43:24,PZA77090,AI166,60720927,EZ-94707-KD-149,4125.52,East Peoria,Oshkosh,True,2024-08-06,McDonnell Douglas MD-87,192024QM,Santina,Cameroon,C562RI,4413,1,7.8,61288.3,20.0,1228.8,27094,2004-03-29,economy
02:28:33,02:47:33,HRJ78052,AI459,62930435,CD-76482-NP-950,3803.65,Spokane Valley,Staunton,False,2024-08-06,Boeing 787-9,,Rusty,Denmark,B607IJ,2615,1,-1.6,23137.6,90.0,926.6,26030,2007-02-11,economy
02:45:24,03:42:24,YHB01473,AI098,67646735,CX-40804-RC-272,1974.81,Logansport,Kennesaw,True,2024-07-10,Airbus A319neo,472669UP,Markus,Ukraine,V762DP,6172,1,-8.8,55264.0,90.0,1464.5,54201,2002-02-24,economy
04:42:43,06:52:43,JGN81774,AI123,68710812,FS-96384-ZX-606,3363.31,Steubenville,Mission Viejo,False,2024-09-21,Shorts SD.360,,Joesph,Jamaica,V890NK,671,7,-5.1,7117.1,65.0,544.9,5841,2001-06-15,economy
03:22:42,05:33:42,BKS54782,AI743,61780805,PA-60137-TJ-415,7870.96,New Brighton,Deltona,False,2024-09-10,Saab SF340A/B,,Pablo,Belgium,T259PE,2039,1,-8.4,19046.1,113.0,925.9,15012,1998-05-27,economy
03:09:24,04:49:24,CAN78044,AI490,66280224,CU-21290-PY-932,3384.87,Independence,Missouri City,True,2025-01-27,Antonov AN-32,922583WB,Marylynn,Netherlands,F034DN,1995,0,-8.7,29429.2,59.0,809.7,13283,2004-02-03,economy
04:19:36,06:02:36,EVG62085,AI108,60004753,CG-23376-XP-469,4777.58,Lowell,Allen,False,2024-09-03,Convair Convair Convair CV-640,,Freddy,Turkmenistan,W680LJ,3715,1,4.4,68455.6,37.0,947.8,25515,2010-12-23,economy
00:53:32,02:12:32,NDW52747,AI393,61545302,DI-03237-PI-857,5631.57,Ashtabula,Buffalo Grove,False,2024-09-12,Boeing 737-700,,Katlyn,Oman,H944MQ,4154,1,3.1,61826.2,72.0,1380.6,29283,2002-09-07,economy
08:41:36,09:54:36,TKK00793,AI229,62736348,NZ-23997-RU-426,6867.01,Georgetown,Loveland,False,2024-12-06,Cessna Citation X,,Cheree,Cook Islands,Q388ZN,6496,0,-8.4,67993.6,95.0,1687.5,55325,2004-10-10,economy
17:19:29,19:50:29,NIH20607,AI196,66631164,JQ-46060-RI-880,5687.54,Villa Park,Palisades Park,True,2024-08-18,De Havilland Canada DHC-2 Turbo-Beaver,040222WE,Tanna,Netherlands,C528QE,1590,0,7.6,22573.3,87.0,807.4,13481,2009-11-23,economy
00:20:26,01:51:26,HPE77976,AI691,64485287,FW-69108-PA-871,7968.92,Spring Valley,North Lauderdale,False,2024-07-05,Boeing 757-300,,Maida,Swaziland,E593TG,888,6,-9.9,7145.4,56.0,573.3,5188,1998-07-01,economy
08:03:36,08:55:36,KDV58348,AI507,63217627,MP-35458-RJ-377,1531.4,Camas,Chaska,True,2025-02-13,Beechcraft Baron,334910ZS,Rivka,Cape Verde,F572FM,1277,8,1.0,15776.8,42.0,813.3,15499,1999-07-04,economy
22:05:34,00:13:34,NNS85624,AI330,60135271,FI-21290-CB-604,7566.38,Simi Valley,Schererville,False,2024-07-29,Boeing 727-100,,Matt,Gibraltar,Z399UM,4425,0,-8.5,62601.2,34.0,1305.6,24510,2003-01-23,economy
12:08:36,14:09:36,MEC93868,AI492,69283419,SE-28137-YC-423,5645.75,Bethel Park,Novato,False,2024-12-09,TL Ultralight TL-96 Star,,Brendon,Taiwan,R723WW,4297,0,-11.2,64339.6,114.0,1228.2,24895,2006-09-23,economy
00:12:27,01:43:27,CYJ90014,AI798,60098759,OY-83047-KS-668,7125.58,Jefferson City,Banning,False,2024-10-13,Ilyushin IL114,,Danika,St. Pierre & Miquelon,T111LA,5449,0,1.0,55121.4,86.0,1177.1,38588,2008-04-05,economy
23:35:27,01:16:27,EYI19882,AI490,61575297,KY-18591-QM-467,6214.73,Scranton,Painesville,True,2024-11-24,GippsAero GA8 Airvan,578265FS,Lakenya,Germany,U570QA,1489,4,-13.7,16809.8,31.0,820.8,16789,2001-08-21,economy
14:37:41,16:16:41,EQF41406,AI177,61838674,DM-48114-QB-376,820.18,Charlottesville,Jacksonville,False,2024-08-20,De Havilland DH.114 Heron,,Latrisha,New Caledonia,R995LL,5024,1,-10.0,56218.9,56.0,1180.0,42525,2008-05-04,economy
04:17:26,05:28:26,IKP93940,AI562,66930410,YI-68968-SL-793,2271.57,Hobart,Gaithersburg,True,2024-10-30,Cessna Citation VII,416408JA,Elicia,Uzbekistan,V103FF,2812,1,-7.7,22857.3,105.0,928.6,23970,2010-09-26,economy
14:32:35,17:05:35,XTU42219,AI037,68236839,QJ-65644-WY-068,6160.68,Bethel Park,Fair Lawn,False,2024-07-14,Pipistrel Virus,,Marco,Kyrgyzstan,K295ER,2147,1,8.6,18778.6,119.0,907.9,19738,1999-03-01,economy
03:13:40,05:32:40,FHF10999,AI709,60720350,PR-82385-LN-654,3087.31,Corvallis,Slidell,True,2024-09-27,BAe 146-300,645640YX,Benton,American Samoa,P143HL,5179,1,-0.2,65700.5,91.0,1125.4,40506,2001-01-01,economy
12:19:34,15:03:34,ZTE22839,AI921,67104634,VT-78123-DQ-589,7146.89,Prichard,Taylorsville,True,2024-09-19,Shorts SD.330,648649FT,Marivel,Kosovo,E814RD,3643,1,0.4,61925.1,55.0,939.5,26085,2010-07-18,economy
02:43:37,03:52:37,VKM83780,AI507,61786381,WP-45488-NA-986,1903.76,Union City,Lauderdale Lakes,False,2024-07-10,Boeing 777-9,,Thomasine,Samoa,L872WN,5166,0,-12.5,55603.2,109.0,1000.3,39839,2010-10-09,economy
22:30:35,00:56:35,YQT95779,AI435,67387530,HY-77718-BF-403,2292.24,Palisades Park,Friendswood,False,2025-02-11,Airbus A320,,Napoleon,South Georgia & South Sandwich Islands,P990NW,1408,2,-7.5,12990.2,16.0,826.4,15790,2006-07-15,economy
09:08:40,11:35:40,FWV45676,AI061,67147415,HN-32034-XP-398,6766.84,West Allis,Saratoga,False,2024-12-17,Boeing 777-9,,Cletus,Gabon,J804HZ,3748,0,-12.7,68927.9,84.0,995.3,27815,2001-03-07,economy
12:48:33,14:51:33,NWI41343,AI309,69410160,JQ-70922-UK-338,3348.84,Plymouth,Encinitas,True,2024-08-04,Antonov An-148,718291YC,Mathew,Bulgaria,H948RK,4570,1,-10.9,55389.5,70.0,1163.4,24156,2000-05-20,economy
07:08:28,08:47:28,UVV74783,AI216,60747885,RB-24165-AM-698,5000.04,Villa Park,Port Hueneme,False,2025-01-28,Douglas DC-9-20,,Justin,Chile,Q409KK,1419,2,-6.4,15275.0,31.0,800.3,13524,2005-02-08,economy
07:24:25,09:42:25,SYI89938,AI793,68016377,AE-03263-HL-138,2708.24,Wenatchee,Santa Ana,True,2024-11-26,Antonov AN-30,496978XR,Collene,Diego Garcia,E496IC,2530,1,7.2,24187.9,108.0,922.5,25541,1998-01-11,economy
00:24:42,00:39:42,ZHG78763,AI646,60646986,DI-10569-MA-897,1013.37,Miamisburg,Sioux Falls,True,2024-12-16,Evektor SportStar,206563SG,Byron,French Guiana,T667DP,4147,0,-7.9,60084.1,84.0,1040.1,29343,2004-07-17,economy
10:00:38,11:13:38,ZGF76399,AI265,68809473,YZ-39697-BN-836,2800.43,Oregon,Xenia,False,2025-02-13,Gulfstream G280,,Shantae,Falkland Islands,D432RT,849,4,-11.9,7172.2,65.0,663.3,7988,2007-05-30,economy
02:06:34,04:36:34,YAU50501,AI213,61804665,DV-04796-VO-936,7961.72,Harker Heights,Passaic,False,2024-08-18,Boeing 747-200,,Patricia,Curaçao,A956KD,5348,1,-13.9,69177.9,94.0,1151.9,41416,1999-10-03,economy
08:14:40,09:18:40,KGL66014,AI141,69108144,YL-16276-WQ-545,4005.7,Chicago Heights,Yonkers,False,2024-12-06,Lockheed L-182,,Glennis,Macau SAR China,V203UH,1455,7,-10.4,13151.4,114.0,836.3,16050,2004-12-22,economy
11:51:41,14:16:41,DSW08488,AI967,66205759,VB-54241-ON-363,7055.41,La Habra,Camarillo,False,2024-07-06,Boeing 777-200 Freighter,,Isidro,South Korea,V986HG,2817,0,-11.9,23609.4,43.0,933.8,23332,1999-12-17,economy
03:09:38,03:28:38,FCP24927,AI110,66601964,BU-70699-SQ-581,3383.13,Upland,San Dimas,False,2024-10-08,Boeing 747-8F,,Drew,United Arab Emirates,F402SQ,695,6,-2.0,7320.1,78.0,505.0,5207,2008-06-17,economy
11:39:26,13:45:26,NUF75860,AI000,69914170,UK-80483-WY-185,2788.54,Libertyville,Ocean Springs,False,2024-09-09,Boeing 747-100 Freighter,,Malik,Cambodia,O738HT,3745,0,-6.6,63547.9,23.0,947.4,25650,2001-02-27,economy
08:35:39,11:22:39,UIF14709,AI392,68917187,TK-19744-VO-973,4304.04,Staunton,Pearland,False,2024-07-26,Fairchild Dornier 328JET,,Johana,Burundi,D867DA,4894,0,1.9,59850.3,103.0,1130.0,28812,2001-03-23,economy
10:46:27,11:27:27,UIZ03589,AI730,67037605,KU-43196-NH-211,4981.15,San Jacinto,San Bernardino,False,2024-10-24,Embraer 175,,Valrie,Haiti,S068OQ,5227,1,-8.7,66845.8,44.0,1032.4,39617,2005-03-04,economy
17:01:38,17:25:38,LLL27117,AI429,60189723,JA-64177-UN-384,3595.89,Coon Rapids,Carrollton,False,2025-02-11,Boeing 737-800,,Barton,Barbados,V304IK,5517,1,-11.9,69110.0,75.0,1392.3,42621,1999-08-15,economy
12:10:39,14:23:39,MHO70469,AI696,63496471,YI-78339-MX-075,3583.16,Anaheim,Auburn,True,2024-11-25,Sukhoi Superjet 100-95,462823MT,Travis,Algeria,N583TG,3654,0,8.0,56979.0,75.0,930.6,29460,2001-09-04,economy
02:53:30,04:03:30,ZGM13984,AI463,63290890,MK-26593-RI-536,4000.27,Ballwin,Lathrop,True,2024-09-27,Airbus A310-200,367932ZP,Jonah,Nigeria,I468ZG,3316,1,-5.9,68195.9,30.0,958.6,29772,2001-01-21,economy
09:38:38,12:00:38,BMB07020,AI199,62137388,SN-12554-GR-124,7382.43,El Cerrito,Klamath Falls,False,2025-02-05,Pilatus Britten-Norman BN-2A Mk III Trislander,,Manual,Israel,S042LK,1629,1,-12.5,20483.0,34.0,809.2,11242,2004-01-04,economy
22:16:43,00:28:43,YXW78851,AI546,64039904,ZV-83753-KD-147,1993.44,North Lauderdale,Fredericksburg,True,2025-01-20,Boeing 747-8I,930593MI,Dia,Palau,H049JB,914,5,-6.6,7187.6,63.0,608.8,5041,2003-01-13,economy
02:54:33,05:17:33,UMO91083,AI578,61189263,AQ-26740-ZF-589,6486.83,Calabasas,Boca Raton,True,2024-06-05,De Havilland Canada DHC-8-200 Dash 8,056747XO,Classie,Åland Islands,X373VX,594,2,5.8,7318.7,38.0,650.9,5942,2003-06-26,economy
11:52:38,12:19:38,ZWR19699,AI657,66421883,DR-47774-PR-800,4355.81,Newton,Cary,True,2024-08-24,Douglas DC-9-30,331747SF,Myrta,Gabon,D758QT,3939,0,4.4,66266.8,100.0,961.0,25317,2009-09-24,economy
09:56:40,11:55:40,KIN69617,AI108,64469289,ZU-27099-YZ-918,1877.18,Lancaster,La Mesa,False,2024-08-07,De Havilland Canada DHC-8-300 Dash 8,,Mervin,Japan,V273DS,4912,0,-13.9,61247.3,70.0,1004.1,24660,2007-12-29,economy
00:09:39,01:43:39,ERY18216,AI576,65834789,PR-03857-LY-162,3987.84,Bay City,Bangor,True,2024-11-15,Ilyushin IL62,886995YS,Evia,Bolivia,W430XT,563,2,-9.6,7044.0,116.0,647.6,6279,2005-12-24,economy
02:04:39,02:36:39,XCL52777,AI835,67636314,HT-40640-DV-478,1443.67,Huntersville,Dana Point,False,2024-06-09,Gulfstream Aerospace G-159 Gulfstream I,,Natashia,Suriname,N962ZP,3313,0,7.0,58238.4,70.0,901.4,25203,2009-05-25,economy
01:07:25,01:53:25,QQX81003,AI386,67953491,IZ-67755-YD-688,4376.77,Godfrey,Weatherford,False,2025-01-02,Cessna Citation X,,Junior,Malta,K105NP,6343,0,-5.5,55978.1,50.0,1217.6,50327,2003-12-09,economy
03:21:28,05:28:28,KCS90421,AI907,62594033,MK-83569-ZH-039,7861.25,Hopkins,Roswell,False,2024-09-15,Airbus A320,,Dee,Slovakia,F608VA,6149,1,0.4,57983.9,24.0,1596.9,54429,2008-12-07,economy
10:48:24,12:58:24,XZO09610,AI614,65447206,XI-36883-VE-808,4331.58,Oakland Park,Tallahassee,True,2024-07-26,Boeing 757-200,301783NX,Ozell,Nepal,C288HI,3896,1,-1.8,63561.1,89.0,973.3,25517,1998-06-18,economy
13:05:27,14:53:27,QWW26376,AI295,67377067,EX-18447-IS-785,4280.1,Lacey,Rowlett,False,2024-09-29,Embraer RJ145,,Hoyt,Indonesia,L186TE,2858,0,-10.7,22523.8,27.0,948.5,21427,1998-05-08,economy
22:26:39,23:41:39,NGG65252,AI563,69360707,TN-30127-RE-023,5943.24,Calexico,Oklahoma City,True,2024-09-11,Ilyushin IL18,988414VE,Ernest,Brunei,O075RG,4969,0,-8.1,56554.9,67.0,1395.5,25536,2008-08-14,economy
07:53:34,09:39:34,UAS33410,AI736,69469094,AM-09348-NC-021,6397.03,Marshfield,Fall River,False,2024-07-11,Gulfstream/Rockwell (Aero) Turbo Commander,,Lorilee,French Guiana,W922XR,5943,1,-11.9,64739.6,102.0,1294.6,44726,2010-09-09,economy
11:58:33,14:34:33,VXG53865,AI703,60951375,XH-52412-YA-357,1416.41,New Braunfels,Bismarck,False,2025-01-06,Junkers Ju 52/3M,,Sanda,Morocco,L440NQ,3323,1,3.4,56968.0,64.0,928.7,25229,2003-05-31,economy
07:17:37,08:26:37,JUD44115,AI071,65663783,CT-36690-YM-294,5305.83,Baldwin Park,Sheridan,True,2024-07-12,"\"Airbus A330-700 \"\"Beluga XL\"\"\"",336983GR,Antonio,Madagascar,G016JH,6474,0,3.3,67093.4,85.0,1742.9,57655,2009-10-05,economy
07:12:41,09:20:41,BQB36857,AI747,67534873,HQ-94729-IY-714,1262.27,Dalton,Oxnard,True,2024-07-04,Douglas DC-10-10,066139RI,Marcell,St. Kitts & Nevis,E894XA,4700,0,-8.2,64536.0,118.0,1035.7,26480,2006-10-25,economy
15:42:32,17:49:32,TTX45469,AI237,62746002,OE-75107-CN-646,7005.9,Parma,Temple Terrace,True,2024-10-09,De Havilland Canada DHC-8-200 Dash 8,852371EA,Sharda,Malawi,S500CS,4074,1,-0.7,69748.9,38.0,1245.5,28990,1999-11-18,economy
21:34:40,23:25:40,KHA72951,AI227,68570424,IC-70975-DB-848,999.45,Rancho Cucamonga,Marina,False,2024-07-07,Boeing 757F,,Maria,Eritrea,D112KI,5411,0,-13.4,55577.1,113.0,1009.4,42841,2000-09-10,economy
11:16:28,13:06:28,DMY79823,AI935,69369799,EF-61761-XC-756,1774.06,North Port,Shakopee,True,2024-11-01,Cessna 162,128132YU,Chi,Australia,J306NJ,4510,1,-14.4,63134.0,59.0,1193.8,30305,2006-01-10,economy
02:29:29,03:37:29,ZQH72391,AI110,67933624,YB-35184-WZ-481,3586.84,Poughkeepsie,Sidney,True,2024-10-28,British Aerospace Jetstream 31,400553AR,Erich,Cambodia,J645TN,567,4,-8.2,7428.1,112.0,708.6,6266,2010-03-11,economy
22:05:39,00:43:39,ARA06000,AI106,69290335,XR-46719-YE-345,6919.92,Galt,Watertown,False,2024-11-29,Boeing 737-800,,Lashandra,Japan,F698VT,3104,0,-12.3,47027.0,41.0,929.7,29922,1998-01-10,economy
07:14:31,08:13:31,EMU75079,AI854,63056399,NH-85393-RD-318,5264.87,Monterey Park,Rohnert Park,True,2024-09-04,De Havilland Canada DHC-6 Twin Otter,693048DO,Amos,El Salvador,Q792AN,3057,1,4.0,52618.0,40.0,928.6,28854,1999-02-27,economy
17:43:27,17:59:27,SBF94223,AI708,60022228,US-28648-VP-213,529.27,Douglasville,Wayne,True,2024-07-23,Airbus A220-100,598266VI,Todd,Cook Islands,Z271OF,5998,1,-14.3,58266.9,18.0,1383.2,41104,2007-10-07,economy
08:45:28,10:22:28,WQO71197,AI847,67433362,UB-48374-SH-003,1381.39,Holladay,Lake Elsinore,False,2024-05-18,"\"Airbus A300-600ST \"\"Beluga\"\"\"",,Marg,New Caledonia,T073VZ,5261,0,-10.4,56234.6,55.0,1303.7,39292,2006-08-12,economy
10:57:34,11:58:34,RBT91026,AI705,62083240,LH-00151-YU-992,6925.91,Smyrna,Mountain View,True,2025-02-09,De Havilland Canada DHC-6 Twin Otter,263121NL,Hannelore,Timor-Leste,D458VN,2592,1,-2.5,22946.8,62.0,948.1,25518,1999-09-08,economy
01:16:24,03:18:24,QTQ11618,AI817,68117900,MQ-82961-CB-928,5394.49,Carbondale,Tinley Park,False,2025-02-16,British Aerospace ATP,,Lowell,Sudan,S347PS,3089,0,2.4,48637.3,64.0,901.0,28723,2002-01-19,economy
16:42:36,17:01:36,CIU90426,AI287,69774566,LU-67091-XQ-756,1131.06,Hendersonville,Raleigh,False,2024-11-22,Douglas DC-3,,Tobias,Cook Islands,I652EM,6003,0,-7.1,57396.4,86.0,1669.5,52433,2007-09-29,economy
04:59:39,05:54:39,BDJ70271,AI319,61962269,EU-80209-SO-623,7839.6,Brooklyn Center,Brook Park,True,2024-12-05,De Havilland Canada DHC-7 Dash 7,665812BX,Exie,France,Q796YU,3615,1,7.7,63410.8,119.0,901.2,28647,2007-07-01,economy
15:45:39,18:45:39,TWI14698,AI430,63751260,JE-52297-BT-685,6414.19,Simpsonville,Colleyville,True,2025-01-16,Airbus A300C4,223686JL,Anton,Cuba,X306BE,2343,0,8.5,18787.3,87.0,941.4,17878,2000-05-08,economy
20:44:34,21:47:34,SNJ63100,AI927,64542418,CM-52985-DT-525,761.79,Huntington Park,Dubuque,True,2024-07-28,Boeing 727-100,362946ON,Colin,Luxembourg,C467CA,4269,0,-1.7,64726.6,72.0,1321.1,28217,2001-05-29,economy
17:50:41,20:11:41,ZST43912,AI792,65064369,XA-00485-AA-244,7443.47,Casselberry,Ada,True,2024-09-07,Grumman G-73 Turbo Mallard,026893CT,Stormy,Bermuda,N614ST,4034,1,-11.3,58384.8,56.0,1076.2,27638,2004-01-28,economy
18:11:42,19:16:42,EUC71124,AI961,60384694,SH-18135-MW-546,5782.6,Davis,Los Altos,False,2024-11-08,McDonnell Douglas MD-90,,Pamila,Ghana,L203TW,5478,1,-14.9,59010.2,45.0,1205.6,35035,2005-11-14,economy
02:42:26,05:07:26,KVB59863,AI438,68333961,RC-17983-TP-821,7701.63,Beverly Hills,Duncan,True,2024-08-02,Cessna 172 Cutlass RG,813947RZ,Branden,Comoros,N821MG,3970,1,-9.8,68211.5,48.0,991.2,28660,2009-02-04,economy
10:16:41,11:12:41,DVH76137,AI365,68911520,HJ-18348-EJ-058,5957.96,Saginaw,Janesville,True,2025-02-20,"\"Airbus A330-700 \"\"Beluga XL\"\"\"",798827WH,Nenita,India,G014UY,6493,1,3.3,66527.9,111.0,1301.0,51881,2008-11-24,economy
15:02:38,18:01:38,KCN69391,AI656,62347150,OH-70376-WB-742,6938.01,Emporia,Bolingbrook,False,2024-11-17,McDonnell Douglas MD-83,,Codi,Uganda,J171NO,1291,4,4.8,17213.1,120.0,800.8,16557,2003-01-18,economy
10:27:26,11:34:26,CGN69669,AI580,61722535,WQ-83615-ZO-002,460.57,Forest Lake,Louisville,False,2024-11-21,Aerospatiale SN.601 Corvette,,Thomas,Andorra,V169EV,1972,1,-7.3,20809.5,66.0,835.0,14554,1998-03-01,economy
19:45:35,19:57:35,QUK79426,AI885,69496117,OI-68128-FV-281,3609.04,Mason,Caldwell,True,2024-10-14,Airbus A340-200,375947JN,Loreta,Oman,K650JZ,2816,0,-9.1,23639.1,52.0,937.1,27422,2010-02-01,economy
13:29:41,15:53:41,AQH65828,AI814,64220922,TN-25866-FZ-741,5835.28,Leawood,Lombard,False,2025-01-09,Airbus A320neo,,Kalyn,Andorra,T540IJ,2880,1,-10.7,23778.8,33.0,908.3,22117,2004-08-19,economy
04:06:26,06:35:26,AVH04635,AI206,65209020,KK-64912-BZ-641,3972.79,Nashville,Stevens Point,True,2025-02-12,Robin ATL,228703VT,Roosevelt,Czech Republic,M466SW,1279,3,-5.0,12022.0,20.0,806.1,12401,1998-10-22,economy
06:50:40,09:02:40,UBZ55278,AI084,60730472,IX-45185-OS-705,6685.13,Yonkers,South Gate,False,2024-12-07,Learjet C-21A,,Thao,Congo - Brazzaville,Y554OV,2665,1,6.3,24436.6,105.0,901.0,19848,2004-01-03,economy
11:09:35,11:40:35,UAJ79906,AI071,65866279,ZN-28128-SE-263,2849.56,Livonia,Baldwin Park,True,2024-05-25,Airbus A318,525013ZB,Loan,Antarctica,K273JU,1318,8,3.9,13172.2,118.0,803.0,13146,2000-07-17,economy
01:28:33,02:09:33,OEU68328,AI926,60537216,QZ-52788-BB-812,2325.25,Phoenix,Wilson,True,2025-02-10,Airbus A320,124736LN,Johanne,Central African Republic,J212OJ,5291,1,-13.5,63983.9,68.0,1022.3,39097,2000-01-17,economy
14:53:30,16:43:30,YTD39700,AI037,63473799,FA-29420-CK-780,5467.45,Napa,Placentia,True,2024-11-23,Boeing 777-9,270047DB,Francis,Lithuania,K020MD,3634,0,0.3,58092.5,81.0,967.3,28430,2007-01-10,economy
14:13:29,15:27:29,MZV18495,AI381,62835725,RK-39768-PM-914,2417.7,Vincennes,Coalinga,True,2024-10-19,Boeing 747-100,468416LW,Muoi,Mali,I572NX,4848,1,-6.7,55008.1,105.0,1234.6,27419,1998-01-11,economy
06:44:26,08:07:26,WPW03996,AI270,68218002,TT-07434-LD-097,4146.58,Lauderdale Lakes,Cuyahoga Falls,True,2024-06-04,Canadair Regional Jet 200,490360FH,Erick,St. Vincent & Grenadines,Z597IX,6229,0,-14.8,59178.6,49.0,1285.7,52054,2004-01-10,economy
20:50:42,22:49:42,REV04626,AI432,69901547,GG-20073-HL-576,871.9,Oakland Park,Brooklyn Center,True,2024-07-28,Douglas DC-6,810396HT,Nicolas,Ecuador,O045UE,2082,1,-14.4,19528.8,67.0,938.2,18305,2006-04-24,economy
02:51:39,05:20:39,HWM02853,AI677,67552495,BY-12728-ZW-488,1786.22,Winston-Salem,Wichita,False,2024-11-13,Canadair Regional Jet 550,,Lonnie,Nepal,E227MO,1729,0,-9.3,21187.9,35.0,850.0,17196,1998-10-16,economy
20:52:34,22:35:34,XSD16605,AI971,66745592,GF-62591-BJ-780,2937.21,Downers Grove,Placentia,True,2024-08-09,Pilatus PC-12,877222PM,Floria,Belgium,D444EZ,1550,0,-10.3,26354.4,74.0,835.8,17152,2004-06-20,economy
05:57:31,06:11:31,GRS57418,AI732,68826541,TQ-85308-AX-741,2871.15,St. Louis Park,Haverhill,True,2025-03-01,Cessna Citation V,300017SV,Silva,Portugal,D337EW,5094,0,-15.0,61124.7,36.0,1162.3,35555,2009-06-04,economy
01:17:42,02:26:42,AOZ62264,AI103,60871880,LT-17344-MR-551,7103.78,Germantown,Valparaiso,True,2025-01-21,Airbus A340-300,005557BK,Pamula,Palau,P462BZ,1199,6,-9.0,13886.5,32.0,803.8,12578,2005-03-28,economy
06:26:32,08:35:32,AUP51407,AI214,68268743,IN-86959-IG-184,3290.41,Hendersonville,Casselberry,True,2024-12-31,Piper PA-28,706314NV,Burton,Russia,Y047DQ,3240,1,-5.3,57705.3,118.0,969.5,29106,2010-01-19,economy
23:36:32,00:30:32,DCI47821,AI275,67312231,AU-18159-QI-269,6215.53,Stevens Point,Richfield,True,2024-11-30,Yakovlev Yak-40,239099BX,Santos,Christmas Island,A752GS,2633,1,-9.7,24212.0,111.0,910.9,26118,2005-10-30,economy
20:31:30,22:42:30,LMZ44293,AI919,64950832,SM-71619-OZ-972,2093.65,Rapid City,Moline,True,2024-10-19,Ilyushin IL114,244378PM,Werner,Gambia,X512BE,4183,1,-5.3,69240.4,100.0,1117.8,28819,2009-01-26,economy
02:42:26,04:27:26,ATZ75354,AI969,65721181,WA-44305-UY-106,3572.48,Warwick,New Hope,False,2024-07-02,Canadair Regional Jet 900,,Evelin,India,V688NK,598,5,5.8,7074.1,38.0,573.9,5379,2008-03-10,economy
08:21:34,08:55:34,CRB34406,AI051,64776469,GS-17051-PH-607,5659.69,Mooresville,Abilene,True,2025-02-23,Saab SF340A/B,066111YI,Cassondra,Mali,T461QP,6388,1,-12.1,68067.0,108.0,1479.0,51882,2001-06-13,economy
08:15:24,10:28:24,KHI52113,AI195,66917976,NZ-72669-XF-490,4587.36,Dania Beach,Apple Valley,False,2024-05-19,Airbus A340-500,,Kymberly,Slovakia,U436NC,744,2,-8.1,7419.4,18.0,684.9,5019,2007-12-16,economy
04:57:33,07:37:33,GPQ44693,AI012,63807118,OM-38223-EB-391,6389.0,Riviera Beach,Oklahoma City,False,2024-12-09,Boeing 767-200,,Jessenia,Finland,B180NR,1746,0,-5.4,18457.6,29.0,821.3,15955,2004-10-19,economy
17:11:38,17:47:38,LLA45836,AI169,60460704,TW-79786-LW-830,6938.63,Prattville,La Vista,False,2024-08-03,Airbus A340-600,,Sueann,Uzbekistan,Q213JW,1623,1,7.1,19169.8,96.0,817.5,10398,2008-02-16,economy
11:34:37,11:51:37,GPM61351,AI681,66184275,KY-48552-NY-103,5341.04,Belleville,Blaine,True,2024-08-11,Embraer Praetor 650,052098MO,Dreama,Cocos,G709EH,4461,1,9.6,68359.0,96.0,1398.8,30626,2008-09-12,economy
05:47:42,06:51:42,OSQ78937,AI934,60289101,PV-10277-VL-231,6476.29,Cleburne,Lawndale,True,2024-11-04,Douglas DC-9-50,470970NQ,Daniell,Uruguay,P297RC,5942,1,-9.8,58346.2,79.0,1130.8,41865,2004-05-12,economy
19:21:27,21:08:27,HWC14256,AI832,61654933,QT-51294-OY-737,2093.68,Dinuba,Westminster,False,2025-02-05,Airbus A330-300,,Curtis,Tokelau,S488BS,5939,1,-7.1,56169.6,63.0,1072.2,42833,2000-10-05,economy
06:22:25,08:02:25,BME77465,AI197,62130954,KX-15267-OY-883,4172.89,Mayfield Heights,Gainesville,True,2024-12-08,Embraer E190-E2,029381MF,Ethan,Libya,S046ZK,3422,0,0.5,63018.7,114.0,954.9,25162,2000-08-23,economy
20:37:42,22:04:42,IEH83862,AI507,63904956,BM-21765-WB-799,4315.37,Southfield,Green,True,2025-01-05,Piper PA-28,325057OG,Annalee,Sierra Leone,T690CG,6461,0,-9.1,67748.1,108.0,1733.8,51079,2001-08-02,economy
10:48:42,13:16:42,MDY91354,AI733,65420701,BR-22176-SA-837,2465.88,Fort Myers,Harker Heights,True,2024-10-02,Boeing 737-200,973973HR,Marty,Argentina,W703DB,4597,0,-8.0,63284.1,96.0,1158.6,30622,2007-01-15,economy
03:50:25,05:07:25,NPH51130,AI462,68362526,DO-83254-TL-510,6025.83,St. Marys,Sterling Heights,True,2024-09-22,Boeing 787-9,225468WT,Barton,San Marino,J936YV,5946,0,-14.3,55088.7,83.0,1101.6,45078,2000-06-27,economy
01:16:24,04:15:24,XJD51770,AI389,61897483,ZA-28647-XP-751,2356.93,Apopka,Warner Robins,True,2024-12-01,De Havilland Canada DHC-5 Buffalo,215969WM,Stuart,Cocos,O560GL,5353,1,-5.7,66272.1,109.0,1339.1,36001,2002-08-09,economy
06:59:40,07:52:40,UZC59102,AI930,63053274,TV-16583-JA-201,3723.65,Euless,Jonesboro,True,2024-10-17,Tecnam P2008,264352IK,Gilberto,Panama,S443SB,1501,1,-13.5,22552.8,61.0,844.1,17741,2006-09-02,economy
06:32:27,09:18:27,QJN75690,AI308,62740044,KO-70112-SZ-815,6824.13,Mobile,West Covina,False,2025-03-06,Ilyushin IL114,,Weston,Central African Republic,L568SY,4916,1,-6.0,59725.4,105.0,1384.4,26267,2006-01-26,economy
22:44:41,23:21:41,QSA28083,AI062,66882402,LH-56289-LB-788,3224.65,Bremerton,Port Hueneme,True,2024-08-28,Boeing 737 MAX 8,017835RP,Bradford,Greenland,I794HF,3014,1,4.1,59221.0,70.0,912.1,25280,2005-05-08,economy
06:37:31,07:37:31,GHV02991,AI789,65448759,ZK-26056-OI-661,5608.84,Albert Lea,Bellwood,False,2024-05-30,Antonov AN-72,,Raeann,Israel,N100TW,5816,0,-10.3,68082.0,19.0,1388.2,40764,2009-10-17,economy
18:51:29,21:20:29,WGM20574,AI259,61872139,DV-19868-PB-876,7246.38,Galveston,Carrboro,False,2024-06-15,Shorts SC-5 Belfast,,Jacques,Malawi,C575TG,5775,0,-6.1,67331.2,97.0,1218.8,44782,2010-04-07,economy
23:42:43,01:24:43,DVD98669,AI898,63126662,RB-67448-BZ-637,2879.82,Orange,Chaska,False,2025-02-19,McDonnell Douglas MD-90,,Nolan,Christmas Island,F652AE,3014,0,5.1,41193.6,89.0,959.5,26542,2000-06-21,economy
09:52:34,12:15:34,UHO32124,AI643,62034598,QA-35609-TW-604,7753.39,Ypsilanti,South Holland,True,2024-11-08,Pilatus Britten-Norman BN-2A Mk III Trislander,209383QE,Dione,St. Barthélemy,O171GQ,3793,0,4.4,56668.2,57.0,949.4,26153,2001-09-28,economy
09:51:27,12:42:27,NEE80353,AI705,69234393,EN-24301-MK-819,1659.93,Michigan City,West Memphis,False,2024-06-06,Douglas DC-10-30,,Glen,Ukraine,T221YI,2829,0,-13.9,23766.9,115.0,947.6,19913,2004-01-13,economy
13:01:33,13:12:33,STB93612,AI469,67673551,DZ-82145-ZK-330,3396.76,Martinez,Newberg,True,2025-01-11,Dassault Falcon 2000,845388UQ,Nakesha,Western Sahara,B398SJ,719,7,6.4,7190.5,38.0,743.6,5104,2007-04-25,economy
07:10:33,10:07:33,NMQ15985,AI089,63976983,VO-22864-HH-782,2132.65,Mercer Island,Elizabeth City,False,2024-06-13,Embraer EMB 120 Brasilia,,Jarod,Palestinian Territories,P374WQ,3733,1,-11.8,66306.8,26.0,906.2,26567,2001-10-25,economy
08:42:41,09:01:41,WWG95405,AI631,66544897,BT-41707-HR-924,1592.12,Temple City,Elizabeth City,True,2024-11-09,Bombardier BD-700 Global 5000,971574NU,Mitchell,Haiti,F254NI,4135,0,-6.0,55687.2,87.0,1057.4,29935,2000-04-16,economy
08:55:32,09:08:32,BBK39721,AI550,60083280,PN-70334-JP-443,6370.9,University City,Springdale,False,2024-07-16,Team Rocket F1,,Stacee,Bermuda,T830ZK,6275,0,-5.8,68237.9,114.0,1505.4,50848,2009-03-01,economy
23:21:25,01:02:25,ZSL14426,AI216,66017177,QR-45140-ER-708,6557.78,Weston,Apple Valley,True,2025-02-10,De Havilland Canada DHC-8-300 Dash 8,299510YT,Denyse,Gabon,O080HB,4963,0,-5.0,55637.4,45.0,1046.2,30314,2000-06-29,economy
15:29:28,16:07:28,EOE20710,AI048,68749167,RC-54854-JB-858,869.86,Lumberton,Montrose,True,2025-02-17,Boeing 757-300,555888ZT,Trevor,South Africa,V317FU,4271,0,7.1,57306.9,66.0,1391.3,26224,2008-06-16,economy
17:21:39,17:36:39,HMF65999,AI675,66557807,WN-10302-AK-500,6877.61,Oakley,Prattville,True,2024-12-13,Saab SF340A/B,364300BZ,Ivan,Serbia,B103IL,2950,0,-14.1,24372.1,86.0,912.9,24668,2002-05-04,economy
00:25:35,03:15:35,HGV00663,AI985,69903710,LM-28546-RC-297,7310.38,Soledad,Bountiful,True,2025-02-26,Fokker 70,937238TD,Barton,Northern Mariana Islands,P385NZ,3371,0,-13.0,55615.4,59.0,998.0,25263,2006-08-12,economy
11:41:38,13:00:38,UKZ64048,AI296,60651850,SX-12909-OD-298,7102.31,Hollywood,Pleasant Hill,True,2025-03-06,Cessna Citation V,680354KT,Courtney,Senegal,L321NH,5575,0,-8.4,55344.4,87.0,1328.6,45884,2003-09-03,economy
08:05:43,10:19:43,ZFQ98347,AI966,65363992,QN-79647-QR-346,3702.4,Novato,South Gate,True,2024-06-23,Cirrus SF50 Vision Jet,783473FD,Jamie,Timor-Leste,D738OO,4659,1,-6.7,60690.5,49.0,1059.7,26562,2005-06-04,economy
04:19:39,07:17:39,WKH59649,AI183,61104114,JH-11566-CY-439,6856.53,Orange,Bayonne,True,2024-10-04,Airbus A321neo,291930UA,Diego,Liberia,S485NT,2218,1,-13.2,19990.4,99.0,910.6,17722,1998-07-28,economy
04:37:41,05:13:41,ZNB08065,AI033,65738935,GG-19066-OT-446,6230.11,San Mateo,East Point,True,2025-01-26,Boeing 767-400ER,300801QD,Tawny,Australia,L710GK,3297,0,-11.9,61454.2,28.0,969.6,27186,2000-10-16,economy
03:26:33,03:48:33,TOZ83175,AI669,61500432,UI-98232-JP-958,5310.49,Biddeford,Belton,True,2024-10-03,Embraer Legacy 500,152115AD,Margeret,Malaysia,C147AC,1204,8,-5.9,16954.5,22.0,817.4,13421,2005-09-28,economy
14:12:25,14:59:25,MDU68512,AI122,62426229,MJ-23399-WB-232,4020.54,Logan,Waukegan,True,2025-03-06,Pipistrel Virus,245316SI,Ruthe,Gabon,Q218OK,1049,5,-8.0,13717.2,102.0,848.5,10283,2003-03-03,economy
09:35:35,11:48:35,NME89568,AI969,69920386,LO-26764-MK-855,1465.18,Searcy,West New York,True,2024-12-10,Partenavia P.68,299976ND,Steve,Somalia,H143BE,680,4,3.4,7011.7,92.0,588.0,5843,2004-05-06,economy
16:46:27,19:04:27,DZH16631,AI198,64374545,IK-70061-YD-079,6171.25,Independence,Coon Rapids,True,2024-10-03,Saab SF340A/B,243439XE,Rayford,Estonia,Z276ZE,3063,0,-9.1,42105.9,104.0,966.0,28116,2005-05-14,economy
06:44:32,08:16:32,LED08413,AI796,69282540,OD-96122-QU-233,3592.95,Erie,League City,False,2024-06-15,GippsAero GA8 Airvan,,Malik,Latvia,M359NS,2147,0,-6.4,19290.6,93.0,926.8,15412,2000-11-25,economy
02:49:31,03:49:31,OHY47002,AI709,63622855,TJ-03296-JK-339,7369.93,Lexington,San Pablo,True,2024-08-25,Airbus A330-300,479452BM,Tyisha,Bangladesh,J525DI,5712,0,-5.0,61541.1,23.0,1377.8,40403,1999-08-18,economy
03:59:34,06:54:34,XYH59719,AI486,63091869,RH-04330-AJ-859,3094.35,Mountain View,Modesto,True,2024-11-03,Embraer 190,019124GN,Homer,Åland Islands,B115XT,866,5,8.1,7036.4,16.0,743.5,7263,2003-04-26,economy
01:17:35,02:29:35,DYO57309,AI721,62533861,NS-10942-XJ-413,6968.6,Lake Elsinore,Shelby,False,2025-03-06,Boeing 737-800,,Wayne,Djibouti,P049GN,5758,0,-11.5,63329.1,41.0,1119.1,41080,1999-06-21,economy
12:54:30,15:12:30,CGC08264,AI350,61344977,TT-50931-CA-665,3584.21,Benicia,Provo,True,2025-01-22,Boeing 737 MAX 9,293354DF,Xochitl,Colombia,S786BP,6403,1,-0.4,61522.8,51.0,1574.8,53125,2004-07-26,economy
01:46:26,02:04:26,LKM30467,AI779,69760885,FC-84841-SN-439,3428.61,Shelby,South Portland,True,2024-06-13,Convair CV-240,342394IY,Tiny,Bosnia & Herzegovina,V090ON,775,4,-10.9,7283.9,34.0,728.7,6478,2004-11-26,economy
22:21:39,00:32:39,ZUZ62340,AI745,61379600,OZ-03938-BY-976,7465.26,West New York,Willmar,True,2024-12-21,Tecnam P2010,962044VE,Verline,Chile,Z024UO,1909,1,-13.8,26008.6,77.0,836.1,10583,2008-10-26,economy
11:48:27,13:46:27,XMU27331,AI410,69039521,FV-86096-LV-622,6997.19,Bartlesville,Coralville,True,2024-09-01,Tecnam P2012 Traveller,151283YB,Caterina,Thailand,N817CW,2965,0,-11.6,23927.4,15.0,938.0,27543,1999-11-12,economy
06:55:27,08:17:27,HUG51510,AI729,62212082,LC-41966-DC-797,1375.5,Danville,Attleboro,False,2024-05-30,Airbus A320,,Corie,Fiji,P837GK,553,4,-13.2,7107.8,72.0,737.2,5096,2003-12-21,economy
08:21:32,10:37:32,KGG10376,AI739,67570930,EW-10911-ZR-301,5805.38,Overland Park,Sayreville,True,2024-08-05,McDonnell Douglas MD-82,790423EU,Candie,Réunion,Y391KP,3002,1,-10.8,48113.8,60.0,901.4,25553,2007-07-04,economy
10:45:28,12:08:28,EOH94833,AI537,63946081,BH-71468-BW-350,5217.99,Vicksburg,Gadsden,True,2025-02-17,Airbus A318,618995TS,Truman,Falkland Islands,Q219GV,5374,1,-11.9,63288.6,53.0,1358.6,36791,1998-12-22,economy
01:02:31,01:32:31,FJX49060,AI976,60614635,XR-19209-JI-475,2488.63,Salt Lake City,Superior,False,2024-11-01,Embraer E195-E2,,Rebecka,Faroe Islands,U741GM,6375,0,-11.4,63233.3,77.0,1269.8,52502,2010-02-05,economy
10:26:29,12:28:29,QBQ84585,AI568,69848376,YQ-19807-FP-331,3058.55,South Gate,Colorado Springs,True,2024-06-05,Cessna 182 Skylane,480651JO,Gordon,Uruguay,Y588IF,5928,0,6.0,65864.2,77.0,1235.4,45340,2004-05-25,economy
23:34:25,00:50:25,JZN69400,AI024,62426684,IO-36336-CN-575,7382.24,Sherman,San Luis,True,2024-10-25,Boeing 747-200,652618EO,Brett,Macau SAR China,B632YU,5941,1,-11.4,61147.3,69.0,1207.1,44607,2005-09-30,economy
18:41:35,20:25:35,SKP41473,AI468,68960286,YB-45157-MU-078,1868.21,Edgewater,Tarpon Springs,False,2024-06-29,Airbus A319neo,,Abraham,Oman,N895UD,2903,1,-8.7,23274.7,100.0,947.5,23457,2001-05-15,economy
21:16:34,00:16:34,CZD84696,AI375,60353309,EZ-49074-XA-275,2484.75,Hutchinson,Mequon,False,2024-07-01,Piper PA-28,,Shirely,Armenia,H787YG,1753,1,-8.4,20911.8,44.0,838.1,15230,2000-11-26,economy
10:19:39,13:07:39,JGO95011,AI521,64154720,LM-35941-FS-949,1509.74,Brunswick,Yuba City,True,2024-11-01,Embraer RJ135,073633UJ,Jefferson,Venezuela,V794KR,1416,5,-13.2,12800.5,118.0,801.1,17722,2003-07-16,economy
17:43:36,18:15:36,WLI74693,AI857,69570060,XZ-46333-FV-249,1529.09,El Monte,Wauwatosa,False,2025-03-04,Boeing 757-300,,Billy,Chile,D024GT,3367,0,1.1,56599.2,21.0,931.5,25382,2004-06-02,economy
09:13:40,11:32:40,IJN56115,AI803,61088543,TH-61144-SJ-754,2980.17,Culver City,Christiansburg,True,2024-10-09,De Havilland Canada DHC-7 Dash 7,255998KT,Elwanda,Mozambique,F056NC,3215,1,-5.7,41622.7,88.0,997.9,26194,2002-06-09,economy
14:45:26,17:12:26,YHG98169,AI479,69285073,DI-87957-VX-868,7904.65,Palm Bay,Harrison,False,2024-06-26,British Aerospace Jetstream 31,,Dulcie,Nauru,P750QP,910,6,-14.3,7306.4,65.0,579.6,6001,2005-06-01,economy
00:36:36,01:43:36,CLC23728,AI640,61059052,PB-19526-DP-933,3489.14,Faribault,Sycamore,True,2024-06-22,Embraer EMB 110 Bandeirante,032808QU,Oretha,Guyana,N007EE,2461,0,4.2,18579.4,69.0,908.9,18806,2001-04-29,economy
08:41:37,08:55:37,NQB78988,AI258,66471792,UI-25166-EU-360,2910.0,Mission,League City,False,2025-03-08,Airbus A220-300,,Gerard,South Sudan,R169KC,2818,1,-14.3,24448.7,30.0,937.0,21519,1998-01-06,economy
11:44:26,13:52:26,ZKO63698,AI255,60630634,CV-03683-NW-583,6709.07,Lockport,Vincennes,True,2024-11-13,Fairchild Dornier Do.328,442449EK,Kendrick,Tajikistan,M609CG,2153,0,7.2,19273.9,55.0,901.7,15192,2002-04-22,economy
19:40:37,21:35:37,FOS96717,AI226,61247322,NN-60696-RH-383,3132.11,Pottstown,Arnold,True,2024-12-15,Boeing 777-200 Freighter,807509AU,Bill,Panama,U388YI,4123,1,-7.4,63116.1,48.0,1277.7,24444,2006-05-09,economy
08:51:41,10:42:41,DTX74053,AI849,63225846,AF-90100-CN-577,3743.25,Bethel Park,Modesto,False,2024-12-23,Airbus A300-600,,Levi,British Virgin Islands,K381ED,4234,1,2.8,55516.7,51.0,1308.8,24824,1998-06-27,economy
01:48:31,04:31:31,JQA13047,AI554,64498214,YY-18448-IN-848,905.16,Wilsonville,South St. Paul,False,2024-11-24,Avro RJ85,,Jessie,Canada,O967AI,1133,5,0.2,15728.4,33.0,812.6,14822,2000-10-14,economy
11:53:29,12:39:29,BLJ32716,AI407,61403046,GU-13211-BJ-720,2959.47,East Cleveland,Yucca Valley,False,2025-01-29,CASA/IPTN CN-235,,Audrea,Somalia,C782WY,3702,0,-6.4,64097.0,119.0,924.6,26018,2009-09-14,economy
00:47:32,01:44:32,BFY81972,AI691,61483478,CY-79419-YM-264,6682.13,Millbrae,Toledo,False,2024-11-14,Airbus A310-300,,Shemeka,Ghana,M662KI,6305,0,-7.6,63734.9,39.0,1240.2,52404,2005-12-30,economy
08:25:30,09:16:30,VDQ06285,AI171,65823579,AY-21014-JJ-989,3551.14,Faribault,Murrysville,False,2024-09-01,Boeing 720B,,Maire,Cyprus,P028ME,2703,0,-12.0,23652.3,100.0,919.6,19945,2006-04-10,economy
06:20:42,08:46:42,LTC79383,AI624,62071576,PA-44161-PN-088,721.49,Vancouver,East Providence,False,2024-10-24,Boeing 787-8,,Haywood,Faroe Islands,T851DB,1221,3,-1.6,12845.3,117.0,803.1,15286,2000-02-23,economy
12:08:24,13:23:24,RVB39955,AI096,68912805,GQ-81548-OE-013,7089.25,Chanhassen,Juneau,True,2025-02-26,Cessna 210 Centurion,456069TM,Kenny,Guam,C023NE,953,7,8.4,7120.9,27.0,685.3,5051,2006-10-30,economy
19:04:39,19:33:39,ZCB96015,AI819,61965485,PB-92667-EZ-157,1155.67,Beaverton,Waterloo,False,2024-11-03,Antonov An-148,,Deja,Iraq,K475RA,2159,0,0.7,19573.0,66.0,930.6,17478,1999-09-02,economy
15:55:34,17:27:34,TFW01796,AI006,69037754,ZG-49825-CR-907,2054.28,Eagle Pass,DeSoto,True,2024-06-01,Boeing 737 MAX 7,006229UX,Arron,Gabon,I516QM,2293,0,-9.6,19459.7,73.0,926.7,16267,2007-04-06,economy
21:37:27,22:10:27,JAX93384,AI183,64264956,ND-90005-AM-674,3198.31,Chambersburg,West Covina,True,2024-10-13,Ilyushin IL62,112062AO,Bill,Guinea,Z544IP,1727,0,-6.7,27924.0,91.0,816.8,12832,2005-06-27,economy
03:06:40,04:27:40,SFV08419,AI686,63123705,SF-32876-UJ-396,4498.75,Pelham,Point Pleasant,False,2024-11-07,Lockheed L-1011 Tristar,,Felipe,Western Sahara,X476XU,1336,5,5.4,16261.9,119.0,840.3,14716,2005-03-20,economy
02:55:31,05:01:31,VSM98037,AI097,68485397,TR-23118-LH-342,683.25,Cupertino,Shoreline,False,2024-05-17,Airbus A220-100,,Christena,Guinea,H106CK,2456,1,-10.5,18025.3,92.0,908.9,16844,2010-08-12,economy
05:31:31,07:57:31,HPU54007,AI255,64112049,UT-80085-IJ-999,5584.42,Vista,Johns Creek,False,2024-09-04,Boeing 737-700,,Toccara,French Guiana,S899RB,3704,1,2.8,63265.1,18.0,944.1,25784,2007-04-14,economy
07:57:31,09:34:31,VDM87744,AI546,63867136,ZX-34046-ZO-567,868.08,Paragould,Post Falls,True,2025-02-27,Cessna Citation CJ3,324551WE,Bulah,Bhutan,L715TX,1086,3,-1.6,17580.9,74.0,817.0,13879,2004-08-07,economy
03:00:39,03:49:39,GOG11516,AI296,66713367,HN-74979-PR-388,3809.31,Wilmington,Colorado Springs,False,2024-05-14,Airbus A380-800,,Jacquiline,Solomon Islands,L165ZZ,3923,0,6.4,61428.1,40.0,971.5,28595,2002-06-11,economy
06:46:33,09:42:33,ZPZ35603,AI421,65474262,EH-11306-PU-455,7083.01,Altoona,Pittsburg,False,2025-01-04,Douglas DC-10-10,,Maye,New Caledonia,L702YK,2012,0,-13.9,19522.0,102.0,936.5,17474,2002-08-08,economy
19:45:38,22:16:38,EHK12080,AI790,61576820,GK-27107-QW-997,3470.4,Thousand Oaks,Glen Ellyn,True,2024-09-16,De Havilland Canada DHC-2 Turbo-Beaver,374315PU,Versie,Guatemala,X660BW,2518,0,-1.1,24808.9,112.0,927.1,22307,2002-12-07,economy
12:38:41,13:48:41,NZU20101,AI784,66992396,XR-08149-ZD-374,7525.18,Kent,Bethlehem,False,2024-06-06,Aerospatiale SN.601 Corvette,,Piper,Iran,W559IZ,763,3,3.6,7080.2,103.0,691.5,6906,2005-09-03,economy
15:28:31,18:27:31,BJV72313,AI750,61827763,GP-43721-XJ-213,6090.83,Stephenville,Cerritos,True,2024-11-09,Tecnam P2006T,683286YY,Yessenia,Cameroon,W993IU,4804,0,-13.3,56427.4,102.0,1395.1,25006,2000-08-07,economy
16:09:42,17:06:42,YEO59333,AI719,66194145,JH-90027-HP-989,1624.61,Attleboro,Bryan,True,2025-01-01,TL Ultralight TL-96 Star,155692CP,Lewis,Sudan,T598LH,4272,0,-8.4,62412.5,36.0,1234.3,28561,2001-03-03,economy
09:44:42,10:51:42,KUU28095,AI648,66845828,VT-32599-YB-166,4573.65,Fair Lawn,Corvallis,False,2024-06-18,Avro RJ85,,Gus,Canada,L618TR,919,8,-12.1,7067.6,68.0,700.0,7625,2008-02-10,economy
19:01:36,20:25:36,VWG08527,AI947,67854620,ON-08565-ST-165,3979.3,Decatur,Virginia Beach,False,2024-12-21,Boeing 777-200 Freighter,,Esteban,Serbia,A639RH,3385,0,-7.2,61769.3,90.0,933.2,25672,1998-11-20,economy
02:48:30,04:43:30,PYF19212,AI658,63377244,EB-62178-WK-738,5387.82,Fayetteville,Lenexa,False,2025-02-13,British Aerospace Jetstream 41,,Alease,Gibraltar,N455FN,4651,1,8.6,59480.4,39.0,1088.5,29864,2003-04-15,economy
23:31:31,00:24:31,RLG65601,AI906,66719557,PK-86395-SG-540,6987.12,Holly Springs,National City,True,2024-10-17,Embraer RJ135,334867EA,Marvella,Sudan,C857UE,2561,1,-12.9,22772.9,31.0,903.8,20897,2001-02-08,economy
20:45:43,22:50:43,WRL56486,AI838,67007322,OK-18994-ZT-552,4369.18,Woodburn,Winston-Salem,False,2024-11-07,Curtiss C-46 Commando,,Kennith,U.S. Outlying Islands,Q696HR,4222,1,4.0,62552.4,81.0,1211.1,24570,2001-03-07,economy
04:28:37,05:31:37,JBD87631,AI573,60600291,NK-70666-ZJ-976,6488.33,Payson,Corsicana,True,2024-09-27,Boeing 747-400,294996JH,Shirl,Finland,H099XU,3547,1,-8.6,57946.3,100.0,939.4,29955,2001-09-24,economy
15:46:42,17:47:42,OXA99717,AI307,68038486,DT-42419-NX-366,1821.21,Hobart,Maple Grove,False,2024-12-23,Antonov AN-72,,Justin,Macedonia,V449SB,3942,1,-8.6,61357.2,51.0,966.1,26904,2001-09-11,economy
11:33:30,11:51:30,XWI53629,AI521,62567224,YQ-24078-OQ-937,1864.73,Detroit,Jersey City,True,2025-01-31,Antonov AN-124 Ruslan,836042UE,Adam,Ascension Island,J244XW,3266,1,9.2,62381.5,115.0,933.7,29994,2003-08-17,economy
11:37:42,12:53:42,XAL48030,AI666,68250628,XY-62908-CN-163,2673.65,Johnstown,Redmond,False,2024-05-15,De Havilland Canada DHC-5 Buffalo,,Alethea,Russia,K422GP,5787,0,-13.3,67920.7,83.0,1352.2,41431,2005-03-03,economy
07:10:34,07:32:34,ZPM37375,AI296,68716219,XC-58657-JR-779,7234.87,Owasso,Cartersville,True,2024-12-09,Canadair Regional Jet 900,374225TN,Shanelle,Moldova,K406UT,1258,2,-14.7,16576.2,88.0,801.6,16841,2001-06-11,economy
04:45:41,06:00:41,WVY75278,AI682,62867396,HH-61489-HB-805,1672.5,Walker,Appleton,False,2024-07-20,Boeing 777-300,,Noble,Finland,B717EJ,5299,1,-0.7,60607.9,47.0,1133.6,39526,1999-12-31,economy
08:17:26,10:04:26,AXG52326,AI059,62085414,BZ-06953-GV-602,1635.45,North Miami,Fort Lauderdale,True,2024-06-26,Robin ATL,787353RW,Rocco,Faroe Islands,Q746ZY,723,6,-14.0,7351.6,120.0,536.4,5597,2010-12-23,economy
12:19:28,14:53:28,WQP26851,AI470,69219595,EI-48810-WV-695,5714.49,Sayreville,Sycamore,False,2024-10-16,Boeing 737 MAX 7,,Jamaal,Fiji,F289OS,2183,1,-12.5,19430.3,98.0,923.4,16412,2010-07-03,economy
14:00:35,15:18:35,RUG70740,AI512,63979764,YR-49611-FD-608,6448.94,Wyoming,Vista,False,2025-01-24,Avro RJ100,,Lannie,Serbia,S669QB,4869,1,2.7,62733.8,112.0,1093.3,28520,1998-07-17,economy
08:58:25,10:28:25,OGS22629,AI051,65883726,PJ-29010-KY-949,4054.75,Bayonne,Paris,True,2024-07-02,Dassault Falcon 2000,349434IV,Florance,New Zealand,A634WL,3970,1,-1.9,64536.4,81.0,939.0,28766,2008-11-04,economy
21:53:26,00:35:26,KKW51981,AI612,69271158,AL-60426-FK-807,2332.69,Englewood,Lafayette,False,2024-08-29,Convair Convair CV-600,,Dwain,Israel,N024WX,4712,1,-12.4,69586.9,75.0,1010.1,25611,2001-02-28,economy
10:08:39,10:19:39,BDY40770,AI874,68283998,WZ-38887-FK-899,2593.82,Owensboro,Mission,False,2024-11-02,Convair Convair CV-640,,Willena,Mexico,E174VU,6107,1,-13.0,61065.4,42.0,1428.4,57075,2000-01-13,economy
12:26:33,12:57:33,HNJ15413,AI693,61981865,QL-92890-RX-084,3567.96,Muskogee,Terre Haute,True,2024-11-05,De Havilland Canada DHC-6 Twin Otter,489593LX,Levi,United Kingdom,B743RJ,3950,1,-10.1,64893.0,69.0,984.7,26738,2002-10-23,economy
08:33:41,08:57:41,PPW93407,AI400,68052758,LS-70232-WU-242,1910.63,Lansing,Monroeville,False,2025-02-16,Canadair Regional Jet 900,,Tilda,Cameroon,L191PO,6162,0,-7.5,56987.6,37.0,1797.5,50671,2001-06-02,economy
04:18:25,05:19:25,QQY22843,AI739,65481232,YJ-66017-ER-343,5461.05,Jonesboro,Hillsboro,False,2024-07-05,Boeing 727-200,,Pauletta,Bahrain,C887UC,5776,0,-8.9,64407.9,73.0,1221.3,42481,2004-01-24,economy
04:43:33,06:14:33,AYD19621,AI738,64808719,XG-08076-CX-385,677.21,Hastings,Camden,True,2024-06-01,Cessna Citation I,226791KP,Maisha,South Sudan,T289AH,3768,0,1.8,68251.6,23.0,998.2,28175,2010-07-28,economy
18:55:29,20:58:29,XWX83377,AI248,62102892,OK-05037-SP-126,1956.14,Los Banos,Shoreview,False,2024-07-04,Diamond DA62,,Marget,Costa Rica,R015BP,785,7,-6.0,7365.3,22.0,607.4,5383,2004-07-21,economy
14:06:40,16:21:40,ZBZ87325,AI622,67341345,EU-02402-VC-777,2843.93,Palisades Park,Woburn,False,2024-09-12,Learjet 36,,Risa,Somalia,Z599HQ,3186,1,0.3,55055.3,77.0,900.8,27504,2008-04-24,economy
07:34:27,08:06:27,QPT76674,AI119,66142863,JR-83924-XA-820,702.06,Aventura,Springboro,True,2024-10-04,Boeing 747-300M,640041WS,Marquis,Moldova,T831IE,4096,0,-9.0,69995.9,18.0,1175.8,24711,2007-12-29,economy
11:38:28,13:45:28,FAC44059,AI052,69654654,YT-69041-DK-275,1329.23,Valparaiso,Barstow,False,2024-09-02,Embraer Lineage 1000,,Dudley,American Samoa,C633MQ,1356,3,-11.5,14853.1,88.0,839.3,13838,1999-06-08,economy
17:16:27,18:04:27,INW67142,AI026,68682466,YY-04454-MX-117,7256.23,Pontiac,Harvey,True,2024-07-30,Antonov AN-140,777013LL,Rupert,Iraq,U729VW,2285,0,-5.4,19089.7,66.0,917.3,15284,2001-10-15,economy
13:25:37,14:51:37,PGT30742,AI616,69115646,FQ-87868-XJ-056,706.3,Enid,Dodge City,False,2025-02-09,Boeing 747-8I,,Bennie,Greece,R277OM,1120,5,6.2,15306.6,31.0,848.1,13686,2005-03-29,economy
10:28:26,11:01:26,PJY09943,AI848,66589753,WT-96229-HQ-353,4543.77,Garfield Heights,Fuquay-Varina,True,2025-02-24,Airbus A340-300,142218UA,Alexander,Samoa,J415DK,1448,5,-10.7,17939.1,23.0,813.4,16448,2010-04-29,economy
14:20:32,14:31:32,ZJI52140,AI933,67621377,JT-39738-YL-174,483.73,Jeffersontown,Hannibal,False,2024-11-25,Boeing 747-100,,Shu,Latvia,R531NV,6279,1,3.2,65376.4,44.0,1658.5,55874,1999-03-30,economy
07:27:34,09:44:34,ASG06640,AI547,60315297,AI-04654-CV-791,3448.81,West Springfield,Manhattan Beach,False,2024-08-13,COMAC C919,,Charles,Canary Islands,X577ZB,5420,1,-7.8,55154.8,119.0,1250.0,40157,1999-02-26,economy
07:16:34,10:15:34,JKC80347,AI872,67229140,SS-61685-JQ-869,667.78,Huntersville,Chicopee,True,2024-10-03,Gulfstream V,291624QT,Cristobal,South Sudan,G646ON,4398,1,-11.4,64402.8,36.0,1292.6,27837,2001-02-20,economy
04:06:42,04:26:42,PXC99250,AI847,67138215,EN-05768-QG-507,3865.31,North Little Rock,San Diego,True,2024-11-19,Shorts SC-5 Belfast,652692YH,Isadora,Libya,U269YY,1272,6,-6.7,15678.5,36.0,846.0,17023,2000-02-20,economy
09:49:41,12:38:41,LJY81199,AI933,61262076,LW-30278-OX-278,3294.17,Bentonville,Carson,True,2024-05-31,COMAC C919,389292XK,Eli,Canary Islands,C670WU,6396,1,-0.2,62342.7,73.0,1306.0,57853,2003-05-22,economy
00:36:25,01:07:25,UOL23247,AI524,60705626,XA-55660-UI-439,1311.64,Lincoln,Waukegan,False,2025-01-31,Douglas DC-3,,Jacques,Christmas Island,F290JQ,571,5,-8.0,7024.6,53.0,719.6,5853,2001-03-16,economy
09:41:38,10:15:38,HNW39814,AI529,63785200,AF-42020-DP-950,3291.41,Riverbank,Odessa,True,2024-06-29,Dassault Falcon 7X,350116WJ,Lady,Hungary,B841LE,3846,0,7.6,62115.1,19.0,979.3,25045,2001-01-04,economy
23:25:37,00:46:37,ETY59000,AI895,65904399,FM-89428-BK-439,4304.22,Santa Rosa,Mandan,True,2024-05-29,Airbus A380-800,129940NU,Romelia,Côte d’Ivoire,U254AU,2023,1,-13.4,19525.5,100.0,934.9,16814,2007-11-17,economy
17:02:26,18:28:26,AOQ53488,AI749,60679988,EW-37970-PY-564,2003.27,Hilton Head Island,Beverly,False,2024-06-05,Sukhoi Superjet 100-95,,Linwood,Barbados,S111DP,5809,1,-8.6,60973.8,87.0,1089.1,41222,2003-08-21,economy
23:42:32,01:29:32,VLS07356,AI123,62546791,WW-69983-IP-055,2754.71,Wichita Falls,Brunswick,True,2024-07-25,Pipistrel Sinus,194199MK,Yolande,North Korea,W169AU,2215,1,1.3,19004.4,78.0,905.1,17692,1999-12-17,economy
08:37:33,09:40:33,HEJ17934,AI164,67229776,VJ-68119-MM-542,2190.97,East Palo Alto,Farmers Branch,True,2024-12-09,Mitsubishi Mu-2,703740IU,Len,New Zealand,T762SZ,6171,1,-6.6,61848.8,94.0,1479.2,55346,2009-02-14,economy
08:58:38,10:17:38,RHA91525,AI511,65419092,ZF-57143-XK-217,2805.79,Temple City,Bridgeport,True,2024-09-30,De Havilland Canada DHC-8-100 Dash 8,865334QF,Louie,French Polynesia,A703LV,4563,0,-12.6,67787.9,63.0,1367.3,24455,2000-09-22,economy
04:26:27,05:59:27,KEP41489,AI848,68001404,RX-05573-UT-787,1627.16,McHenry,Vincennes,True,2024-09-09,Antonov AN-140,950389WR,Jasper,Bosnia & Herzegovina,H095IP,2936,1,-10.3,24562.8,63.0,918.9,27213,2009-01-11,economy
22:32:41,00:56:41,NEN28671,AI837,64087068,QF-88112-RN-046,729.61,Terrell,Mission Viejo,True,2025-01-01,Antonov AN-12,644968FQ,Vern,Guyana,U026XO,3655,0,-5.6,69143.2,28.0,904.4,26661,1998-07-22,economy
11:56:25,13:52:25,RUQ98849,AI785,66486389,NY-99298-FK-661,454.38,Sheboygan,Grand Rapids,False,2025-01-04,Cessna Citation II,,Edgardo,Bhutan,X692TB,6295,1,-6.1,61410.7,23.0,1675.0,53376,2002-06-19,economy
02:51:41,04:54:41,AMW66884,AI233,65373550,KI-80821-QQ-296,622.27,Naples,Odessa,True,2025-01-05,Pilatus PC-6 Turbo Porter,738194VZ,Tomoko,Iceland,Q910WK,5168,1,-6.3,69508.1,93.0,1235.1,42305,2002-04-15,economy
00:28:40,03:00:40,YQY04382,AI094,62011387,EY-19366-SA-852,5163.95,Revere,Greenwood,True,2024-09-20,De Havilland Canada DHC-5 Buffalo,983323EU,Leonard,Vietnam,L712MD,753,6,-12.9,7314.7,17.0,651.8,6175,2006-07-04,economy
14:57:30,15:26:30,FDG18014,AI265,69126429,BL-04728-OJ-657,5989.94,Westmont,Bloomingdale,True,2024-05-26,Boeing 720B,990667YB,Adelle,Sudan,S125UG,4200,0,-12.8,65598.5,45.0,1043.1,25275,2005-12-25,economy
20:57:42,22:49:42,YSB07651,AI994,67289766,XI-75935-PA-305,2380.96,Iowa City,Ocean Springs,True,2024-08-31,Pilatus PC-12,363945HW,Zenobia,Barbados,P392KT,6404,0,-5.1,59048.0,73.0,1495.2,58714,1998-08-04,economy
22:46:25,01:27:25,XGP04343,AI653,61229510,JB-00760-ON-312,3468.4,Centerville,McKinney,True,2024-07-16,Learjet 36,832773SI,Kiera,Taiwan,B577DF,4806,1,3.7,65690.9,20.0,1153.1,28732,2003-09-17,economy
07:03:34,08:14:34,UKA85411,AI266,68918146,HT-79300-XS-191,4838.27,De Land,National City,False,2024-11-26,De Havilland DH.114 Heron,,Samual,Switzerland,G240FB,3528,1,-1.2,63052.6,101.0,972.2,29405,2004-08-22,economy
00:55:43,03:26:43,FOF60139,AI295,63239087,AI-22520-NH-418,7092.54,Ruston,Weirton,False,2025-01-13,Cessna Citation CJ3,,Clifford,Cape Verde,Q824ZB,5002,1,-13.1,55819.4,64.0,1230.8,41480,2006-11-12,economy
08:28:26,10:51:26,EOD19342,AI312,63021271,AE-61483-QQ-876,6770.68,Johnson City,Eureka,True,2024-12-22,Boeing 777-300,218053PW,Yanira,Tristan da Cunha,H765TV,2132,0,-7.5,19479.4,32.0,922.8,16074,2009-09-21,economy
07:00:26,09:15:26,NAS18063,AI808,64079954,CI-83013-SZ-534,5755.28,Benicia,Campbell,False,2024-08-27,Boeing 767-400ER,,Blythe,Palestinian Territories,K771GX,2565,0,4.9,24679.2,37.0,919.2,20200,2002-07-09,economy
15:09:36,16:19:36,JWM22019,AI629,62130706,RV-67522-ZW-632,1351.47,Coppell,Holly Springs,True,2024-12-16,"\"Airbus A300-600ST \"\"Beluga\"\"\"",997579ZN,Tawna,Jamaica,U277XV,1165,2,8.0,13907.5,84.0,809.4,13740,2001-07-19,economy
12:14:33,14:38:33,TNR23351,AI837,60533242,OS-22084-ZS-705,3817.45,Hazel Park,Pleasant Hill,True,2024-09-10,Pilatus Britten-Norman BN-2A,238469OJ,Bradley,Mongolia,I091UM,3287,1,-8.6,68181.9,85.0,985.4,26961,1998-01-12,economy
05:21:38,06:58:38,MLX04120,AI590,68059498,AS-21108-YX-357,6337.67,Union City,Santa Clarita,True,2025-01-15,Cessna Citation I,740220PR,Val,Mayotte,Q876OK,4238,0,3.7,67257.0,37.0,1270.9,28567,2007-03-01,economy
12:27:29,13:08:29,PBL74411,AI505,67660407,WK-03014-GJ-059,6237.94,Corona,Warrensburg,False,2024-11-15,Airbus A318,,Pura,Guam,X072BF,1004,3,-11.9,14557.3,27.0,848.4,13501,2008-12-03,economy
18:44:28,19:39:28,YVI40300,AI044,66511137,MO-43290-CJ-798,7607.71,Maywood,DeSoto,False,2024-09-05,Gulfstream G280,,Margart,Hungary,Y980VV,5142,0,-11.9,62359.7,18.0,1273.6,42406,2006-02-26,economy
09:03:41,09:56:41,OOZ90154,AI755,66858821,LV-91060-YI-107,691.21,Parkersburg,Carson,True,2025-02-13,Fokker 70,309016RV,Terrilyn,Benin,T959EX,2598,1,-0.6,23797.9,105.0,911.5,21477,2010-08-14,economy
08:18:36,09:26:36,QQS28918,AI981,61981563,QZ-14186-LD-324,6861.6,Chula Vista,Santa Fe Springs,False,2024-08-21,Yakovlev Yak-42,,Len,Japan,A293OO,3882,1,-1.0,66415.5,108.0,943.3,25839,1998-09-12,economy
22:15:25,00:48:25,ZRL41869,AI026,60545213,US-03868-DA-888,1482.8,Bolingbrook,San Diego,True,2024-11-17,De Havilland Canada DHC-8-100 Dash 8,554122EE,Donte,Malaysia,L681AB,817,6,10.0,7336.1,85.0,599.4,7379,2004-08-18,economy
11:55:34,13:22:34,ULI38456,AI167,62510265,VK-30794-GI-256,6934.38,Aliso Viejo,Kearney,False,2025-02-21,Cessna 208 Caravan,,Marleen,Croatia,R408WU,5118,0,3.5,62696.1,73.0,1114.2,39046,2002-02-18,economy
06:52:34,09:32:34,MVQ78190,AI445,60410939,OY-19964-JU-082,3031.64,San Bernardino,Blythe,True,2024-10-29,McDonnell Douglas MD-88,505017DI,Jamee,Tanzania,Y222IT,5851,1,-0.0,68123.6,86.0,1266.5,46515,2008-01-09,economy
09:28:35,10:44:35,VKX14104,AI812,60104511,HG-93155-XQ-870,3495.73,Cedar Park,Huntington Park,True,2024-11-07,De Havilland Canada DHC-5 Buffalo,680121HQ,Margarito,Western Sahara,G725KR,4116,0,6.5,61188.4,18.0,1224.1,24157,2004-12-03,economy
06:04:43,08:33:43,NWF45888,AI427,69861168,FB-78963-LZ-796,2692.99,Coppell,Griffin,False,2024-08-09,"\"Airbus A300-600ST \"\"Super Transporter\"\"\"",,Delaine,Philippines,U148OA,5928,1,-13.2,66090.6,96.0,1364.1,45261,2008-12-02,economy
12:07:35,12:43:35,VOJ61697,AI772,69459642,IW-46467-KS-412,6093.89,College Park,New Bedford,False,2024-07-24,Canadair Regional Jet 1000,,Ferdinand,Martinique,V418SY,1992,0,-14.9,26412.4,22.0,809.0,10437,2008-05-04,economy
11:51:25,14:15:25,BCU51104,AI736,60628620,ZI-68975-SO-918,651.47,Simpsonville,Napa,False,2024-07-09,Sukhoi Superjet 100-95,,Antione,New Caledonia,H012OH,1223,6,-7.3,16974.1,110.0,821.4,16572,1999-11-11,economy
00:10:43,02:17:43,XFS25531,AI083,65999419,NY-71722-IS-511,3278.42,Wheat Ridge,Myrtle Beach,True,2024-12-04,Shorts SC-7 Skyvan,429330YW,Eilene,Afghanistan,D234AS,4441,1,-8.2,57702.1,23.0,1292.3,25300,2000-10-19,economy
08:30:28,09:16:28,EDH63174,AI330,64099722,XK-33315-ZV-815,5781.49,Phoenix,New Bedford,True,2025-02-03,Antonov An-148,707393UO,Evita,Brazil,E066QQ,1387,2,-8.4,17486.7,50.0,841.8,15911,1999-02-02,economy
10:59:27,12:47:27,SMF33196,AI047,66189433,JH-05853-NR-617,3866.82,Mill Creek,Corsicana,True,2024-11-23,Boeing 747 LCF Dreamlifter,575449CG,Concha,Burkina Faso,N417JW,5586,1,-11.2,58461.9,64.0,1003.0,43449,1998-02-08,economy
08:00:29,10:36:29,BPQ84270,AI661,63356977,II-21704-LP-302,7171.13,Dania Beach,Laredo,True,2024-09-27,Evektor SportStar,060098FT,Noel,Mexico,X003WG,6487,0,-6.6,55746.4,94.0,1611.8,53067,2003-10-27,economy
01:37:33,03:09:33,RJY94897,AI497,68120016,KB-22004-BE-318,861.06,Del City,Kettering,False,2024-12-26,Partenavia P.68,,Ellan,Central African Republic,S883SN,4023,1,-11.5,56169.0,54.0,1305.0,28450,1998-10-03,economy
14:14:42,15:24:42,SOL70605,AI917,61170204,GO-02160-TQ-692,5318.96,Jamestown,Apopka,True,2024-10-18,Antonov An-148,284810VD,Elvina,Lesotho,O991NY,1886,1,9.2,28514.8,82.0,805.2,16502,1999-01-30,economy
20:42:31,21:50:31,WKZ05041,AI156,64108467,IQ-90103-XI-431,7302.15,Jersey City,Toledo,True,2025-02-06,Convair CV-580,785866NH,Katharina,Bahrain,X520RK,716,2,-13.9,7239.0,40.0,577.1,5720,2004-03-24,economy
10:55:24,11:19:24,RWT16497,AI465,68247687,LL-27367-VJ-320,1504.04,Savannah,Newburgh,False,2024-05-18,British Aerospace Jetstream 32,,Josue,Palau,J552EW,2436,1,-5.2,19553.0,83.0,944.9,16379,2006-08-14,economy
18:37:26,20:44:26,SUA72999,AI710,60755680,IB-71364-WR-610,6327.17,El Dorado,Beavercreek,False,2025-02-28,Fokker 50,,Ernest,France,D856MK,2468,1,-1.4,19071.5,99.0,913.7,16940,1998-06-02,economy
10:23:24,11:27:24,YBV23142,AI330,69374785,XK-63650-ET-479,1374.84,Fort Worth,Homewood,True,2024-08-24,Cessna Citation Excel,213004RC,Lyndon,Chad,I500MF,838,4,9.9,7362.7,41.0,634.1,5749,1999-05-31,economy
20:32:26,21:50:26,HDH60428,AI410,63805761,GH-68465-TG-168,4049.97,Maple Grove,Maricopa,True,2025-01-01,Ilyushin IL18,234294YZ,Florencio,American Samoa,R914KJ,2550,1,6.9,24737.8,78.0,912.0,22394,1999-10-24,economy
22:56:29,23:19:29,AIM80026,AI962,67407999,FD-49080-YY-467,5556.7,Bartlesville,Lake Charles,True,2024-12-25,Airbus A330-800neo,062276CY,Krystin,Malawi,Z081HY,1981,0,1.7,24521.2,114.0,825.6,11201,2000-07-05,economy
23:35:42,00:57:42,PZT54133,AI341,66067440,NZ-17820-YD-492,1621.26,Willmar,Munster,True,2024-11-10,McDonnell Douglas MD-11F,964039PF,Melodi,Syria,P973OT,3652,1,-9.8,59458.0,80.0,925.5,28070,2005-04-02,economy
11:53:38,14:31:38,AMH51104,AI778,64215324,EP-14413-AG-613,2273.66,Grandview,Marysville,False,2024-07-28,Gulfstream G650,,Yulanda,Tanzania,V930RJ,1221,4,7.7,14197.2,42.0,829.8,15143,1998-04-23,economy
17:28:42,17:58:42,NUB25663,AI970,67310735,KU-52197-FP-174,3115.2,Fort Lee,Pocatello,True,2024-06-30,Piper PA-44 Seminole,942019EA,Erline,Iceland,N719UD,1578,0,-7.5,24369.8,37.0,808.6,14533,2004-12-01,economy
11:59:32,12:22:32,MOZ79350,AI334,61480629,WK-43725-IS-868,7337.09,Weston,Rialto,True,2024-10-26,British Aerospace ATP,479137AJ,Theresia,French Polynesia,I912JG,2682,1,2.5,23039.7,107.0,907.7,22203,2007-05-24,economy
05:40:42,06:38:42,OQJ98264,AI302,69828608,QX-13196-BV-221,2208.36,Monterey,Norton Shores,True,2024-10-28,De Havilland Canada DHC-5 Buffalo,251780EY,Lavenia,Antarctica,X334SG,1915,1,7.4,21764.5,41.0,839.9,10025,2007-05-09,economy
09:12:39,10:50:39,VOO06006,AI037,61513285,QL-22553-MR-751,2478.17,Westbrook,Blue Island,False,2024-06-07,Tecnam P2012 Traveller,,Anneliese,Malaysia,L512BS,3293,0,-6.0,59933.7,94.0,948.3,25630,2008-12-21,economy
00:04:24,00:37:24,YFP71866,AI673,63960252,DN-26627-DE-297,2640.25,Revere,Summit,False,2024-08-03,Boeing 747-400M,,Emmanuel,Anguilla,T457ZW,2709,1,1.7,23546.8,48.0,934.6,24877,2009-09-30,economy
05:35:26,06:21:26,IEX27010,AI250,68602564,BE-36076-YW-944,1091.18,Hampton,Farmington Hills,False,2025-02-25,Boeing 747SR,,Mckenzie,Congo - Brazzaville,E632XH,757,8,-13.2,7287.6,116.0,673.4,7022,1998-08-07,economy
20:17:31,21:13:31,GKC62857,AI857,66867226,EQ-38921-JQ-354,7725.19,Zion,Bridgeport,False,2024-06-05,Cessna 172,,Lon,Northern Mariana Islands,B263CD,4648,0,-8.3,58505.4,70.0,1053.8,27114,2004-04-03,economy
04:32:28,05:14:28,NLI39745,AI642,60852294,ZX-32776-JB-310,5649.97,Douglas,Union City,True,2025-02-15,Airbus A340-300,606047RI,Mark,Falkland Islands,L019EU,6229,1,-13.1,60354.8,102.0,1762.1,52956,1998-08-26,economy
11:27:28,12:18:28,CSE34519,AI877,69790987,AK-68441-QC-486,4072.48,Fountain,Freeport,True,2025-02-15,Airbus A330-900neo,331234VM,Tisa,Poland,C925QQ,2437,0,-0.9,18931.7,33.0,938.3,15841,2008-02-28,economy
10:21:36,11:41:36,ACG44501,AI301,67396817,JC-98272-TI-054,7546.89,Burlingame,Waltham,False,2024-12-15,Shorts SC-7 Skyvan,,Kevin,Romania,K662EY,6333,1,2.7,63966.7,111.0,1289.1,57567,2004-10-05,economy
08:38:40,09:10:40,RET42135,AI558,64444752,XO-45417-WJ-014,5807.78,Brooklyn Center,Waco,True,2024-10-02,Boeing 747-8I,977765MY,Arnoldo,Macedonia,F013OE,2423,0,1.4,19844.7,51.0,921.5,16884,2003-03-30,economy
02:05:35,04:48:35,RBQ34138,AI030,69935422,KH-01341-QM-228,2524.61,Nicholasville,Atascadero,False,2025-02-05,Airbus A340-600,,Jeremiah,South Korea,A779JT,2116,1,-6.3,19812.7,39.0,932.5,18513,2005-09-22,economy
18:52:39,21:52:39,HXT67836,AI401,66935938,YF-93634-TY-302,1682.45,West Valley City,Elk Grove Village,False,2025-03-03,Diamond DA42,,Ngoc,Liechtenstein,O509WB,2080,0,-8.6,19967.5,77.0,920.0,17395,2005-05-11,economy
06:23:35,09:18:35,VCD10659,AI027,64854089,YE-37250-PP-367,2016.53,Talladega,Milwaukie,False,2025-02-12,Boeing 767-200,,Burt,Niger,H759WW,2182,0,-5.5,19243.1,31.0,920.1,19896,1999-05-22,economy
17:50:26,18:15:26,MUA73371,AI758,65645805,MZ-99885-WV-659,3761.23,Forest Park,Weatherford,False,2024-05-30,BAe 146-200,,Hai,Macau SAR China,W657AG,4265,1,-5.2,60300.3,101.0,1086.2,26655,2008-06-09,economy
02:04:31,03:52:31,RPG68849,AI039,65831526,WM-78399-ZU-356,5697.27,Garfield,Midvale,False,2024-10-08,Tupolev Tu-144,,Perry,Croatia,A686TO,4952,1,-8.5,55900.8,69.0,1236.5,24363,2005-06-14,economy
13:33:24,15:09:24,WBF03038,AI136,63835775,QO-11811-GN-049,6696.68,Lafayette,Spokane,False,2024-10-26,Boeing 767-200,,Herschel,Slovenia,A053PF,3789,0,-7.2,56087.8,20.0,929.5,26455,2004-09-13,economy
03:32:28,05:18:28,AQM18637,AI209,69652475,XJ-07091-JQ-837,739.31,San Jose,Moorpark,True,2024-06-17,Cessna 177 Cardinal RG,191416VQ,Ramiro,Solomon Islands,D869DL,4727,0,1.5,63709.4,109.0,1385.0,30726,2010-04-13,economy
18:25:36,20:06:36,RIH09429,AI731,62589828,WQ-04604-PK-448,7717.24,Durango,Roswell,True,2024-08-21,Grumman G-73 Turbo Mallard,103842PY,Stefan,Macedonia,G747EQ,6489,1,9.6,58904.2,111.0,1650.6,57428,2003-06-13,economy
20:40:39,21:22:39,OZC25424,AI255,66937540,MQ-07640-YS-482,4441.09,Redding,Hialeah Gardens,True,2024-11-25,Boeing 747-300,658890CY,Darrel,Spain,O312FB,1650,1,-10.7,24431.4,65.0,815.0,10252,2008-01-31,economy
18:20:24,19:40:24,EVB54488,AI439,67080601,EO-66743-LI-543,1983.17,Talladega,Arcadia,True,2024-11-03,Embraer Phenom 300,955271MK,Billye,Serbia,I602MR,5030,1,-5.6,67047.4,89.0,1017.0,44813,2002-10-28,economy
23:43:24,00:47:24,LOI80980,AI003,61303459,TJ-68654-HI-106,5065.34,Port Chester,Shreveport,True,2024-11-25,Boeing 737 MAX 8,479286MT,Adriene,Tristan da Cunha,K196ZT,3323,0,7.5,66947.3,64.0,950.7,28771,2010-10-26,economy
08:25:43,10:23:43,JTC09039,AI126,66798060,XC-01504-PI-428,2809.1,Kansas City,Henderson,True,2025-02-07,Fairchild Dornier 328JET,263996WM,Coletta,Guadeloupe,N537NM,1821,0,-7.8,24680.7,105.0,830.0,15941,2002-03-30,economy
01:18:33,03:56:33,AWH04297,AI644,68033515,EJ-55750-QB-716,3531.05,Eagle Pass,Rancho Mirage,True,2024-10-13,Embraer RJ140,777028PS,Cory,Panama,E860KQ,1740,1,-11.9,25177.2,106.0,841.0,16343,2002-03-18,economy
01:58:30,04:22:30,XOR07999,AI497,68152598,NK-86669-RG-574,3926.35,Stanton,Windsor,False,2024-08-28,Robin ATL,,Kristofer,Moldova,K720JB,2900,1,-11.4,24322.0,74.0,910.4,23646,2009-04-10,economy
00:07:31,03:05:31,FKJ61088,AI411,64878108,IY-89530-EN-557,1450.81,Arroyo Grande,Riverton,False,2024-08-20,Cessna Citation CJ4,,Maurita,Guam,R619ET,5222,0,-9.2,60049.0,68.0,1017.6,39078,2004-03-25,economy
14:35:31,16:34:31,NZX26872,AI754,65831916,HL-43720-ZR-656,2603.13,Grand Forks,Elko,True,2024-12-23,Boeing 767-300,600534OD,Lewis,Niger,C850MJ,3120,1,-12.3,43129.8,46.0,951.4,27677,2009-07-03,economy
21:56:34,22:10:34,VWF94238,AI793,68919275,DL-99888-PZ-636,5202.09,Victorville,Bozeman,False,2024-08-11,Piper PA-31 Navajo,,Paris,Tokelau,L231MP,6009,1,-6.0,58278.0,77.0,1371.8,58157,2010-04-29,economy
16:51:39,19:13:39,UYS38140,AI686,67133220,JJ-37665-MG-024,4014.58,Forest Lake,Lorain,False,2024-07-09,Fokker 50,,Lyman,Latvia,S071KH,663,2,2.9,7095.2,45.0,546.9,6656,2002-10-05,economy
02:07:34,02:25:34,AHF66619,AI541,64897828,ND-16866-UG-559,6352.16,Galveston,Midvale,True,2024-09-04,Airbus A350-900,267011AL,Weston,Bolivia,D269OQ,2865,0,-11.3,23892.8,120.0,931.8,26834,2002-05-13,economy
23:28:31,01:49:31,DCQ21968,AI326,68966627,TT-49292-JU-871,494.44,Bridgeport,Radcliff,True,2024-12-18,McDonnell Douglas MD-87,200581BS,Deangelo,Grenada,Y837QT,4172,1,-7.4,64052.9,90.0,1306.3,26861,2006-09-30,economy
21:08:28,00:03:28,LTI95877,AI503,69196782,XR-88657-KV-663,7159.6,Cape Girardeau,Camas,True,2025-02-17,Airbus A300C4,813828VC,Adan,St. Pierre & Miquelon,D103SP,2538,0,-13.2,23929.8,32.0,939.9,25582,2004-05-29,economy
05:31:42,06:51:42,TDN37773,AI484,67880318,DP-41880-AL-227,2813.81,Barberton,Newberg,False,2025-01-26,Boeing 757-300,,Micheline,Iran,M589BF,3674,1,-13.8,65114.8,110.0,956.6,29154,2010-05-17,economy
04:30:33,04:59:33,KFQ53674,AI001,68167554,IH-33102-BE-637,6851.81,Laramie,Salisbury,True,2024-10-27,Shorts SD.330,510807YO,Babara,Uzbekistan,T023YF,3695,0,-10.1,62292.0,34.0,945.4,29486,2001-04-18,economy
23:48:33,00:42:33,VQG01821,AI717,62432217,NT-58604-PK-428,7638.52,Chickasha,Hot Springs,False,2024-05-16,Douglas DC-6,,Jae,Puerto Rico,G933CJ,1818,1,-2.1,26558.0,72.0,811.7,12680,2004-12-15,economy
03:06:38,04:49:38,IXQ80960,AI430,68483249,LV-40952-LM-735,3204.2,Grandville,Federal Way,True,2024-07-24,McDonnell Douglas MD-81,435927XU,Homer,Guyana,L143FT,5446,1,-7.3,59614.3,89.0,1214.1,39085,2001-05-01,economy
20:38:37,21:43:37,YVL42788,AI518,67439256,HZ-27898-JK-074,3628.91,South Elgin,Goleta,False,2024-10-25,Canadair Regional Jet 700,,Clarence,Sweden,R135LS,6087,1,-10.1,55741.5,87.0,1535.8,53407,2002-04-27,economy
07:02:27,09:25:27,HEL43943,AI396,67342208,HC-28710-TV-827,6927.25,Grove City,East Moline,False,2024-12-03,Airbus A300B4,,Alonzo,Senegal,J276QG,2833,1,9.6,23976.7,19.0,923.2,25189,2005-07-22,economy
11:01:30,13:39:30,IIU05170,AI727,69213673,WZ-20564-RL-844,2534.76,Safety Harbor,Richfield,True,2024-10-26,Embraer Praetor 500,136552BN,Sean,Japan,U190HR,3328,0,2.1,67335.0,69.0,929.3,29548,2001-05-27,economy
00:07:40,02:10:40,RQA28119,AI320,60194366,SQ-43311-VM-620,5290.18,North Las Vegas,Norfolk,True,2024-08-01,Junkers Ju 52/3M,628447GI,Kandace,Martinique,N883QM,3164,1,9.5,55226.5,61.0,969.4,27005,2009-06-23,economy
00:37:38,02:42:38,PAS63772,AI160,67953398,SO-34761-VS-020,542.4,Mount Pleasant,Maricopa,True,2024-10-02,Douglas DC-8-62,580828UM,Elias,Togo,J681RX,1416,2,-11.9,13448.9,29.0,811.9,15379,2010-04-27,economy
07:55:30,08:26:30,OLK24467,AI402,69390749,YV-68880-TG-322,6775.23,Iowa City,Cypress,True,2025-02-20,Dassault Falcon 2000,574540VI,Francis,Dominican Republic,W080AF,763,8,-12.7,7432.7,117.0,573.0,6335,1998-10-21,economy
00:40:36,01:43:36,KWR26932,AI112,61481756,XK-64840-KG-339,4549.25,Burbank,Hurst,False,2024-10-21,Cessna Citation CJ3,,Dede,Fiji,N532AJ,949,8,-9.9,7431.2,67.0,608.8,7776,2008-11-08,economy
12:51:34,15:30:34,AFN41287,AI467,66550697,VV-04098-QI-466,1021.44,West Memphis,Salinas,False,2024-09-27,Embraer Legacy 450,,Rudy,Liechtenstein,G907YZ,4159,1,2.8,66042.7,96.0,1204.0,30623,2001-07-23,economy
05:59:41,08:37:41,LXX29043,AI462,60030052,UO-34558-WY-423,7298.54,Rosenberg,Copperas Cove,False,2024-05-28,Tecnam P96,,Frederic,Argentina,M345GB,3126,1,-0.1,43765.2,103.0,928.3,26664,2007-08-15,economy
21:32:25,21:58:25,BWR13120,AI258,68021298,OJ-68072-ED-631,7319.19,East Cleveland,Park Ridge,True,2024-07-31,Boeing 777-8,680377FK,Marlin,Portugal,V358JZ,894,3,2.0,7153.8,27.0,673.3,5382,1998-01-24,economy
03:22:43,03:45:43,UZJ71060,AI655,68055674,FE-02637-NQ-155,481.9,Pleasant Grove,Mercer Island,True,2025-02-20,Douglas DC-8-50,246185DU,Ronald,St. Barthélemy,C693CI,2300,1,8.6,19941.4,78.0,949.5,17672,2003-09-12,economy
02:27:39,03:32:39,WRV62401,AI162,69649024,SR-85402-RX-933,5575.0,Moorpark,Bismarck,False,2024-12-19,Saab SF340A/B,,Ivan,Netherlands,D870MA,676,8,-5.3,7187.5,87.0,530.3,5688,2008-05-31,economy
02:59:39,05:20:39,XGM47239,AI569,68188457,ST-70059-BR-562,998.12,St. Clair Shores,Tifton,True,2024-09-12,Convair CV-240,729782OV,Lucius,Guatemala,K054GW,2326,1,-5.5,18027.2,76.0,926.7,17410,1999-07-15,economy
17:46:25,19:57:25,CHZ81539,AI710,67651711,NF-91307-HA-447,3569.31,Williamsport,Stanton,False,2024-08-20,Boeing 747-400M,,Kirby,Gabon,L082IT,5354,0,1.6,62988.6,69.0,1354.6,43798,2004-10-27,economy
11:23:37,11:45:37,CNH84070,AI643,68861039,XV-88841-PV-338,7099.04,Belleville,Moraga,True,2024-08-30,Cessna Citation II,904207SK,Svetlana,Gambia,Q916NY,5446,1,-14.2,58000.5,26.0,1185.4,43706,2000-07-04,economy
04:56:32,06:51:32,PFS75425,AI240,63516074,RA-05952-BR-694,1990.99,Melbourne,Delano,False,2025-02-12,Cessna Citation Sovereign,,Forest,Solomon Islands,E052OD,6028,1,-9.9,60121.6,45.0,1264.9,50038,2001-06-30,economy
03:46:30,06:02:30,QLR75807,AI191,61648012,IC-15070-DB-767,6690.89,Lombard,Tampa,True,2024-12-06,Embraer RJ135,164277XY,Eilene,Mozambique,W458IQ,4350,1,-9.8,66260.6,81.0,1335.7,24020,2006-11-05,economy
21:32:43,23:42:43,KRM38615,AI731,65332094,SS-46875-BO-484,3928.28,Olympia,Avondale,True,2024-05-30,CASA/IPTN CN-235,300295LX,Fairy,Bahrain,W577HT,2422,1,-0.4,19262.5,40.0,913.0,15950,2002-09-02,economy
17:06:26,18:02:26,JMB65915,AI026,66810354,SQ-45439-AF-454,1929.56,Salisbury,Plainview,False,2024-08-25,Airbus A320neo,,Verlene,Spain,H488YK,6006,0,3.5,67640.8,96.0,1336.6,57300,2001-06-14,economy
00:48:42,02:10:42,VTC49547,AI736,65230221,ZL-28049-GH-383,4808.16,Bethel Park,St. Cloud,True,2024-07-25,Cessna Citation III,643335RI,Elin,Sudan,W866QU,4334,0,-0.6,61325.0,15.0,1176.5,24416,2004-08-04,economy
03:47:39,04:25:39,XGD24612,AI665,65053544,TM-44479-YZ-758,3506.23,San Juan Capistrano,Miramar,False,2024-11-06,Diamond DA42,,Tyler,French Southern Territories,N470JT,3320,0,4.0,67226.4,107.0,964.3,27646,2010-08-26,economy
10:42:34,12:46:34,KVP87104,AI181,67114578,NX-21202-MU-697,3934.09,Saginaw,Norwood,True,2024-09-05,"\"Airbus A300-600ST \"\"Super Transporter\"\"\"",327594BH,Rubie,Monaco,M116YU,6159,1,-13.1,69458.6,116.0,1723.7,53046,2003-05-29,economy
02:15:27,03:21:27,BCY68654,AI488,64549747,CV-94555-VX-977,4631.32,Owensboro,Macomb,True,2024-10-29,De Havilland Canada DHC-5 Buffalo,556975BM,Jamaal,Comoros,J521MK,2956,0,-10.3,22605.5,51.0,930.2,27337,2005-06-03,economy
12:30:28,12:46:28,ZXA43826,AI751,64760427,LJ-05686-JV-694,2069.28,Gilroy,Long Branch,False,2024-08-01,Embraer 195,,Cristobal,Turkmenistan,B710UO,4037,0,-6.6,55116.8,16.0,1373.4,26027,2006-12-12,economy
19:41:36,20:11:36,PRH62565,AI637,60307529,PJ-54889-CC-282,3525.57,Highland,Pittsburgh,True,2025-02-10,De Havilland Canada DHC-6 Twin Otter,285902AF,Matt,Gibraltar,K639HQ,1223,3,4.9,14766.2,116.0,824.2,17453,2008-12-29,economy
16:15:34,17:27:34,UPZ99717,AI545,64414680,BR-73734-AI-384,4524.67,Carteret,Shawnee,True,2024-11-22,GippsAero GA8 Airvan,439892ID,Rafael,Lebanon,C586TF,3400,1,-1.0,58847.2,65.0,990.3,28932,2004-07-28,economy
13:22:31,16:00:31,OTC25665,AI137,63448444,JI-39131-VJ-457,4127.49,Sioux Falls,Manchester,False,2024-10-17,Learjet 60,,Carylon,Tonga,Y727IG,3585,1,8.8,64081.8,43.0,990.7,28518,2000-09-17,economy
18:06:28,19:06:28,DKL19844,AI756,64579394,ES-19090-MO-454,814.53,Angleton,Southlake,True,2024-12-16,Lockheed L-1011 Tristar,842329BS,Pearlene,Germany,K480XQ,4210,1,-14.9,66811.1,89.0,1080.2,30286,2007-06-15,economy
07:41:41,09:21:41,UWX25726,AI460,66341212,JX-53858-FC-775,7885.9,Warner Robins,Bend,True,2024-09-16,Beechcraft 1900,700489SV,Nyla,Iran,Z469XP,2092,0,9.8,19352.6,28.0,919.8,19516,2001-04-23,economy
03:34:33,06:20:33,BBI31576,AI367,61059972,BR-03133-UZ-058,4084.98,Zanesville,Milford,True,2025-02-02,Pilatus PC-12,978053PL,Rosy,Norway,B784XY,3301,1,-10.5,66680.1,73.0,963.7,29497,2005-03-08,economy
04:06:28,04:18:28,GLR69847,AI124,63792677,CP-96032-JE-499,2611.66,North Richland Hills,Shelbyville,False,2024-12-08,Embraer 170,,King,Sierra Leone,D998ON,1303,3,-8.1,14990.3,66.0,813.9,13721,2007-08-28,economy
05:30:31,06:22:31,VVK47839,AI890,64612215,JT-87230-EW-755,7371.88,Santa Fe Springs,Visalia,False,2025-02-09,Boeing 737-200,,Winfred,Myanmar,Z573GG,2378,0,-6.4,19539.5,29.0,905.0,15762,2002-01-05,economy
02:27:35,04:50:35,SYQ35996,AI569,66891825,PE-27354-UJ-459,3147.6,Clarksville,Marysville,False,2024-11-13,Boeing 747-400,,Meridith,Yemen,N461KQ,6048,1,-12.8,69564.8,72.0,1272.5,54981,2001-11-01,economy
16:15:25,17:27:25,LCL06675,AI364,66245583,PC-94943-AJ-107,573.77,Moses Lake,Ardmore,True,2024-12-29,Saab SF340A/B,733681QE,Preston,Austria,V455DQ,2827,0,-8.5,23275.8,97.0,946.5,23204,2010-06-04,economy
04:03:24,05:58:24,JBE45390,AI810,65984710,UR-74896-JY-775,655.81,Addison,Portage,False,2024-12-03,Boeing 747-200F,,Babette,Curaçao,Y024WS,2879,0,-14.8,23788.3,119.0,918.2,21911,2010-10-31,economy
15:19:37,17:15:37,DTC52387,AI388,62082476,WG-29397-QZ-643,737.48,Northglenn,Burton,True,2024-12-21,Cessna 152,927611OI,Caterina,Armenia,F837LO,1951,0,9.1,21922.9,61.0,821.3,16993,2005-12-01,economy
20:58:24,21:20:24,CYZ41124,AI306,61980258,YY-46581-BG-498,3545.07,Faribault,New Braunfels,False,2025-03-08,Piper PA-44 Seminole,,Pearle,St. Barthélemy,N074SC,4212,0,-14.4,66997.5,32.0,1166.6,29092,1999-11-03,economy
23:05:32,01:58:32,AVK83826,AI082,65735471,LH-62560-LG-731,6401.0,West Lafayette,Snellville,True,2024-06-20,Fokker 70,840296NI,Frederica,Ukraine,L759RN,4917,0,9.2,59518.6,81.0,1031.6,29735,2000-08-14,economy
20:55:36,21:41:36,OMS54812,AI042,69653386,NJ-97825-YM-073,6188.79,Chelsea,Morristown,False,2024-08-20,Boeing 747-100,,Mozella,Bosnia & Herzegovina,M816BT,3157,1,-8.7,52348.5,109.0,996.8,29212,1998-10-12,economy
08:14:25,08:48:25,CWO96701,AI803,64994649,HT-27388-QL-464,821.72,Newberg,North Canton,True,2024-08-09,Canadair Regional Jet 900,760321NT,Benito,Bolivia,S426DM,1990,1,-9.4,16013.8,102.0,840.1,12834,2008-01-17,economy
05:18:25,07:51:25,YIP23705,AI891,62642870,ZD-98060-HD-744,974.81,Hoffman Estates,Williamsport,False,2024-07-07,Canadair Challenger,,Piper,Turks & Caicos Islands,Y523CB,2478,1,-6.0,18701.6,103.0,939.5,17494,1999-03-11,economy
02:30:37,04:45:37,IPR30957,AI540,69344681,GY-01593-AN-760,5943.5,Corsicana,Brooklyn Center,True,2024-08-04,Tecnam P2002 Sierra,663726GS,Jacqulyn,Suriname,A935MC,4019,0,-11.5,57259.7,30.0,1289.4,29304,2003-10-12,economy
13:44:28,16:23:28,DCR96506,AI148,60781956,ZU-00176-NV-537,6919.64,Chesapeake,Montgomery,False,2024-09-13,Antonov AN-74,,Vincent,Spain,J491GI,1306,2,-6.6,16884.3,28.0,814.6,14676,2007-03-18,economy
03:51:30,06:49:30,XFT58285,AI028,68879513,ON-19195-VK-377,3666.69,Erlanger,Brook Park,False,2024-06-11,Cessna Citation VII,,Katrice,Finland,P838MQ,4362,0,5.8,69916.0,63.0,1101.8,30325,2003-12-05,economy
21:12:35,23:55:35,BMK27915,AI348,68287318,VA-02579-PY-644,7742.82,Caldwell,Slidell,True,2024-10-07,Airbus A300-600,071103ZQ,Dick,Seychelles,G737LD,5785,1,-1.8,67154.4,31.0,1124.0,46415,2005-08-23,economy
20:30:35,22:39:35,JSE99488,AI031,60061694,UJ-50565-ZQ-228,620.34,Bethany,Wilkinsburg,False,2024-09-21,De Havilland Canada DHC-2 Beaver,,Tonda,Slovenia,Q551ZM,3596,1,-10.1,55462.5,110.0,969.0,26270,2002-10-29,economy
18:27:39,21:27:39,FIO89668,AI634,60221950,QK-11000-OI-358,7211.85,Seal Beach,North Ogden,False,2024-10-27,Boeing 727-100,,Cher,Angola,V034IJ,4376,0,-13.8,63897.6,86.0,1028.2,27401,2001-03-26,economy
13:32:31,15:10:31,QFA39319,AI163,62351277,EM-61470-NN-142,1961.55,Elmira,Blue Springs,True,2025-02-05,"\"Airbus A330-700 \"\"Beluga XL\"\"\"",282264SB,Cleo,Cambodia,L270NO,5825,0,-5.1,56020.7,81.0,1242.5,40994,2003-02-08,economy
09:21:40,10:18:40,GCR50689,AI738,64826980,SU-89328-CF-526,4848.0,Zanesville,Fair Lawn,True,2025-02-28,De Havilland Canada DHC-2 Beaver,842219LL,Arnetta,Uruguay,B726MY,5513,1,-14.6,65340.7,73.0,1070.1,46081,2005-12-04,economy
13:35:37,15:33:37,XXG45787,AI610,67063087,NY-80447-NC-248,3577.16,Temecula,Inglewood,False,2024-10-19,Airbus A300-600,,Frances,Costa Rica,E261RT,4089,0,-13.2,66545.8,65.0,1307.0,25259,2004-05-01,economy
15:54:38,16:27:38,VDE69953,AI358,65190522,SJ-34592-AK-457,5085.87,North Canton,Midwest City,False,2024-05-18,De Havilland DH.114 Heron,,Quiana,Malta,C435NH,2978,1,-13.1,23957.0,62.0,924.4,19797,2005-06-08,economy
05:51:28,06:14:28,UZO81964,AI241,68285220,NE-21778-FR-465,2661.44,Holladay,Montgomery,True,2024-09-14,Ilyushin IL86,485706IL,Moshe,Albania,K121PX,4620,1,-13.7,56122.1,64.0,1019.3,28177,2009-01-14,economy
22:49:41,23:00:41,GIW72559,AI034,67151924,CJ-83012-CI-672,1018.21,Menomonee Falls,Ellensburg,False,2024-11-02,Saab 2000,,Jesenia,Vietnam,M729BY,1463,7,-13.2,14347.1,109.0,842.9,13638,2007-02-10,economy
00:26:26,00:57:26,WDV23215,AI718,67491996,EM-87961-MD-150,7547.88,Sunnyvale,Twin Falls,False,2024-09-17,Boeing 737-300,,Wes,Belgium,A696DJ,5051,0,-10.9,65497.6,107.0,1355.0,41426,2006-09-08,economy
00:00:33,02:46:33,BZY32881,AI225,62528353,DF-36914-OL-024,1176.81,Panama City,Wilkinsburg,False,2024-09-24,Socata TB-20 Trinidad,,Lauren,Ceuta & Melilla,V177KC,5721,1,-5.3,56801.0,55.0,1163.6,41383,2009-09-22,economy
13:53:28,15:12:28,KHL89255,AI133,63459006,UG-81793-UV-231,1703.96,Johns Creek,Frankfort,False,2024-10-10,Boeing 767-400ER,,Pedro,San Marino,Y078TT,1039,5,-5.1,14270.3,76.0,821.4,10072,2010-01-04,economy
07:59:43,09:53:43,OPC88948,AI222,64520050,GI-49464-FY-706,7705.73,Downey,Mesa,False,2025-02-20,Ilyushin IL96,,Ervin,Norfolk Island,T741LR,3116,0,-5.3,53738.1,27.0,981.9,26430,2008-04-21,economy
22:39:36,23:20:36,AKH99137,AI965,62236386,HW-52150-RF-720,4083.65,Brownsburg,Hampton,False,2025-02-28,Embraer RJ140,,Mui,Eritrea,M947LE,1847,0,9.0,20754.4,44.0,843.4,17685,2005-07-20,economy
04:35:25,04:59:25,DQK54241,AI534,69896488,YA-99260-HK-456,7610.3,Alsip,Palo Alto,True,2024-08-10,NAMC YS-11,214513UN,Chere,Niger,P145YI,5382,1,-9.4,57705.9,90.0,1246.0,36057,2002-04-07,economy
11:56:35,12:17:35,ODA52036,AI261,62070932,JD-91683-DI-794,4843.09,Oxford,Duncanville,True,2025-02-03,Airbus A340-300,473923ZJ,Marlon,Indonesia,I045LA,5248,1,3.8,57820.8,53.0,1291.7,38963,2009-03-15,economy
14:27:28,14:52:28,RAA75738,AI361,60447515,MJ-53911-DV-524,5197.34,Azusa,Hickory,True,2024-06-20,Antonov AN-124 Ruslan,787165JG,Garfield,St. Helena,U456XZ,2143,1,-1.8,18950.4,116.0,906.6,16402,2007-08-01,economy
04:23:42,07:09:42,JOW93434,AI533,63778214,UG-31502-GW-918,2350.29,Cincinnati,Memphis,False,2024-09-05,Airbus A340-600,,Raymundo,United Arab Emirates,X777RC,4412,1,-11.5,60705.3,42.0,1378.7,28073,2010-11-04,economy
03:29:37,04:31:37,RVZ02378,AI995,63128912,AJ-70057-VN-110,3025.57,Pflugerville,Mountain View,True,2024-11-29,Piper PA-31 Navajo,279612CC,Anisha,Cyprus,S399KF,6141,0,-1.9,66438.3,90.0,1277.2,51220,2008-04-28,economy
01:47:39,03:45:39,EAL23116,AI455,60586793,ZP-07315-SR-093,5395.25,Norwalk,Quincy,False,2024-09-07,Convair Convair Convair CV-640,,Suzann,Dominica,S593RP,2132,1,-13.2,18112.0,50.0,929.2,17404,2005-08-22,economy
04:53:41,05:45:41,FNC96475,AI909,66016770,CX-42150-OR-021,3302.61,Sunnyvale,West Mifflin,False,2024-07-19,Airbus A330-900neo,,Rene,Tristan da Cunha,W812TW,5047,0,4.8,62529.1,69.0,1209.7,37640,2010-01-28,economy
03:42:35,05:49:35,PHJ74455,AI532,63659375,FP-12724-UJ-172,6991.65,Weston,Agawam,False,2024-09-23,Tecnam P2012 Traveller,,Ismael,Vietnam,G029BK,2274,1,-13.0,19459.6,26.0,942.0,16470,2000-08-18,economy
05:56:38,06:28:38,WVH91310,AI599,68751864,FD-29318-FW-199,1203.63,Palmetto Bay,Concord,False,2024-10-06,Airbus A318,,Dong,French Polynesia,H283XX,4068,1,-11.3,67375.7,18.0,1091.4,25580,2000-05-18,economy
01:36:35,02:13:35,QBD93248,AI070,66930251,ED-53816-BG-351,6231.66,Sycamore,Portage,False,2024-10-08,Gulfstream G280,,Desmond,Turkmenistan,U400ZJ,5035,0,-12.0,60362.0,118.0,1264.1,35274,1998-08-09,economy
14:09:38,16:45:38,BJT82875,AI144,64239843,IN-84139-DS-681,1443.88,Muskegon,North Charleston,False,2024-11-04,Gulfstream G280,,Wilson,Latvia,B278BF,2938,0,-6.7,23263.0,98.0,938.8,21617,2007-11-29,economy
07:08:28,07:46:28,KNQ26420,AI305,67109393,QD-87593-WI-941,6774.12,Bristol,Boynton Beach,True,2024-11-13,Douglas DC-9-10,676854EJ,Ronald,Egypt,V321SC,4233,0,5.7,60574.3,30.0,1223.5,30327,2002-12-24,economy
11:36:31,11:48:31,BNO93898,AI271,69868312,UY-71956-XE-838,803.6,Weston,Chester,True,2025-02-03,Tecnam P92 SeaSky,751980JT,Duncan,Caribbean Netherlands,X745VV,1064,8,-13.3,15655.2,109.0,811.6,13109,2001-08-08,economy
02:16:28,03:17:28,VQF87093,AI357,66886528,MX-79063-EV-198,1360.18,Rocky River,Cabot,False,2024-11-19,ICON A5,,Eddy,Swaziland,J044QD,4274,0,-12.7,56977.7,80.0,1373.1,27724,2007-05-02,economy
02:09:40,04:08:40,PGI37192,AI820,68406939,AL-09430-ST-154,1159.34,Hilton Head Island,Wilmington,False,2024-10-28,De Havilland Canada DHC-5 Buffalo,,Matt,Morocco,T290YT,1087,2,-7.6,17793.8,103.0,820.6,11259,2009-07-02,economy
01:15:24,01:27:24,ZNU05152,AI954,67552692,BX-53208-RM-119,7151.71,Pasadena,Lino Lakes,True,2024-10-24,Pipistrel Taurus,678935RV,Raelene,Colombia,J884YX,3792,1,2.3,55892.6,71.0,903.0,29651,2001-06-20,economy
08:00:26,08:41:26,OCJ32772,AI075,61624074,HF-98936-GK-428,6423.18,Fairborn,Mount Pleasant,True,2024-10-10,Embraer RJ145,977848MJ,Stanley,United States,U266TP,1742,0,2.5,26690.3,112.0,848.2,11046,2003-07-17,economy
06:39:30,07:05:30,LGC50448,AI967,64284066,QN-60575-TJ-539,6708.01,Salina,Elko,False,2024-11-29,Pilatus PC-12,,Sulema,Maldives,A336WA,4814,1,-5.5,59469.8,52.0,1210.3,30644,1999-01-24,economy
04:56:37,07:46:37,EAQ08937,AI658,65101739,TY-05287-TR-385,3854.09,Johns Creek,Washington,False,2024-11-25,Boeing 737-400,,Clarence,Fiji,G311GC,1023,2,4.1,12621.9,118.0,830.7,13473,2007-02-14,economy
00:27:30,02:39:30,JXW91982,AI447,62845449,WC-40128-PW-417,3879.21,Woodridge,Agawam,True,2024-06-04,Concorde,078768ID,Bobby,St. Pierre & Miquelon,B444QJ,3888,0,-7.1,55658.5,82.0,978.8,27760,2003-12-01,economy
01:07:38,01:19:38,JPK51568,AI880,65419993,FG-95965-MW-906,4159.13,Rio Rancho,Bixby,True,2024-09-30,Boeing 737-600,621836UV,Taisha,Canary Islands,V280IW,3729,1,-10.1,57777.3,38.0,958.2,25280,2004-12-06,economy
00:12:24,02:24:24,WJK92517,AI214,62458246,QT-69183-KT-869,7220.76,Beckley,Carson City,False,2024-06-24,British Aerospace Jetstream 31,,Eusebia,St. Helena,Y179XC,3368,1,2.7,61050.8,68.0,931.3,29455,2003-11-16,economy
05:47:29,06:20:29,JWS25741,AI475,61010184,YQ-65029-VI-775,1241.05,Independence,Rutland,True,2024-05-29,Gulfstream IV,515807ZP,Lamar,U.S. Outlying Islands,J194CA,6327,0,7.8,66087.3,99.0,1282.0,51632,2004-12-02,economy
03:29:33,05:50:33,PIP32025,AI070,63040960,RS-45677-WH-326,7176.12,Hazleton,Fairhope,True,2024-12-10,Boeing 767-400ER,836658BY,Herb,Turks & Caicos Islands,G319XL,5777,0,-10.2,63971.0,18.0,1250.9,45267,2004-05-12,economy
20:27:33,21:54:33,ZRJ91422,AI757,67772891,DX-57589-OX-027,2159.17,Palos Hills,Huber Heights,True,2024-08-08,Boeing 737-400,542415CB,Natashia,Trinidad & Tobago,N760OA,6195,0,7.4,66139.2,51.0,1500.7,52380,2005-04-05,economy
12:53:35,15:32:35,HCE98158,AI006,64704232,QH-72506-BP-946,7850.11,Plantation,Alliance,False,2024-06-24,Boeing 777-200ER,,Jerold,Estonia,U270AL,6366,1,-10.1,60201.1,80.0,1217.7,50118,2007-12-30,economy
14:57:33,17:23:33,ZFB65865,AI163,60790411,OC-04130-CZ-859,7511.85,Wausau,Manhattan Beach,False,2024-12-18,Tecnam P92 SeaSky,,Zackary,Vatican City,D554QN,5110,1,9.8,61379.6,106.0,1390.4,36314,2006-05-26,economy
17:13:30,19:44:30,MDA88077,AI681,69099959,WM-85724-EP-048,2908.88,Leavenworth,Peabody,False,2024-06-03,Boeing 747SR,,Sook,Seychelles,N920YV,4927,0,-2.3,64687.6,117.0,1044.0,26622,2010-06-17,economy
16:41:43,17:41:43,RKN47410,AI828,60275473,CZ-59244-EJ-117,2844.2,Tigard,West Chester,False,2024-06-09,Shorts SD.330,,Bennett,United Kingdom,L745LQ,4930,0,-11.0,69110.7,92.0,1120.8,26679,2010-11-10,economy
04:41:32,05:15:32,XZQ33285,AI207,62946503,KD-74989-AF-266,4014.74,Charleston,Chanhassen,False,2024-07-22,Pilatus Britten-Norman BN-2A Mk III Trislander,,Sang,Canada,P950XH,1456,6,-2.2,17092.1,68.0,843.5,15409,2010-12-31,economy
10:30:36,10:59:36,BMZ67030,AI362,65437998,KI-19466-OG-192,3826.7,Menasha,Manhattan,False,2024-10-11,Boeing 747-400,,Kiera,Papua New Guinea,W291OY,1557,1,-5.3,27794.2,115.0,803.1,10151,2001-08-07,economy
06:18:34,07:16:34,XAM51175,AI278,67066521,KJ-92252-DS-113,1375.51,South Lake Tahoe,South St. Paul,False,2024-05-30,Embraer E190-E2,,Ria,Guam,C745VQ,5411,1,6.9,66277.8,36.0,1184.0,40262,2001-12-12,economy
04:45:40,04:58:40,OQU84122,AI089,68930665,VP-75315-QU-431,5645.37,Dania Beach,Inver Grove Heights,False,2025-01-22,Tecnam P2012 Traveller,,Tashia,Puerto Rico,K263WI,4939,1,3.7,55078.4,81.0,1183.5,25581,2001-03-24,economy
21:05:43,21:57:43,DFG30507,AI910,62788968,HW-89107-UE-971,2817.87,Schaumburg,Arroyo Grande,False,2024-08-25,Fokker 50,,Petronila,Gibraltar,G086TN,5781,1,-2.3,57086.5,32.0,1257.2,41684,2002-05-28,economy
08:56:38,11:43:38,YOW45377,AI710,62964402,UD-39850-RN-818,5526.94,Oakdale,Coronado,True,2024-09-08,Canadair Regional Jet 100,351486HH,Rudolph,New Zealand,B784NA,2235,1,7.6,19741.4,46.0,918.3,16791,2006-10-29,economy
17:36:25,18:20:25,IEU51344,AI985,68267359,LJ-36731-KD-950,5211.83,Douglas,Hickory,False,2025-02-25,Ilyushin IL62,,Junie,St. Lucia,B981RP,2211,1,-10.5,19675.5,61.0,942.0,19381,2005-07-20,economy
08:11:34,08:58:34,LRD22531,AI497,64145884,UT-79948-UB-452,7849.04,Liberty,Medford,False,2024-11-27,Curtiss C-46 Commando,,Damien,Armenia,R816MD,6360,0,-9.3,60502.3,21.0,1313.0,55398,2003-06-16,economy
05:27:28,08:18:28,XGJ11993,AI848,66668529,XB-63340-GA-719,5135.71,Tracy,East St. Louis,True,2025-01-24,Piper PA-46,874923XM,Esteban,Antarctica,D086ZL,4712,1,-9.6,57489.6,50.0,1318.2,25855,2000-02-20,economy
13:31:29,16:23:29,IFE89581,AI276,68919921,AN-91602-VM-229,780.29,Lake in the Hills,North Tonawanda,False,2024-06-04,Embraer E190-E2,,Hal,Slovakia,M295HZ,4530,0,-8.3,55788.3,76.0,1173.2,27888,2008-07-29,economy
20:17:35,20:51:35,FMD27404,AI988,69226219,VO-28204-FZ-434,3632.08,San Clemente,Dalton,True,2024-10-31,British Aerospace Jetstream 31,873189AS,Kurtis,Moldova,M350BA,4713,0,2.2,58024.3,92.0,1224.9,24711,2006-12-16,economy
03:06:43,04:51:43,XTH47987,AI278,64245049,OT-71004-VW-290,7615.58,Kentwood,Wildwood,False,2024-10-12,Boeing 747-100,,Glinda,Tuvalu,E891AK,6109,1,-12.9,61419.2,94.0,1712.2,56810,2009-06-04,economy
16:23:37,16:56:37,BOF45308,AI848,66709749,MA-04344-BW-962,3730.99,Broadview Heights,Paducah,False,2024-07-21,Tecnam P2008,,Jann,Niue,I350WD,5139,1,-14.5,64954.7,91.0,1360.1,37931,1998-03-14,economy
15:16:26,15:53:26,QWB01281,AI054,60203709,FO-41927-BC-264,5274.78,North Augusta,Norristown,True,2024-11-02,Canadair Regional Jet 1000,017775KQ,Sharda,Botswana,R417OC,1097,7,-12.3,13428.7,94.0,844.6,13617,2008-11-20,economy
06:06:40,07:31:40,AXA83391,AI577,67841997,DM-93171-EP-579,3349.61,Columbus,West Sacramento,True,2025-01-04,Gulfstream G280,920206IL,Divina,Anguilla,M021PY,4990,0,-9.0,57684.8,74.0,1165.6,28725,2003-10-12,economy
02:27:34,04:25:34,JNT28003,AI411,60972013,TL-42104-AC-661,4371.55,Brookings,Manchester,False,2024-07-29,Socata TB-20 Trinidad,,Thomas,Guatemala,I611OR,1212,3,3.8,15095.5,27.0,849.1,10377,2010-04-03,economy
10:53:29,13:32:29,ORH95774,AI801,68117322,UC-59852-AP-852,3463.19,Greenville,Apple Valley,True,2025-02-12,Airbus A330-300,894717ZS,Homer,Antigua & Barbuda,L482FD,2324,0,-8.5,18510.0,32.0,922.7,16642,2001-12-24,economy
00:33:24,02:56:24,IFX29177,AI115,62879016,FY-01702-DJ-380,1333.31,Clarksville,El Centro,False,2024-12-28,Tupolev Tu-204,,Nikole,São Tomé & Príncipe,H296TG,2540,0,7.7,24171.8,20.0,904.9,23510,2003-06-01,economy
06:21:37,06:48:37,QEC93720,AI188,60977625,JA-12950-OH-535,5165.44,Johns Creek,Stamford,True,2024-11-02,Pilatus PC-6 Turbo Porter,237060TN,Marquitta,Congo - Kinshasa,A120YM,2004,1,-11.5,18387.2,32.0,937.3,16784,2001-04-09,economy
01:32:33,03:01:33,IUP00796,AI295,64423679,UI-51128-KQ-751,7973.97,Pflugerville,Wichita Falls,True,2024-09-05,Pilatus Britten-Norman BN-2A Mk III Trislander,628246HC,Akiko,Jamaica,T968HP,5020,1,-14.9,57913.9,85.0,1022.6,41305,2000-04-15,economy
03:39:39,05:24:39,YNK27710,AI421,69167953,NU-71401-DC-528,3416.05,Beaverton,Benicia,True,2024-10-30,British Aerospace Jetstream 31,456389XK,Launa,Equatorial Guinea,Q529WQ,1052,8,-11.1,16880.7,25.0,812.5,11061,2001-08-27,economy
18:00:42,19:58:42,VVS28451,AI358,64020848,SB-88263-NG-527,4106.88,Highland Village,Grand Forks,False,2024-09-29,Convair Convair Convair CV-640,,Salvatore,Cape Verde,C934CY,3738,0,-11.8,61242.7,62.0,940.3,26419,2002-01-17,economy
21:01:33,21:16:33,KYC45538,AI178,68068005,JY-00047-LA-205,5304.29,Texas City,Bay City,True,2024-11-21,Bombardier BD-100 Challenger 300,175960GV,Terry,Liberia,F402QY,2407,1,8.4,19676.3,76.0,900.5,16118,2002-02-18,economy
23:13:28,23:31:28,BGG86412,AI077,63670619,UN-53294-NZ-744,6454.07,Williamsport,Thousand Oaks,True,2025-02-21,Fokker F28 Fellowship,335480WC,Marshall,Turks & Caicos Islands,U020XX,3355,0,1.5,66110.7,40.0,900.4,28472,2006-11-04,economy
03:50:27,04:40:27,WSZ79586,AI979,65028621,KF-63457-AJ-797,2347.71,Eagle Pass,Pearland,False,2024-07-01,De Havilland DH.114 Heron,,Ka,Ghana,K767SO,6492,0,0.2,56256.6,113.0,1464.5,53547,2007-03-30,economy
07:57:41,08:42:41,UEE31292,AI617,63222277,FD-23874-YJ-470,7886.7,San Angelo,Riviera Beach,False,2024-11-25,Airbus A319neo,,Elina,Lithuania,G879YL,5941,0,-5.3,67415.2,58.0,1327.0,47573,2009-04-28,economy
11:44:30,13:45:30,MCE32139,AI792,68294769,OI-90760-PU-433,3577.53,Radcliff,Northport,True,2024-06-13,Aquila A 210,737146WY,Elease,Jordan,N894DD,2795,1,7.8,24298.7,74.0,942.9,25102,2006-06-11,economy
11:50:34,13:59:34,TXQ60941,AI195,67122665,PV-78960-PZ-475,2620.35,Cranston,Spring Valley,False,2025-01-12,Cirrus SF50 Vision Jet,,Lovetta,Denmark,Q497WQ,1542,0,-8.8,24674.3,102.0,817.9,12890,2005-03-02,economy
08:12:32,10:33:32,PAN78173,AI528,61790700,NE-82174-JE-475,7642.86,Ottumwa,Monterey Park,True,2024-10-14,Pilatus Britten-Norman BN-2A,030953NS,Darren,Tajikistan,I323QD,4878,0,6.4,60491.7,77.0,1094.8,29080,1999-12-20,economy
08:47:35,10:40:35,MJE70903,AI207,68311192,QM-91187-FN-976,4133.53,Universal City,Garfield Heights,True,2024-10-12,COMAC C919,656521GV,Trinidad,Singapore,R616ZV,4467,0,-10.0,60433.6,22.0,1002.2,26895,2003-05-09,economy
16:49:39,19:23:39,JTM29020,AI920,69819465,BW-37946-YN-001,7476.48,Naugatuck,Muskego,False,2024-11-24,Pilatus PC-6 Turbo Porter,,Efrain,South Sudan,B353IX,1347,8,-7.8,12384.0,43.0,847.3,11468,2006-10-26,economy
10:25:37,11:58:37,NFB29892,AI596,66455865,XC-40409-LE-802,5774.71,Perth Amboy,Dayton,False,2024-09-23,Boeing 737 MAX 7,,Sean,Hungary,E193BX,1532,1,0.2,21357.9,93.0,820.4,12009,1999-01-03,economy
13:06:42,14:57:42,PTG20856,AI817,60202882,SF-64556-TD-768,1009.23,Sayreville,Dolton,False,2025-01-22,Boeing 737 MAX 7,,Maynard,Bhutan,A993GJ,1086,8,-9.0,17964.3,60.0,825.5,14968,1998-12-23,economy
14:37:32,16:53:32,TLN22545,AI869,67702900,PX-48305-MJ-193,6786.82,Yukon,Garland,False,2025-01-07,Diamond DA62,,Isaura,St. Pierre & Miquelon,D448AP,6274,1,-5.2,58728.8,47.0,1751.8,54679,2008-02-19,economy
08:22:31,08:47:31,HJU62730,AI305,65696775,RB-56948-PJ-928,468.01,Monroeville,Sioux City,True,2025-01-25,Boeing 747-200M,781708KZ,Timothy,Lebanon,O430FZ,3807,0,-12.3,55827.8,43.0,958.7,28547,2004-05-08,economy
22:43:37,23:03:37,YGS42928,AI529,68403034,ZC-94227-UK-333,3605.03,Euclid,Ridgecrest,False,2024-11-26,Lockheed L-1011 Tristar,,Jackson,Suriname,A259AR,1579,1,-10.0,29031.8,17.0,840.0,13632,2001-03-05,economy
07:34:27,08:20:27,RBF51349,AI927,69083662,DR-45397-BJ-061,1423.03,Murrysville,Rosenberg,True,2024-11-01,McDonnell Douglas MD-11C,316044LD,Arturo,Somalia,U096SD,1545,1,-6.5,18837.6,33.0,838.1,10670,1998-07-12,economy
12:59:42,14:40:42,WMK11216,AI122,65910919,EZ-93035-TB-961,7054.11,Highland,Delaware,False,2024-05-23,Pipistrel Taurus,,Wendell,Congo - Brazzaville,F320BH,1571,1,-14.3,25206.4,57.0,833.3,14655,2000-12-19,economy
23:30:39,00:41:39,DIK97373,AI606,60120214,VU-81672-XC-871,2098.53,Fort Dodge,Waxahachie,False,2025-01-05,McDonnell Douglas MD-82,,Marya,Paraguay,R211PE,3778,0,-9.3,69438.8,69.0,945.3,28358,2003-09-20,economy
11:53:27,14:24:27,SDR97188,AI047,67224720,OF-02534-WF-236,6840.12,West Sacramento,Duluth,False,2024-07-04,Cessna 210 Centurion,,Virgil,Ghana,K609VW,757,4,-14.3,7281.6,81.0,521.4,6338,2001-11-11,economy
08:54:27,11:25:27,KWC12621,AI226,67463223,DH-79280-EK-853,7370.09,Bellwood,Dumont,False,2024-08-05,Embraer Phenom 100,,Celine,Venezuela,L716AP,5135,0,-8.7,69609.6,43.0,1158.4,44022,2007-10-27,economy
07:31:29,08:42:29,WET73433,AI914,61867211,ZQ-43342-FI-467,2614.42,Cabot,Mesquite,True,2024-11-29,Yakovlev Yak-40,385482TM,Romaine,South Africa,O001DP,800,7,-8.4,7408.0,34.0,510.7,6248,2004-01-05,economy
21:01:36,22:07:36,ZFQ02415,AI050,67827142,QN-42048-NA-187,3344.47,Olive Branch,Lafayette,True,2025-01-07,Yakovlev Yak-40,830463LQ,Garfield,Pakistan,Y203XA,4084,0,-6.2,68092.1,85.0,1397.8,24231,2005-01-18,economy
20:42:27,23:11:27,SNR25144,AI628,62770444,MH-81390-PD-123,5484.76,Southfield,Menlo Park,False,2025-02-07,Embraer RJ145,,Woodrow,Montserrat,H439QJ,3088,1,8.3,45204.8,82.0,926.9,26767,2001-12-15,economy
06:35:38,08:15:38,ICT89245,AI198,62580501,PG-87920-YY-435,3497.32,Olive Branch,Davis,False,2024-05-25,Diamond DA42,,Chance,Diego Garcia,M485DA,4145,0,7.0,63572.9,66.0,1238.5,26322,2006-09-25,economy
19:45:27,20:55:27,SIB14328,AI451,67275244,KI-63161-WU-630,5581.94,Crystal Lake,Marlborough,False,2024-05-13,Tecnam P96,,Teddy,Rwanda,M230EN,3339,0,-10.1,59531.4,16.0,929.6,28824,2005-12-29,economy
04:51:36,06:11:36,RAN58662,AI711,61874104,YF-16354-NS-756,4118.5,Calabasas,Donna,True,2024-11-11,Boeing 787-9,024434VC,Kristofer,Romania,R997SV,1397,5,-14.2,17977.8,75.0,829.2,17450,2001-03-04,economy
23:49:37,00:46:37,FEV27696,AI923,63150636,CI-48189-QU-260,5115.21,Chattanooga,Sunnyvale,True,2024-06-22,Fokker F27 Friendship,416923QW,Asuncion,Laos,G491BE,4181,0,-9.9,67592.0,82.0,1152.1,24052,2006-03-22,economy
08:45:37,10:48:37,ATH66475,AI673,63767128,HE-45163-CP-198,3636.88,Fort Worth,San Clemente,False,2024-12-22,Partenavia P.68,,Bradley,Colombia,Q112HU,1092,7,-1.9,12080.1,37.0,813.9,15299,1998-06-03,economy
02:42:36,04:51:36,YLI54244,AI690,67511793,MJ-76803-QU-428,7793.14,San Juan Capistrano,Bethany,False,2024-12-16,Douglas DC-9-20,,Milo,Samoa,W004EU,4168,1,9.1,66726.2,104.0,1283.7,26786,2008-08-20,economy
03:37:25,05:50:25,CVG90385,AI017,62271398,LF-36575-LE-522,3352.21,Pittsburg,Ogden,False,2025-03-02,Boeing 747-100 Freighter,,Jamee,North Korea,B630OY,3808,1,5.9,63970.5,85.0,979.6,28679,2007-01-17,economy
05:35:37,06:48:37,VXF35903,AI793,68981677,JH-89725-VG-465,1011.7,Pleasanton,Valdosta,True,2024-10-25,McDonnell Douglas MD-90,373324VX,Dagmar,Gambia,E365NU,986,3,-7.0,7337.8,38.0,577.7,7957,2009-03-31,economy
23:34:38,23:45:38,QGE38636,AI534,69659299,NH-03787-AD-782,2421.13,Muncie,Papillion,True,2024-06-09,Tecnam P96,583119IR,Broderick,Réunion,J531KH,5961,0,-7.6,63642.4,41.0,1357.8,43433,1999-04-06,economy
03:28:36,06:23:36,FBV51471,AI858,64318400,HW-41745-VP-215,5829.3,Warren,Middletown,True,2024-06-29,Convair Convair CV-600,676406GY,Cesar,Panama,T518BJ,2551,1,-7.4,23039.0,56.0,917.8,21715,2010-10-22,economy
03:51:29,06:14:29,IKI50562,AI140,61430151,ZM-70221-BI-521,3691.82,Chelsea,Cleburne,True,2024-09-09,Airbus A340-200,564715DP,Erminia,United States,L654TH,4488,1,-1.2,61101.5,61.0,1260.4,24346,2009-02-23,economy
16:44:39,17:22:39,JVM05745,AI027,64556979,QA-98042-CC-454,5392.17,Rahway,Arlington Heights,True,2024-06-19,Ilyushin IL96,410630WO,Genaro,Dominican Republic,W387JD,4538,0,7.7,58125.3,56.0,1076.5,28759,2003-12-09,economy
09:29:28,10:32:28,SGY14996,AI523,67869965,CK-91077-RT-173,5101.2,Desert Hot Springs,Safety Harbor,True,2024-11-05,Boeing 747-8I,146691VY,Homer,Macedonia,F473DO,1513,0,-8.5,26521.6,116.0,820.6,16865,2004-03-18,economy
09:05:39,11:16:39,NKX02544,AI857,61003650,KN-82989-PA-521,6574.36,Kennewick,East Lansing,False,2024-09-30,Embraer Legacy 450,,Izetta,Ghana,T560AZ,1499,5,9.9,12551.3,64.0,816.9,13503,2003-03-13,economy
09:17:25,10:26:25,JMQ12913,AI592,61312083,SF-57681-FG-147,4507.18,Tyler,Bangor,False,2024-09-10,Boeing 787-8,,Ermelinda,Taiwan,H361EH,4919,1,-9.0,64992.0,45.0,1015.9,26241,2000-12-03,economy
02:51:42,04:05:42,ZMA62503,AI887,60310032,KT-19762-BZ-172,3705.03,La Verne,Waynesboro,False,2024-05-28,Piper PA-31 Navajo,,Thomas,Slovakia,V405CY,3179,1,-13.5,52854.1,89.0,973.3,28777,2006-03-18,economy
08:49:33,11:10:33,XRV97009,AI607,69725963,UY-80346-RV-442,2913.06,Rock Springs,Moscow,False,2024-06-01,"\"Airbus A330-700 \"\"Beluga XL\"\"\"",,Brad,Czech Republic,K698WJ,2105,0,9.2,19033.1,119.0,927.4,15197,2004-04-10,economy
04:04:40,06:29:40,DQE79335,AI047,65709173,BH-68196-AI-705,3271.4,Kalamazoo,Baton Rouge,False,2024-05-31,Embraer Lineage 1000,,Robin,Sint Maarten,D562DU,5397,0,-13.7,60283.3,19.0,1020.9,38680,2005-08-24,economy
05:37:33,08:11:33,LNS64635,AI012,64988955,IA-21555-OQ-725,6471.18,Vineland,Woodstock,False,2024-12-25,Boeing 767-200,,Ulysses,Ceuta & Melilla,G795CE,3440,1,5.9,68872.6,30.0,935.2,26697,2008-06-30,economy
23:48:31,00:25:31,ODF86418,AI228,66722477,IM-63600-GO-102,680.32,Yakima,Burton,False,2024-11-23,Fairchild Dornier Do.228,,Jonelle,Macedonia,F731BY,4253,1,-14.9,65050.2,97.0,1157.4,29134,2008-02-24,economy
05:14:30,05:32:30,CZI51225,AI603,68591964,CT-06870-FS-298,6031.47,Chicopee,Colorado Springs,True,2025-02-03,Convair Convair CV-640,571605MP,Ted,Sri Lanka,H141CW,5510,1,-12.5,68372.6,97.0,1334.0,42598,2003-12-19,economy
12:04:29,12:58:29,GGW35264,AI425,67233051,DS-21276-EJ-610,7984.59,Mason City,Livermore,False,2024-08-15,Embraer EMB 110 Bandeirante,,Daron,Czech Republic,N397EK,1413,7,-11.5,14480.7,66.0,840.0,15661,2003-12-28,economy
06:03:27,08:06:27,RFC69856,AI924,67971701,AK-64089-VI-954,7768.05,Gurnee,Boulder,False,2024-09-05,Canadair Regional Jet 200,,Crystle,Oman,Z608IS,802,3,-10.8,7464.5,105.0,653.3,7609,1998-01-30,economy
08:22:27,09:11:27,HRZ72326,AI823,61167979,TF-72269-LT-485,7205.92,Texarkana,Ocean Springs,False,2025-03-02,Airbus A330-300,,Joey,Nigeria,X618TN,3356,1,-6.9,59593.7,116.0,997.9,28459,2007-11-28,economy
10:17:30,12:22:30,QRG04695,AI825,65700995,RB-93411-SW-632,7391.17,Neenah,Caledonia,True,2024-10-20,Boeing 777-200ER,935985UI,Yun,Kazakhstan,O307DI,2409,1,-1.7,18648.9,51.0,940.0,15219,2009-04-19,economy
14:25:32,16:14:32,SQN92578,AI722,69692264,PD-12607-UM-458,2517.36,West New York,Mobile,False,2024-07-10,BAe 146-200,,Dennise,Djibouti,S378SW,521,6,3.7,7000.5,105.0,533.0,5527,2000-07-22,economy
21:49:34,23:16:34,IHC10893,AI567,65556818,EK-70780-HS-735,5646.2,Hinesville,Folsom,False,2024-06-11,Boeing 747-100,,Chung,Mali,H848DB,877,3,-5.3,7090.9,61.0,746.2,7258,1999-11-12,economy
04:43:39,06:53:39,SDN54593,AI011,66293381,JZ-61954-GL-523,1803.31,Hickory,Beckley,True,2025-01-09,Cessna Citation I,017168OE,Stan,Cook Islands,J596GC,6282,0,-6.0,66906.9,90.0,1715.7,59132,2005-06-05,economy
09:53:25,12:38:25,DVX13714,AI246,69140838,HG-02521-LD-566,6297.54,North Miami Beach,Missouri City,False,2025-02-19,Pilatus PC-6 Turbo Porter,,Elmo,South Sudan,A276VN,1328,8,-12.7,13927.4,89.0,809.3,15962,1998-12-19,economy
07:42:27,09:49:27,PAV22650,AI386,65055813,RM-93142-QY-213,4810.92,Prichard,Cottonwood Heights,False,2024-08-25,Embraer Phenom 100,,Normand,Gibraltar,B194CH,3963,0,-9.5,62614.7,93.0,979.6,28710,2009-11-08,economy
12:51:30,15:51:30,RSM20208,AI491,63981840,RC-87077-FA-647,2154.0,Wentzville,Natchez,False,2024-08-13,Embraer Praetor 600,,Percy,Equatorial Guinea,J372UI,4922,1,8.1,62910.3,93.0,1151.7,27749,2003-10-07,economy
20:19:39,21:02:39,VGJ77334,AI697,67253463,LM-54348-GL-112,3508.16,Sevierville,Antioch,False,2024-12-24,Boeing 767-200,,Junior,Dominica,X382OP,4182,1,-11.6,67674.6,82.0,1176.3,26754,2009-10-30,economy
01:20:36,03:49:36,FDU33739,AI843,62552333,WS-07873-WT-044,4171.95,Indianapolis,Santa Clarita,True,2024-10-08,Airbus A321,966860SB,Jeanett,Brazil,Q155ZJ,6486,1,-13.0,63496.9,111.0,1268.4,54409,2008-11-26,economy
06:16:24,06:41:24,ESS52372,AI680,65440132,DU-70507-RC-805,2139.79,Dublin,Anderson,False,2024-10-08,Pilatus PC-6 Turbo Porter,,Willis,Canary Islands,I847RJ,4042,1,-6.9,59582.2,54.0,1004.2,27323,2010-04-14,economy
03:42:42,04:57:42,REZ14250,AI764,61593449,BQ-43528-SF-558,1000.64,Oakdale,Rome,False,2025-01-16,Douglas DC-8-62,,Gary,South Georgia & South Sandwich Islands,L227OX,4045,0,5.5,64715.7,32.0,1130.6,26228,2009-04-28,economy
11:35:35,12:31:35,GYK86982,AI163,65272864,BX-27711-GX-684,3926.06,Lake Zurich,Portage,True,2024-12-19,McDonnell Douglas MD-11F,556050OW,Buster,India,C629WN,4336,1,-8.6,66523.2,120.0,1151.0,24127,2002-06-12,economy
02:08:37,02:46:37,QDK85994,AI847,61584047,TV-93674-KC-228,4650.88,Shakopee,Trotwood,False,2024-08-18,Sukhoi Superjet 100-95,,Rex,Dominican Republic,B147GP,3583,1,7.3,57766.7,87.0,960.4,29887,2000-08-09,economy
21:46:37,23:10:37,OQQ97660,AI451,62037272,IM-27342-BR-163,6716.55,Park Ridge,New Bern,True,2024-08-13,McDonnell Douglas MD-11F,423017JJ,Preston,Egypt,X615AV,4682,1,-6.9,60448.5,79.0,1305.1,24468,1999-03-14,economy
10:50:41,11:50:41,KQN45781,AI561,63631286,RJ-67323-WV-799,7385.01,North Platte,Torrance,True,2024-07-20,Embraer RJ145,288620OE,Shavonne,Ukraine,S826VN,4782,0,7.4,67223.7,120.0,1066.8,28381,1998-06-11,economy
12:38:41,14:53:41,RDH72467,AI705,68802740,JP-30847-WI-581,1505.51,Fullerton,Federal Way,True,2024-06-03,Cessna 162,670336BV,Israel,Montenegro,Y232VT,2768,1,-5.2,24840.0,19.0,945.0,26051,2001-04-13,economy
01:23:34,02:10:34,LAA56042,AI414,63320410,YT-31368-AF-393,7928.78,Reno,Grapevine,True,2024-11-20,Piper PA-46,067579UB,Maurice,Malta,H559OU,5918,0,-11.1,55439.0,96.0,1190.3,45095,2003-07-25,economy
20:39:37,22:15:37,RRN10521,AI801,65932025,WS-69277-ZC-250,969.32,Baldwin,Eagle,False,2024-06-23,Douglas DC-6,,Camie,Serbia,U130OB,2987,1,-6.8,23688.0,81.0,919.1,27837,2001-05-14,economy
03:48:32,06:06:32,CAS93627,AI887,64969220,SR-23024-VL-376,7348.67,Cicero,Compton,True,2025-02-12,Boeing 737-900,443191MQ,Meda,Uruguay,R233KL,597,3,-14.1,7362.9,87.0,590.2,6206,2007-09-19,economy
09:07:36,11:59:36,HZY42198,AI910,67220857,CD-68645-JF-082,5463.26,Haverhill,Darien,True,2024-09-19,Fokker 70,018124TS,Fransisca,Australia,O768OS,6017,1,-10.4,69254.7,96.0,1390.7,54977,2002-06-15,economy
03:02:27,05:17:27,XBQ47247,AI455,68331171,CM-72262-JX-974,6479.63,Shelton,North Ogden,True,2024-08-17,Gulfstream IV,335294OI,Lucius,Djibouti,K328JJ,5720,1,2.8,61765.0,59.0,1386.4,45408,2005-06-13,economy
01:41:27,01:51:27,MHE48791,AI292,67575778,YL-40067-FA-557,6136.95,West Valley City,Arroyo Grande,False,2024-06-05,Beechcraft 1900,,Maryam,Nauru,D313XA,4463,0,4.0,66957.8,65.0,1004.5,26678,2008-09-03,economy
02:54:40,04:21:40,DQP42709,AI259,67228092,OX-76642-YD-584,6150.87,Sandy Springs,Crystal,False,2024-09-28,Boeing 767-400ER,,Monroe,Jersey,H509JE,3242,0,-9.7,48401.7,56.0,935.4,27799,2007-01-30,economy
19:06:34,20:36:34,JDO49188,AI949,68452735,NJ-84784-AC-825,4008.35,Pawtucket,Flint,True,2024-10-19,Tecnam P92 Echo,365271UC,Fredrick,Niger,E592FH,6431,0,-12.6,66133.5,28.0,1629.4,50012,2003-12-27,economy
07:59:38,08:39:38,HTR71845,AI891,60842200,DR-62465-AY-113,5950.04,San Angelo,Rolla,False,2025-01-31,Concorde,,Alessandra,Guinea-Bissau,K978NC,1582,1,-0.1,20789.1,19.0,845.1,13043,2003-11-15,economy
00:53:29,01:45:29,RYD57623,AI954,66345028,RV-04843-IO-429,7189.8,Elmwood Park,Ferguson,True,2024-06-20,Bombardier Global Express,214799IH,Evelyne,Congo - Brazzaville,R157VC,995,3,-14.7,7058.9,36.0,521.1,5420,2008-10-22,economy
02:44:40,03:10:40,PFE92865,AI832,65057706,QL-47235-KW-797,3160.01,Duncan,Bolingbrook,False,2025-03-05,De Havilland Canada DHC-4 Caribou,,Fabian,Gibraltar,W870TS,2382,0,9.4,18921.8,73.0,915.2,16144,2007-09-21,economy
01:49:29,02:44:29,UYG88642,AI538,67873211,NU-43615-VG-908,6711.95,Westbrook,Salt Lake City,True,2024-11-23,Airbus A300C4,970051AO,Victor,Iraq,U750KB,5259,1,-9.3,63818.4,117.0,1119.7,44942,2002-06-18,economy
04:51:43,06:45:43,ZGM31317,AI755,61785366,BZ-99263-XE-823,6215.77,Homer Glen,Cary,True,2024-10-18,Tupolev Tu-214,678636WS,Chau,Ethiopia,G569CG,2377,0,8.7,18765.8,47.0,903.4,18168,2007-04-03,economy
23:08:29,01:18:29,BJL58231,AI159,66359723,GO-80749-OG-329,4128.38,Clearfield,Fairfield,True,2024-12-19,McDonnell Douglas MD-11F,781616GY,Penni,Czech Republic,Z379UI,6499,0,-6.8,62714.6,57.0,1691.6,53672,2002-07-31,economy
08:55:37,10:39:37,DAI10623,AI651,69525772,CA-87160-ST-656,7642.74,Laredo,Coon Rapids,False,2024-11-12,Embraer Lineage 1000,,Darnell,Timor-Leste,B620KI,2246,1,-13.5,18046.2,112.0,942.4,17793,2000-01-27,economy
20:55:27,22:52:27,PXN21668,AI365,69451661,CJ-70991-ZJ-307,3689.39,Emporia,Carson City,True,2024-09-10,Gulfstream/Rockwell (Aero) Turbo Commander,003762WY,Darren,Estonia,G948GK,1113,7,-11.5,16659.1,21.0,839.0,15382,2006-08-05,economy
23:25:35,00:17:35,MXT07925,AI644,68006595,LS-73524-FY-130,7921.63,Carson,Evans,False,2024-07-20,De Havilland Canada DHC-6 Twin Otter,,Stan,Diego Garcia,H171VU,3494,0,-2.0,59090.3,28.0,974.9,27805,2000-01-17,economy
12:11:39,14:26:39,NJC56071,AI007,61346890,KO-30518-AJ-500,664.04,Riverside,Forest Lake,False,2025-01-29,Boeing 767-200,,Herschel,Belgium,L240VM,5472,0,-7.6,58091.7,79.0,1022.5,36678,2003-11-07,economy
03:13:37,04:43:37,VBX25537,AI035,67838909,ZR-72922-HK-734,5323.77,Mount Vernon,Chapel Hill,False,2025-01-19,De Havilland Canada DHC-2 Turbo-Beaver,,Curt,Andorra,B983AC,2604,0,-8.9,23918.5,63.0,919.1,19398,2008-10-14,economy
10:44:38,12:33:38,IHP81361,AI221,61322211,IJ-21140-KD-149,4144.52,Troy,Elgin,True,2024-09-21,Aquila A 210,007586XC,Henry,Curaçao,J481OJ,5710,1,-9.4,60629.0,15.0,1337.7,45663,2005-11-28,economy
19:17:37,22:11:37,GPG87371,AI088,60039539,NK-16325-BI-847,5786.39,Arroyo Grande,Syracuse,True,2024-05-27,Airbus A330-300,091109RR,Luetta,Cocos,C059CO,3278,1,-7.5,64996.9,85.0,992.9,27909,1999-10-12,economy
17:45:27,18:30:27,CZR38484,AI017,63650860,EC-05147-WY-806,2507.32,University Place,Glenview,True,2024-05-24,Airbus A318,772558VY,Antonia,Brunei,Q206GV,4033,0,0.5,59556.0,57.0,1367.7,28615,2004-08-21,economy
01:08:39,02:13:39,WRY67646,AI716,63342446,PA-03866-KX-437,1148.62,Galt,East Orange,True,2024-07-02,Douglas DC-10-10,021123XE,Marlana,Ethiopia,Q931XN,842,5,-12.1,7484.1,62.0,697.4,6129,2007-02-23,economy
00:04:40,02:04:40,RHU85965,AI629,64400849,CA-24719-HE-940,1635.72,Visalia,Lake Havasu City,False,2024-09-01,Embraer Praetor 500,,Derek,Samoa,D590OI,4659,0,-6.9,61026.3,59.0,1214.4,25803,2001-04-29,economy
18:06:25,18:45:25,BXO27035,AI569,67407045,MF-30565-GZ-255,5591.86,Pekin,Lawndale,True,2025-01-14,Gulfstream/Rockwell (Aero) Commander,115762AF,Lavonna,Equatorial Guinea,Q881CU,1983,1,-13.9,16115.6,78.0,845.1,15124,2001-01-28,economy
14:36:30,15:00:30,TIA87254,AI913,62383337,OG-55533-LJ-117,5465.21,La Verne,Barnstable Town,False,2024-12-10,Ilyushin IL18,,Donnie,Malawi,A695TL,3034,0,-8.9,49229.0,89.0,927.5,25077,2001-07-07,economy
09:22:40,10:12:40,PAE09504,AI016,66288527,NA-83576-DN-996,4098.74,Reedley,Royal Palm Beach,False,2024-12-11,Pilatus PC-12,,Beula,Mozambique,E457KU,2546,0,0.7,23779.4,49.0,913.0,21558,2004-06-21,economy
19:39:34,20:46:34,GIZ90901,AI728,62757224,MK-78283-EM-498,5896.95,Reedley,Kaysville,True,2024-12-07,Douglas DC-8-62,885511PU,Cedric,Bulgaria,W093NR,3243,0,-2.0,59505.9,91.0,961.4,27389,2004-01-03,economy
21:07:28,00:00:28,VRC96722,AI450,63788993,AH-03141-YB-501,698.29,Kent,Tiffin,False,2024-11-20,Embraer Lineage 1000,,Casimira,Niue,S503PO,5786,0,3.5,63268.9,45.0,1297.6,47318,2010-09-08,economy
23:54:37,01:18:37,MPX39278,AI444,63623019,WS-33500-WJ-244,2763.63,Newnan,Englewood,True,2024-06-17,Pipistrel Sinus,339126PA,Jospeh,Turkey,B253TT,1698,1,-13.6,29917.3,47.0,841.8,10341,2002-05-29,economy
21:42:41,22:05:41,FNO50755,AI457,68099354,PE-39916-VM-909,5870.57,Converse,Northfield,False,2025-01-30,Cessna Citation Excel,,Carylon,U.S. Virgin Islands,K619YV,2094,1,-9.4,18898.9,78.0,946.4,17378,2009-04-03,economy
14:23:35,16:24:35,FQL31973,AI562,68995108,ZL-09223-JU-929,4194.34,Peabody,Gilbert,False,2024-12-20,Junkers Ju 52/3M,,Ezequiel,Palestinian Territories,K937CQ,3175,1,-6.9,56996.1,58.0,917.2,29938,2010-01-31,economy
04:06:26,05:24:26,OMS76070,AI543,61547170,JK-80128-FP-489,5238.29,North Ridgeville,Roanoke,False,2025-02-28,Shorts SD.360,,Jude,Central African Republic,Q884JZ,704,2,-9.4,7195.4,41.0,674.7,5452,2002-08-12,economy
13:11:40,16:06:40,WAL22228,AI898,64129269,MD-83527-BP-396,7412.82,Durant,Calabasas,False,2025-03-08,British Aerospace Jetstream 32,,Alphonse,Guadeloupe,X031VE,1920,1,-12.1,16630.8,23.0,839.6,17482,2007-01-24,economy
05:32:36,08:00:36,WME15889,AI484,60540777,SB-95332-OF-398,5104.46,McMinnville,Cocoa,True,2024-09-28,Airbus A340-600,310158JH,Gordon,Maldives,E904AX,4809,0,9.5,58480.4,46.0,1205.8,28927,1998-01-22,economy
23:08:38,01:33:38,RIG85257,AI436,69291318,BX-69414-VO-219,789.69,Sulphur,Euclid,False,2024-07-27,De Havilland Canada DHC-8-400 Dash 8Q,,Weldon,Barbados,T882MW,5953,0,-14.9,56793.3,82.0,1214.5,43737,2010-01-21,economy
13:12:26,15:57:26,ZUY58168,AI253,60848633,TE-55690-AE-229,7973.9,Tulsa,Pontiac,False,2024-09-19,Antonov AN-124 Ruslan,,Edyth,U.S. Virgin Islands,I545FO,1132,7,-10.2,12280.9,61.0,839.9,10808,2006-03-15,economy
12:08:27,12:57:27,XWJ20128,AI575,64576230,JE-54416-JV-145,3429.35,Yorba Linda,Goldsboro,False,2024-06-23,Partenavia P.68,,Bradly,St. Kitts & Nevis,D194TT,2377,1,5.6,18595.7,116.0,947.4,15901,2010-04-01,economy
17:04:38,17:36:38,CKE65035,AI243,63400127,XU-05914-DB-840,4346.54,Morristown,Perth Amboy,True,2025-01-26,Boeing 747-100,409689ZO,Tanner,South Africa,S291AC,905,7,8.4,7430.3,17.0,559.9,6909,1998-11-03,economy
21:46:34,00:11:34,JFP32075,AI544,62729564,MV-30923-UV-005,3376.59,La Porte,Doral,False,2024-06-22,Convair Convair CV-600,,Jerome,Bahrain,J365AF,3306,0,-7.2,68256.8,29.0,929.9,28415,2004-07-02,economy
10:46:37,12:48:37,MZP70345,AI310,63180686,MH-10026-AD-556,921.52,Vista,Rockville Centre,True,2024-12-14,Boeing 747-400M,505442FN,Branda,Chile,G877NW,2233,1,0.6,18628.8,57.0,906.7,16673,2004-10-08,economy
01:50:24,03:09:24,RKO13869,AI812,60429186,BT-26224-NE-157,3581.57,Muscatine,Puyallup,False,2024-10-29,BAe 146-200,,September,Italy,L182AF,4046,0,-14.4,65403.6,113.0,1157.9,29858,2008-08-16,economy
19:18:30,21:58:30,OWT62749,AI010,64210674,PR-45387-XC-571,3779.89,Scranton,Urbana,True,2025-02-09,Douglas DC-10-10,725071HK,Laronda,Papua New Guinea,B492DF,758,2,3.8,7404.5,46.0,629.0,6728,2005-01-08,economy
17:47:31,19:53:31,EJE94567,AI584,68944721,RA-47534-VH-500,1408.63,Port Orange,Thomasville,True,2025-03-07,Learjet C-21A,615930ZY,Brad,Cook Islands,P147KO,1624,1,-9.3,21029.2,26.0,817.4,14815,1998-11-17,economy
13:05:38,15:40:38,SVV37618,AI327,60902479,ZC-97783-JD-994,2223.93,Berwyn,East Cleveland,True,2024-07-02,Douglas DC-6,607076GJ,Hobert,Sudan,P929UQ,3167,1,-13.9,53789.2,52.0,921.3,25587,2006-07-29,economy
05:29:28,06:10:28,ZNI69050,AI291,65358336,HY-85628-AN-652,3136.27,Elk Grove,Goldsboro,True,2025-02-13,Antonov AN-26,053204TU,Ria,Curaçao,W546YQ,4603,1,-6.7,67755.4,52.0,1369.0,25296,2008-05-03,economy
21:07:42,22:28:42,WKW09243,AI448,64050175,AV-64131-HY-581,7665.74,Loveland,Sugar Hill,False,2024-11-08,Boeing 727-100,,Evia,France,D148VW,992,5,-12.0,7426.9,90.0,625.7,5948,2003-12-12,economy
16:30:29,18:34:29,TFR42767,AI371,69676251,XF-04234-MZ-274,1627.68,North Miami Beach,Marshfield,True,2025-01-09,British Aerospace ATP,955043HO,Wilfredo,Israel,R270XP,2032,0,-5.9,19082.2,91.0,933.8,19541,2008-12-17,economy
08:21:30,10:23:30,REC43451,AI208,65027151,NQ-38237-LJ-867,5068.4,Edina,Saginaw,True,2024-07-23,Boeing 777-200 Freighter,432600KL,Jayna,Czech Republic,R926HW,5881,0,-9.5,61004.7,37.0,1184.3,44285,2002-05-27,economy
09:55:35,10:19:35,SAB08747,AI313,63921643,RG-53225-YM-374,7501.45,Mukilteo,Rolling Meadows,True,2024-08-07,Cessna Citation CJ2,074797IZ,Alfonso,Morocco,N811HF,5470,1,2.3,64162.9,109.0,1089.4,35612,2003-11-29,economy
15:43:30,16:49:30,YYC17580,AI761,61335033,JD-70929-DV-527,6986.94,Burlingame,Newport,True,2024-05-28,Douglas DC-9-50,994832AE,Ariel,Iran,N338ND,6029,0,-7.6,55297.0,84.0,1587.5,57154,2008-07-15,economy
10:45:28,11:34:28,FED71260,AI966,67228344,IE-00582-YL-239,5699.22,Inver Grove Heights,Perrysburg,True,2024-05-13,Piper PA-28,329738OC,Lyman,Argentina,X273BF,5886,1,-14.4,69999.5,40.0,1015.9,42740,2002-05-10,economy
01:02:39,03:38:39,YEI53196,AI552,61923998,NS-77263-VH-612,3081.27,Crest Hill,Goodlettsville,False,2025-01-25,McDonnell Douglas MD-11F,,Telma,Saudi Arabia,K203BP,2822,1,-11.3,23597.7,87.0,915.8,26011,2006-01-23,economy
02:33:30,04:52:30,UNP51836,AI216,67722928,KU-41603-DS-466,5660.93,Burien,West Lafayette,False,2025-02-01,Embraer EMB 110 Bandeirante,,Ricardo,Indonesia,V481CA,1841,0,-8.1,24626.6,38.0,802.7,11127,2007-03-26,economy
10:59:26,13:49:26,AXL78028,AI575,68976865,FV-16133-LX-457,5176.36,Cambridge,Delray Beach,True,2024-12-16,Boeing 747-200M,082912HA,Wally,Tuvalu,E850ME,1295,6,-14.5,12125.2,119.0,835.9,12610,2007-05-23,economy
05:43:27,07:22:27,INT02269,AI053,61587137,IZ-05644-WU-824,5854.54,McMinnville,Manassas,True,2024-05-24,Douglas DC-9-10,459822SG,Bruce,Benin,D183DG,4542,1,4.9,63403.7,38.0,1221.9,27908,2008-03-29,economy
04:01:43,04:47:43,HJN05408,AI353,65314007,TA-76637-VP-095,3510.64,Bartlesville,Eagle,False,2024-12-07,Convair Convair CV-600,,Kelley,Pitcairn Islands,X640VY,5634,1,-8.1,55653.1,45.0,1281.2,44077,2001-10-27,economy
22:51:29,23:38:29,VZN68823,AI413,64072161,LQ-85878-JB-408,7437.96,Oro Valley,Kentwood,False,2024-09-23,Fokker 50,,Sammy,Marshall Islands,F279GX,864,4,-5.4,7274.4,87.0,500.5,6358,2007-03-27,economy
16:19:25,19:10:25,BRM39321,AI312,62180621,OM-64761-CW-446,2271.93,Harrisburg,Coronado,True,2024-10-27,Pilatus Britten-Norman BN-2A Mk III Trislander,433681CJ,Genaro,Romania,P186MT,590,5,0.6,7155.2,84.0,512.3,5782,2010-06-07,economy
23:31:32,02:04:32,NQY13292,AI919,62748295,DG-34013-RL-363,5940.54,Goodyear,Eureka,False,2025-01-20,Airbus A340-300,,Lenita,Moldova,K123IX,5911,0,9.8,64074.3,27.0,1226.4,40684,2007-01-13,economy
02:23:30,03:19:30,DBR05621,AI881,68220083,TU-18231-CK-570,6191.47,Lake Zurich,Bellwood,True,2024-10-10,Airbus A350-1000,349607JA,Val,French Southern Territories,X522CM,6207,1,-7.8,59526.5,81.0,1478.2,53143,1998-01-26,economy
22:12:30,23:26:30,HSD85252,AI034,69212094,FV-40034-CY-053,7759.18,Sandy Springs,Frisco,True,2024-12-28,Boeing 747-200F,029989LM,Jeffrey,Guam,V617AZ,2771,1,-0.5,22970.4,70.0,920.9,20464,2004-07-29,economy
10:11:26,12:53:26,HML10533,AI388,64527849,BO-20588-XV-945,3969.97,Slidell,Kannapolis,False,2024-11-23,Antonov AN-24,,Chauncey,Suriname,L432GL,4919,0,-12.7,66937.1,53.0,1142.2,24258,2000-02-23,economy
11:47:27,12:02:27,MZV56237,AI431,62566741,XW-74289-FZ-784,5031.51,New Brunswick,High Point,False,2024-06-07,Canadair Regional Jet 1000,,Ray,Hong Kong SAR China,U268HT,3411,1,-11.7,61622.7,65.0,916.8,29656,1998-02-11,economy
19:13:31,22:05:31,FOX70445,AI664,69637854,NR-87831-WK-295,5947.68,Pico Rivera,Annapolis,False,2024-09-26,McDonnell Douglas MD-82,,Chere,Sint Maarten,J542ZF,3744,1,-6.9,56128.7,38.0,918.4,27812,2010-08-28,economy
17:05:34,19:21:34,KKM82391,AI528,66827011,ES-87266-MW-736,2935.97,Greenfield,Indianapolis,False,2025-02-07,Boeing 737-700,,Brain,Thailand,A441ZE,5792,0,-13.7,62357.9,90.0,1150.2,41002,2003-05-02,economy
01:39:41,02:05:41,SIZ08156,AI091,60959381,FD-51372-YY-289,3543.36,Hazelwood,San Luis Obispo,False,2024-05-31,Boeing 777-200 Freighter,,Lane,Diego Garcia,P382VF,1563,1,-10.8,20010.0,103.0,838.1,10799,1998-07-17,economy
06:33:42,08:50:42,VGX96657,AI748,69434806,CT-23383-VQ-730,5078.55,Shreveport,Carbondale,False,2024-10-01,Canadair Regional Jet 550,,Cinderella,Vietnam,N820MY,2262,0,-7.9,18617.1,19.0,924.1,15525,2010-08-20,economy
00:25:42,01:41:42,UGU98758,AI266,68516045,QD-42288-KR-253,5447.75,Melbourne,Wichita Falls,False,2024-09-20,Airbus A310-300,,Joana,Svalbard & Jan Mayen,C486DX,3279,1,5.1,64705.6,102.0,903.0,28622,2010-05-18,economy
15:38:29,16:25:29,JLN35390,AI998,68084688,LK-74155-CG-603,2428.29,Lodi,Wylie,False,2024-06-08,Airbus A340-300,,Season,Brazil,O876NH,5013,0,-13.3,60742.5,22.0,1128.4,41819,2007-08-06,economy
03:34:30,04:05:30,XQP09447,AI939,65087642,CH-21095-FN-923,1870.8,Selma,Glendora,True,2024-10-28,McDonnell Douglas MD-11,301019EF,Gwenda,Nicaragua,P339DS,1273,3,-9.6,12067.1,35.0,843.6,16877,2008-01-25,economy
17:09:29,20:05:29,EEL53895,AI927,65537703,MB-76846-TO-709,5488.82,Evanston,Hurst,False,2024-05-17,Boeing 737-600,,Carmelo,Central African Republic,I900AP,5166,0,-1.0,59793.4,69.0,1015.3,42655,2002-02-11,economy
03:09:38,06:03:38,PMV68567,AI174,61394371,JJ-66199-YJ-302,4838.38,Owatonna,Miami,True,2024-05-31,Canadair Regional Jet 700,613172IU,Deloras,Albania,W837WT,1996,1,-8.9,18440.5,90.0,813.1,13118,2000-02-15,economy
06:13:32,09:10:32,GGX65311,AI889,63119773,YF-20188-UD-019,1392.84,Douglasville,Friendswood,False,2024-10-22,Gulfstream G280,,Claude,Gambia,C713MS,547,8,-5.2,7462.6,80.0,534.2,7457,2009-12-05,economy
10:53:26,13:00:26,MEF83041,AI878,69076738,AI-14258-PI-243,4243.42,Niagara Falls,Orlando,True,2025-01-20,Airbus A350-900,335685DJ,Isidro,Tuvalu,P916IU,5976,0,-12.9,69520.5,109.0,1178.8,45203,2010-06-06,economy
05:22:38,07:33:38,OFM25041,AI146,69571625,YM-27572-VC-193,5458.25,Rock Island,Loma Linda,False,2025-03-01,Douglas DC-8-50,,Regine,Jersey,V417CH,779,4,-12.8,7138.4,32.0,740.0,5693,2005-10-19,economy
04:44:33,06:01:33,HJY15916,AI140,63892865,IE-86631-QP-676,7004.88,Searcy,Bethlehem,False,2024-06-02,Cessna 162,,Anibal,Cayman Islands,C912US,2620,1,-11.2,23764.0,32.0,922.2,21522,2005-08-24,economy
12:26:25,14:00:25,SPO65963,AI327,61233796,KA-18295-LK-747,7581.66,Hilton Head Island,Steubenville,True,2024-09-04,Tecnam P92 Eaglet,272721UY,Refugia,Israel,G088NN,3553,0,-10.2,66748.7,117.0,956.4,29890,1999-01-13,economy
05:11:36,07:03:36,JRF95871,AI229,65598165,JU-73377-OC-884,3454.98,Santa Clara,New Bedford,True,2024-12-05,Cessna 182 Skylane,581719YZ,Bethanie,Christmas Island,T121ES,4416,0,5.0,65054.2,37.0,1053.1,30880,2000-06-01,economy
16:23:33,16:48:33,XGF84628,AI254,65020743,UR-88124-FX-770,4699.67,LaGrange,Beaumont,True,2024-10-31,Fairchild Dornier Do.328,835884LA,Fletcher,Samoa,R287LK,633,8,-8.2,7200.8,35.0,629.8,7904,2003-08-06,economy
12:43:27,13:17:27,KAP93910,AI920,62339058,YD-64234-ZD-745,3484.86,Mountlake Terrace,Abilene,False,2025-02-28,Tecnam P2008,,Sheba,Djibouti,J476UE,6089,1,-1.3,55040.1,39.0,1486.7,54539,2009-01-15,economy
16:00:26,18:11:26,PLU06841,AI993,63475109,WI-61730-ED-248,5314.29,Plymouth,Ellensburg,False,2025-03-07,"\"Airbus A330-700 \"\"Beluga XL\"\"\"",,Etha,Samoa,X980AT,5180,0,-7.7,65978.8,70.0,1090.2,43811,2004-01-22,economy
00:54:40,01:26:40,GXM23870,AI776,65949621,DH-24534-VB-172,1786.98,South San Francisco,Natchez,True,2024-11-19,De Havilland Canada DHC-8-300 Dash 8,854186OT,Leonore,Bahrain,R476HX,2111,0,-8.1,18960.7,21.0,910.1,15660,2004-08-09,economy
06:26:29,06:42:29,YAI50626,AI726,60337352,SZ-44999-KT-383,4435.19,Gainesville,Pleasantville,True,2024-05-13,Piaggio P.180 Avanti,568047DN,Eric,Liechtenstein,I520BO,4536,0,-7.2,69723.2,74.0,1249.5,28387,2008-05-03,economy
11:28:26,13:42:26,QBD24315,AI184,62454875,FO-63412-YK-455,2653.96,Homer Glen,Lakeville,True,2024-11-27,Airbus A330-900neo,056082RJ,Desmond,Mozambique,S643GM,1773,1,8.6,24247.1,31.0,831.7,10063,2002-04-09,economy
12:28:26,14:05:26,NHF17584,AI176,66293097,MW-25907-ZI-252,6621.62,Dothan,Waterloo,False,2025-02-26,Embraer Lineage 1000,,Elfrieda,Monaco,H427IV,1152,7,6.2,16729.6,19.0,831.8,14876,1999-06-17,economy
06:48:24,09:45:24,EDE27391,AI382,66346397,SX-09662-ND-053,662.98,Coachella,Vancouver,True,2024-05-17,Airbus A321neo,273811GP,Harmony,Western Sahara,P923KE,2398,1,-14.5,19786.8,23.0,924.2,17243,2002-10-26,economy
09:30:34,10:07:34,CRN94595,AI212,69288860,AZ-18467-ZU-413,1558.59,Tallmadge,Midwest City,True,2025-02-13,Douglas DC-9-20,286213HD,Emilio,Cayman Islands,U865BY,3269,1,-14.2,64351.3,35.0,948.4,26961,2009-11-20,economy
20:47:41,23:12:41,KEB38647,AI003,69157419,IQ-57193-UY-991,1373.04,Miami Beach,Auburn,False,2024-12-09,Cessna Citation I,,Shyla,Greece,E806CI,2667,1,-1.2,23728.3,24.0,944.9,24932,2010-12-05,economy
05:31:37,08:15:37,DCL67198,AI481,63168976,FY-80324-CJ-464,6007.12,Euless,Austin,True,2024-09-15,Cessna Citation Mustang,337181KI,Trevor,St. Lucia,P628SF,5385,1,-1.9,58866.3,87.0,1376.7,43749,2001-04-17,economy
12:48:28,15:34:28,QBM76937,AI736,61693185,XU-65128-SZ-903,7897.85,Issaquah,Midland,True,2025-01-10,Ilyushin IL96,937621IU,Tarah,U.S. Outlying Islands,G455EN,4735,1,-8.4,64870.8,65.0,1191.2,28384,2010-07-10,economy
06:40:40,07:22:40,VGL05155,AI524,60954512,HQ-28117-TV-150,7400.55,Rosemount,Chowchilla,True,2024-08-11,British Aerospace Jetstream 32,112863QM,Vinita,British Indian Ocean Territory,D117RL,4055,1,5.6,59901.6,19.0,1111.8,25406,2001-12-22,economy
23:41:32,00:33:32,THY20880,AI266,66855137,MX-01403-GB-935,1349.55,Albuquerque,Grandview,True,2024-09-06,Boeing 727-100,150109YK,Junior,Colombia,R918XM,6109,1,-14.2,56476.0,77.0,1773.1,55089,2000-03-18,economy
00:39:34,03:36:34,VPJ75592,AI647,64446300,GE-31926-OF-995,5673.65,Arcadia,Ocean Springs,False,2025-03-07,Lockheed L-1011 Tristar,,Sanora,St. Vincent & Grenadines,Q750ED,1773,0,5.3,23395.5,101.0,803.5,17667,2010-05-31,economy
06:11:25,07:12:25,JGT02423,AI191,69143649,JG-86642-YH-676,3869.64,Mustang,Texas City,False,2024-10-06,Tecnam P2006T,,Francis,Wallis & Futuna,I465PX,4869,0,-13.9,58001.3,57.0,1043.8,26817,2006-09-19,economy
09:52:43,11:09:43,PNV67051,AI860,64882695,ZR-17271-XG-648,3784.98,College Station,Rock Hill,False,2025-02-20,Embraer RJ140,,Lorina,Russia,K955LN,4736,1,-11.3,62894.3,23.0,1029.5,28722,2000-06-28,economy
07:21:42,08:24:42,SBJ91654,AI184,69622126,DG-68969-KE-301,678.39,University City,Lubbock,False,2025-02-17,Learjet 36,,Jeffery,North Korea,Q994XW,1455,6,-7.0,15823.6,46.0,847.5,17960,2008-05-21,economy
12:09:27,12:40:27,ECG27617,AI902,61983943,AW-45699-GW-457,1450.17,Hamtramck,Wichita Falls,False,2024-06-19,Antonov AN-12,,Cheryll,Barbados,K810JC,637,4,-14.6,7072.8,35.0,613.3,7363,2009-04-26,economy
23:52:26,02:05:26,DCH18436,AI102,64814006,QU-58162-UP-539,4851.62,Bristol,Bayonne,True,2024-10-23,Embraer Lineage 1000,824519IO,Rod,Norfolk Island,W801OM,5167,1,9.4,60268.2,113.0,1359.0,37690,2005-05-07,economy
22:59:37,01:06:37,FGN93055,AI445,68148608,NR-30475-QZ-915,2584.94,Weirton,North Royalton,False,2025-01-02,De Havilland Canada DHC-8-200 Dash 8,,Delmy,Anguilla,W901JL,1819,0,-1.0,21646.2,22.0,838.9,10066,2010-03-26,economy
11:21:31,13:28:31,ETG16164,AI925,64231935,ZW-78115-JE-058,1071.48,Norwood,Sacramento,False,2024-12-29,Bombardier Global Express,,Verlene,New Zealand,F876JR,1931,1,-5.5,28451.2,26.0,828.5,10983,1998-01-23,economy
06:47:39,09:00:39,ZDO70581,AI836,63504624,SL-12080-XC-522,1572.7,Paramount,Savage,False,2024-10-24,Airbus A350-900,,Loura,South Africa,T639CU,3446,1,-8.5,60622.2,57.0,934.7,28880,2002-12-05,economy
09:23:38,10:08:38,QFI39732,AI050,63766122,YI-66205-EA-503,1146.12,Woodstock,Forest Grove,False,2025-01-16,Tecnam P2006T,,Louanne,Réunion,V537PT,1467,5,-7.2,17772.6,79.0,836.4,16000,1999-05-29,economy
04:40:25,06:36:25,AMM66225,AI801,61848413,JT-68770-KE-402,4332.92,Sheridan,Avenal,True,2025-01-02,Boeing 747SR Freighter,323431AO,Shaun,Colombia,H927AN,1715,1,-14.1,28702.2,73.0,833.3,16337,2008-01-26,economy
11:09:38,11:39:38,AZY89529,AI343,63587309,GB-96079-BA-255,3036.37,New Lenox,Rogers,True,2025-01-25,Boeing 787-8,308035MW,Valentine,Portugal,C742FB,544,7,-12.2,7353.7,104.0,602.0,7339,1999-01-20,economy
14:23:41,15:19:41,DCN53234,AI970,61801399,XB-63983-XY-240,4033.96,Cottage Grove,Manitowoc,False,2024-05-14,Airbus A340-300,,Kati,Lebanon,G356YL,2701,0,-1.2,23148.2,71.0,942.6,19230,2007-03-15,economy
23:38:32,02:13:32,BGV86074,AI733,68433358,DB-47867-DU-735,5346.91,Chico,San Rafael,True,2024-09-02,BAe 146-100,851375CU,Glendora,Belize,C282YB,6314,0,-2.0,67339.1,36.0,1425.7,58830,2000-10-02,economy
01:50:38,03:49:38,ITA25207,AI766,65865590,VP-91429-QG-842,4463.03,Port Huron,Encinitas,True,2024-11-13,Boeing 747-100 Freighter,269634AH,Lang,Nicaragua,Q638IJ,5522,0,-8.8,61744.5,112.0,1210.6,44593,2009-02-25,economy
00:25:27,02:11:27,EWS83349,AI978,65773841,YX-12185-UK-742,7481.17,Vineland,Sanger,True,2025-02-07,Boeing 737-400,682714LG,Shelby,Azerbaijan,U278LS,3168,0,-0.1,41996.1,70.0,907.3,26899,2004-10-05,economy
22:46:26,00:14:26,WFM87901,AI046,64688208,SN-69343-FZ-290,2660.09,Rahway,Rancho Santa Margarita,True,2025-01-12,Airbus A350-1000,789047YR,Madie,Luxembourg,I969RY,1355,7,-5.1,17389.8,106.0,821.8,10252,2008-05-09,economy
23:47:29,00:59:29,ARM36328,AI333,60650648,NT-53465-VJ-570,5347.74,Lenoir,Kissimmee,False,2025-01-09,Learjet 60,,Doug,Turkey,R484ZH,1027,8,-7.4,16099.8,120.0,828.1,16743,2008-01-17,economy
16:15:24,16:55:24,CPM23279,AI190,68648922,HA-04549-OZ-518,3076.41,Yucca Valley,Austin,True,2024-09-26,Cessna Citation VII,446594FN,Elsy,Bangladesh,E895QL,6031,1,4.2,67263.3,68.0,1588.7,55794,1998-01-08,economy
04:12:41,06:02:41,SEG51124,AI918,67112353,YR-55432-BX-039,4537.86,Pleasant Prairie,Hayward,True,2024-12-19,Embraer E195-E2,919813VJ,Jenette,Sudan,R859FW,3777,0,2.6,66959.2,90.0,943.7,29123,2004-09-30,economy
10:48:28,12:48:28,ODX45779,AI978,62524483,EV-56083-FH-999,3376.98,Kerrville,DeKalb,False,2024-05-26,Cessna 172,,Filiberto,Gambia,Y032ZD,2668,1,-12.8,23531.0,93.0,939.1,26339,2000-04-22,economy
20:44:39,21:01:39,YLU54533,AI750,66181757,XD-48047-VB-370,3792.66,Madera,Oak Creek,False,2025-02-09,De Havilland Canada DHC-7 Dash 7,,Dale,St. Pierre & Miquelon,Y364RA,793,7,7.9,7464.3,38.0,592.6,6184,2000-05-12,economy
13:36:25,14:44:25,MGM38803,AI048,68969195,UW-79851-QC-454,3243.38,Kyle,Grandview,True,2024-08-05,Evektor SportStar,930632TD,Rolando,Bangladesh,U403HF,4171,1,-7.6,59359.9,107.0,1179.9,27160,2000-09-23,economy
11:17:27,13:07:27,YMJ07446,AI333,67969840,AC-66338-PZ-574,4051.95,Oxford,Durant,True,2024-11-22,De Havilland Canada DHC-7 Dash 7,842144KF,Filiberto,Uzbekistan,H729SR,2779,0,-7.5,24213.5,62.0,901.8,21908,2010-09-05,economy
06:28:31,08:07:31,OWX75275,AI996,69672974,NH-10454-CR-106,2681.49,Hattiesburg,Cleveland Heights,True,2024-10-15,Gulfstream IV,709098JY,Trent,St. Lucia,C250QU,2513,0,-13.3,24547.8,60.0,931.6,26583,2000-07-26,economy
16:13:35,17:50:35,VXR75270,AI806,69119303,HB-22632-UR-010,5353.31,Morgantown,Fall River,False,2024-08-26,Airbus A340-300,,Alejandrina,Bahrain,W676AM,4459,1,-1.3,63256.5,34.0,1357.9,28343,1999-11-04,economy
00:46:35,01:20:35,RGQ57933,AI714,66088110,XR-65516-LE-991,2992.66,Lima,Colton,True,2025-03-08,Antonov An-225 Mriya,682415ZG,Arturo,Niger,K357EC,3843,0,-14.8,57830.2,15.0,923.3,25950,2009-06-29,economy
04:39:24,07:25:24,TSB92514,AI640,66638511,XH-19941-MD-498,2228.62,La Cañada Flintridge,Tigard,True,2024-11-24,Hawker Siddeley HS 748,335000FF,Reynaldo,Ireland,N710QR,3744,1,-13.0,60677.6,36.0,943.9,28677,2003-04-12,economy
14:40:35,17:20:35,IVP64762,AI060,61171239,JF-42852-FU-422,1116.76,Pelham,Westmont,True,2025-03-06,Cessna 310,976268IN,Tyron,St. Martin,D449OF,1308,7,-7.9,17723.5,92.0,814.2,13906,2000-11-06,economy
14:40:34,17:34:34,KYL31457,AI695,62810818,RA-18015-SV-658,5635.96,Anacortes,Hamilton,True,2024-11-20,Convair Convair Convair CV-640,750714SZ,Marylouise,Cocos,P474RU,1354,4,-5.2,12411.1,78.0,807.9,17481,2004-07-26,economy
03:54:41,06:25:41,IRE80874,AI313,61217496,WC-45299-EH-957,2055.46,Novi,Central Falls,False,2024-06-19,Boeing 767-200,,Miguel,St. Lucia,F364CC,1406,8,-5.0,14947.9,75.0,841.8,15987,2002-03-17,economy
01:56:39,03:23:39,EAD20269,AI875,60586695,ZV-94989-FX-986,4492.87,Pearl,Watertown,True,2024-12-17,Canadair Regional Jet 100,317619XR,Perry,Lesotho,C731WF,3910,0,-5.3,61493.5,63.0,950.6,25078,2005-06-11,economy
03:50:39,05:38:39,ICN31717,AI654,65146648,CV-78214-UM-338,7872.64,Saginaw,Duncanville,False,2024-09-02,Piper PA-28,,Jonas,Comoros,P787FV,3800,0,-7.9,69233.2,97.0,927.5,25469,1999-05-27,economy
16:58:31,18:58:31,FST16040,AI106,67986243,SX-00439-AW-044,7012.65,Barstow,Sanford,True,2024-05-15,Boeing 737-600,175075OK,Santo,Rwanda,B381AW,1446,4,-13.7,15384.4,78.0,848.8,10860,2007-05-20,economy
19:21:35,21:25:35,VSE89178,AI305,64716715,AV-65773-TB-455,6187.4,Atlantic City,Jackson,True,2024-08-03,Reims-Cessna F406 Caravan II,669777OD,Olin,El Salvador,L350CC,4411,1,-14.1,60442.0,55.0,1396.1,29660,2009-07-16,economy
09:39:30,10:59:30,AND87219,AI830,65251164,PA-66161-LP-380,4119.94,Binghamton,Palestine,True,2024-07-21,Boeing 777-200ER,391332PH,Dawne,Hong Kong SAR China,Q168RP,1714,0,1.5,28997.2,99.0,819.5,12317,2008-06-06,economy
12:14:24,13:30:24,KFC65723,AI442,61774435,IR-83097-ZA-534,3653.07,North Miami Beach,Alliance,True,2024-07-03,Cessna Citation CJ2,964940SA,Dallas,Chad,Y756EI,3296,1,8.9,63849.7,85.0,967.4,26574,2006-08-31,economy
10:03:31,10:59:31,ZZP35488,AI090,68241304,PX-45396-UR-809,5327.39,Winter Haven,North Charleston,False,2024-12-29,BAe 146-100,,Lilliam,Diego Garcia,D473AV,535,7,-1.0,7422.2,63.0,670.0,7188,2002-12-24,economy
06:09:31,07:35:31,SNS55487,AI878,60671041,JY-04987-QU-947,1953.25,Albert Lea,Cedar Hill,False,2024-07-08,Gulfstream Aerospace G-159 Gulfstream I,,Kiley,Antigua & Barbuda,T192HO,1008,4,-14.8,12666.2,23.0,803.7,11804,2003-01-05,economy
12:16:38,12:39:38,VKD79227,AI533,60934080,DZ-18671-XF-520,5729.59,Bountiful,Wyandotte,True,2024-07-02,Airbus A319neo,994537AS,Booker,Denmark,O127IV,4911,1,-14.5,68614.7,33.0,1090.9,24388,1998-09-05,economy
11:58:30,12:45:30,ZMR60839,AI871,61961542,OD-28766-SF-843,4615.76,Hammond,Euless,True,2024-12-11,LET 410,570290IW,Sanford,Uruguay,T080QE,4407,0,-9.8,57389.5,68.0,1186.8,28226,2003-10-17,economy
06:00:36,06:50:36,CAS37078,AI553,63569029,ML-48428-FB-422,1080.57,East Palo Alto,Mattoon,False,2024-12-22,Cirrus SF50 Vision Jet,,Gala,St. Helena,T565CR,6328,1,-7.8,60395.3,80.0,1437.9,50549,2002-02-10,economy
08:13:25,09:20:25,DJW36658,AI808,61930213,DG-67920-DO-359,6598.41,Port Orange,Vancouver,False,2024-12-31,De Havilland Canada DHC-3 Otter,,Wilson,Vanuatu,A414CY,5428,1,1.2,55439.4,91.0,1011.9,36918,2001-09-22,economy
11:04:30,13:30:30,IFV69647,AI341,66299022,TJ-10965-WF-639,1875.4,Wilkinsburg,Greeley,False,2024-10-16,Boeing 747-400,,Eldon,Serbia,K273ZU,1987,0,-5.5,16994.3,66.0,839.0,14769,2006-07-18,economy
02:10:39,04:15:39,NQN27752,AI410,68403381,LN-82531-AR-336,5122.65,Dolton,Pacifica,False,2024-07-08,Convair Convair Convair CV-640,,Maricruz,St. Pierre & Miquelon,E806VI,788,4,2.7,7360.8,110.0,674.6,6181,2000-07-14,economy
02:11:37,04:54:37,QSK72621,AI039,65399434,TG-10303-RC-601,4921.59,West Fargo,Pensacola,False,2024-08-30,Airbus A300-600,,Reed,Jersey,R694NY,6142,1,-14.7,55361.2,49.0,1495.7,58288,2008-01-18,economy
11:00:39,12:25:39,DPZ25012,AI993,61902874,HB-19944-KO-323,3542.12,Huntington,Sapulpa,False,2025-01-23,Cessna Citation CJ4,,Tamisha,Guernsey,C366AY,3548,1,-9.9,64822.2,57.0,962.1,27018,2007-10-29,economy
06:19:38,08:12:38,UPJ62554,AI220,64644595,HR-10834-GM-860,933.6,Belvidere,Homestead,True,2024-11-30,Junkers Ju 52/3M,762720JB,Sandy,Belarus,S243QK,682,7,-7.1,7355.7,78.0,722.6,6571,2005-10-28,economy
21:44:27,23:37:27,ERG17384,AI635,63494472,RN-65993-PW-663,6775.23,Kirkland,Reynoldsburg,True,2025-02-12,Embraer RJ135,144905VY,Brittni,Jordan,S307CG,4434,0,4.2,66401.6,37.0,1068.4,26472,2005-10-13,economy
10:20:30,10:52:30,LQD83950,AI361,67257383,YH-84691-NJ-941,5042.06,Clearfield,Pelham,False,2025-02-11,Junkers Ju 52/3M,,Gregg,Cook Islands,F020LE,2318,1,-14.4,19283.2,36.0,907.8,18977,2006-11-13,economy
07:42:31,08:28:31,PWU50171,AI026,64354011,DC-98433-LF-709,6647.54,Los Angeles,Maple Heights,True,2024-12-10,BAe 146-300,217030GX,Ema,Paraguay,C775TA,4032,0,-2.1,65113.7,60.0,1190.1,30151,2010-07-24,economy
11:39:25,13:39:25,ATW54809,AI269,68862130,YP-53984-YJ-184,1432.55,Calexico,Tinley Park,False,2024-10-18,Antonov An-148,,Valery,Austria,A483AM,607,4,-10.8,7325.2,52.0,593.7,5250,2008-08-06,economy
12:21:32,15:19:32,NIA12378,AI739,67558626,RI-89979-DX-269,3139.35,Windsor,North Ridgeville,True,2024-05-19,Convair Convair CV-640,588479UX,Tianna,Antigua & Barbuda,C653LA,2793,1,-5.7,24277.1,19.0,900.1,24439,2001-04-14,economy
05:50:41,08:02:41,HLH64243,AI983,67043652,BS-16513-PU-383,6354.87,Bellflower,Gary,False,2024-06-19,Evektor SportStar,,Jake,Dominican Republic,U255OV,5348,0,-10.8,67065.4,15.0,1121.8,43858,2009-05-07,economy
15:40:30,16:22:30,SJA21368,AI072,67217958,HA-66796-SP-305,703.16,Skokie,Sugar Land,False,2025-01-24,Tupolev Tu-214,,Letty,Angola,U813OI,6249,1,-8.1,62639.0,59.0,1451.4,54114,2008-08-02,economy
22:31:33,01:11:33,EAU79203,AI176,66724667,KS-94079-PY-729,6540.3,Evergreen Park,Dearborn,False,2024-05-30,Boeing 747-200F,,Belia,Kuwait,B749JU,2917,0,-15.0,23898.9,69.0,900.1,25305,2010-08-23,economy
02:21:24,04:51:24,VUI95563,AI179,67749954,NG-59726-YB-971,5324.86,Westbrook,Tamarac,True,2024-12-10,Gulfstream V,855936JR,Audrea,Zimbabwe,M778YY,798,6,-11.3,7268.2,102.0,638.4,5638,2010-06-20,economy
23:38:26,00:10:26,HRD13477,AI970,67252933,XB-54146-NK-170,5712.93,Lincoln Park,Prairie Village,False,2024-12-06,Antonov AN-30,,Earle,Djibouti,Z319RG,5031,1,9.1,62463.5,117.0,1344.7,37542,2009-06-20,economy
10:32:24,11:53:24,UUM78388,AI997,60871837,JN-72162-WI-140,1306.37,Howard,Nashville,True,2024-09-15,De Havilland Canada DHC-8-100 Dash 8,376755YN,Dalton,Slovenia,B035NM,5680,0,2.8,55232.4,42.0,1021.6,44459,2007-12-04,economy
12:08:34,14:04:34,NQF36185,AI620,61350231,GD-08025-KF-793,1901.52,Rockford,Gilbert,False,2024-11-22,Embraer 190,,Lowell,Bosnia & Herzegovina,I946DB,2277,0,-13.8,19290.2,30.0,915.7,15736,2007-05-20,economy
16:01:43,18:35:43,XAH57280,AI033,64664620,TB-48728-DK-674,2184.32,Blue Springs,Elk River,False,2025-01-31,Lockheed L-182,,Amos,Niue,J145GO,5787,1,-8.0,64780.0,60.0,1101.4,43579,2010-08-09,economy
01:47:41,02:44:41,QRM74546,AI321,69035089,EO-66192-CV-814,1698.92,Donna,Nampa,False,2025-01-12,Cessna Citation Mustang,,Nieves,Hong Kong SAR China,O057LI,3984,0,0.6,56181.7,52.0,903.8,29965,2007-05-11,economy
06:56:25,07:31:25,GAV36775,AI874,65593810,ON-84845-IU-749,3354.67,Elko,Hays,True,2024-07-28,BAe 146-300,391441UX,Michael,Chad,G209PX,859,4,-7.5,7332.6,32.0,591.7,7067,2004-11-21,economy
05:18:25,06:08:25,RIR09819,AI743,62156730,FT-52136-HA-759,1941.15,Onalaska,St. Matthews,True,2024-12-11,Piper PA-31 Navajo,015867AU,Karisa,Equatorial Guinea,T873XO,2644,1,-13.5,23732.9,74.0,918.0,21922,2010-09-07,economy
08:40:34,10:10:34,MGB76965,AI439,68932239,QF-98505-NK-964,2146.94,Linden,San Angelo,False,2024-11-27,Piper PA-44 Seminole,,Katrice,Aruba,E661XG,3595,0,1.3,60715.1,105.0,914.3,29075,2010-07-08,economy
13:11:33,15:44:33,RGL29565,AI291,65162631,ZU-82473-WB-651,6191.6,Anchorage,Banning,True,2024-06-12,Douglas DC-9-10,635865YY,Quinn,El Salvador,G574DA,5117,0,9.3,64423.2,111.0,1137.1,38081,2004-09-04,economy
06:27:34,07:32:34,GYN61172,AI847,61449233,LG-18074-WK-343,7711.73,Hurst,North Richland Hills,False,2024-06-05,Embraer Legacy 600,,Morton,Mayotte,Z343OV,5384,0,-7.4,58373.2,67.0,1007.5,35303,2009-02-15,economy
09:56:39,11:08:39,RJP58470,AI636,62567192,TQ-39779-SH-440,2966.27,Yuba City,San Clemente,False,2024-05-17,Tecnam P2012 Traveller,,Eugene,Somalia,T388WZ,5841,1,-13.0,60998.1,51.0,1141.9,45460,2000-02-12,economy
11:04:27,12:03:27,IWR34627,AI298,61870085,NW-57357-IL-297,7381.5,Cape Girardeau,Helena,False,2024-09-27,Boeing 747-200M,,Marleen,Norfolk Island,H748SF,1458,8,-6.0,15706.3,109.0,830.9,15850,2001-08-14,economy
07:56:38,08:42:38,JAY55162,AI744,66602254,XP-01882-WN-945,3854.77,Beloit,Compton,False,2025-02-16,Embraer 170,,Myron,Netherlands,T107PG,5533,0,-14.7,63474.9,48.0,1303.5,43776,1999-12-17,economy
15:45:30,17:53:30,UOS64046,AI935,66478221,AR-57103-PJ-163,4190.38,Belmont,Fremont,True,2024-11-26,Fokker F28 Fellowship,006654EI,Darrin,Jersey,W975LA,2150,1,-10.4,18833.2,24.0,932.8,19762,1999-12-14,economy
04:43:34,06:41:34,QQN57463,AI575,64830994,XH-99885-DY-477,7484.78,La Habra,Lake Charles,False,2025-02-16,Airbus A300B2,,Jamison,Ireland,Y252GF,1134,2,-10.5,12184.4,92.0,816.7,11399,2003-07-08,economy
05:55:34,08:24:34,BKW03049,AI748,67221148,FL-20991-IR-001,5406.55,Mill Creek,Garland,False,2024-08-06,De Havilland Canada DHC-5 Buffalo,,Valeri,Bhutan,M314KY,5979,1,-5.5,68700.3,56.0,1103.8,41576,2005-07-31,economy
05:08:42,05:54:42,AKN38816,AI025,66287722,LE-79989-ZI-696,2623.38,Carson City,Simi Valley,True,2024-12-03,Pipistrel Virus,672476TC,Ashli,Greenland,R283LT,609,6,-8.9,7095.5,31.0,658.2,5890,2006-11-15,economy
15:52:40,16:05:40,YQD97397,AI380,66342988,BG-15254-TC-402,4949.95,Citrus Heights,The Colony,False,2024-08-19,Grumman G-73 Turbo Mallard,,Freeman,St. Kitts & Nevis,G368BI,2392,0,-0.8,19607.4,74.0,932.4,15028,2000-04-19,economy
10:59:30,13:29:30,OHC14437,AI521,69797886,VF-18620-HN-476,5282.19,Compton,Libertyville,False,2024-06-11,Boeing 737-600,,Lanita,Greenland,B065YQ,5038,1,-8.3,55437.7,30.0,1205.0,40946,2005-07-09,economy
14:02:27,15:37:27,IZN55984,AI675,69008872,QW-84048-OW-905,5770.37,Lawrence,Hammond,True,2024-10-29,Boeing 787-8,559929CV,Angelena,Burkina Faso,B220SW,4744,1,-7.3,60576.3,37.0,1068.2,28231,2000-10-02,economy
11:36:27,14:32:27,QQE99872,AI609,68107790,CI-50787-SF-144,2822.81,Santa Fe Springs,Somerville,True,2025-02-07,Grumman G-21 Goose,309437FX,Ariel,Uruguay,E784CK,1741,0,-11.5,23586.1,107.0,804.1,17268,2000-10-01,economy
04:11:39,04:44:39,NSQ80292,AI906,66867312,CW-82625-BS-956,7711.29,Dearborn,Woodbury,True,2024-09-06,Ilyushin IL86,462760YQ,Elly,Tajikistan,X060HF,5048,0,2.2,66408.9,108.0,1151.6,43053,2004-09-22,economy
00:23:36,01:57:36,TRS27414,AI117,64805363,GM-03412-CF-882,5986.77,Mountain Brook,Elmira,False,2025-02-25,Embraer Legacy 600,,Coralee,China,M649KM,1876,0,3.9,24595.6,24.0,836.4,11509,2006-09-25,economy
10:07:33,12:07:33,ILJ37040,AI441,68888155,XG-38774-AQ-129,6941.72,Lubbock,Matthews,True,2024-12-01,Douglas DC-9-50,540591MR,Matt,Czech Republic,U618XD,1336,2,-14.8,15953.6,97.0,821.6,11754,2002-05-19,economy
19:10:25,20:02:25,XNP00848,AI523,68455934,CF-33329-SD-947,7748.68,Paris,Paso Robles,True,2024-09-13,Cessna 310,438788DX,Suzi,Turks & Caicos Islands,W863ZK,4727,1,9.5,63995.9,15.0,1103.6,26477,2000-12-03,economy
13:26:39,14:10:39,DOH30453,AI897,64784275,JE-12805-MK-853,7620.18,Millbrae,Harvey,True,2024-06-10,Boeing 747-400M,510402LS,Hector,São Tomé & Príncipe,N468LV,6259,1,4.0,67116.2,93.0,1618.9,52834,2007-10-11,economy
02:00:31,02:18:31,JYZ31158,AI802,60449776,IH-06127-WI-276,490.6,Minnetonka,Rock Springs,False,2024-05-22,Beriev Be-200 Altair,,Ray,Costa Rica,N710CZ,2667,1,-12.4,23533.0,76.0,938.3,25457,2006-10-25,economy
09:31:38,10:48:38,VWT15128,AI708,62665132,PI-65264-JI-577,6694.98,Forest Grove,Atlanta,True,2025-01-23,Boeing 727-200,403817NB,Fairy,Romania,I144IL,3515,1,-13.9,61463.6,85.0,933.1,27709,2005-09-16,economy
22:09:27,22:35:27,WXA57593,AI200,69993081,UV-66880-WF-740,2079.28,Durango,Plantation,True,2024-07-06,De Havilland Canada DHC-5 Buffalo,044318LZ,Kip,Czech Republic,T003QT,5820,1,-5.3,61891.2,18.0,1329.0,45768,2005-04-25,economy
15:29:24,17:22:24,DSE29079,AI746,60856059,CA-73407-YR-591,6273.31,Gladstone,Palm Desert,True,2024-09-24,Yakovlev Yak-40,548080GI,Jeromy,Burkina Faso,K324FE,6433,0,-11.1,58490.9,48.0,1672.4,58032,2009-05-21,economy
13:00:35,14:42:35,YOB37633,AI902,61020572,SC-27936-CT-269,1931.27,Lewiston,Carlisle,True,2024-09-03,De Havilland Canada DHC-8-100 Dash 8,614688WD,Gilberte,Guinea-Bissau,A416MW,3526,1,-1.3,62741.3,96.0,924.6,25940,2008-10-09,economy
02:34:36,04:54:36,TVO32341,AI429,60258322,UQ-40542-AZ-306,4226.56,Rahway,Evansville,True,2024-07-11,Canadair Challenger,931409EL,Bok,U.S. Virgin Islands,P326NY,1701,0,9.1,21971.6,42.0,832.5,15128,1998-06-27,economy
05:22:26,08:16:26,HLM49041,AI106,66494788,GG-19095-DT-997,4793.86,Bartow,Yucaipa,True,2025-03-08,McDonnell Douglas MD-81,111399XD,Willard,Cuba,I387LX,1329,3,-10.0,15736.1,99.0,823.3,10657,1998-12-19,economy
05:15:35,06:05:35,DTP27466,AI374,69817596,RH-89462-BJ-147,4920.55,Turlock,Bothell,False,2024-09-06,Saab SF340A/B,,Benedict,Dominican Republic,N007YO,4958,1,-13.2,68513.9,41.0,1139.4,27195,2010-10-03,economy
00:59:39,01:24:39,ACB56636,AI833,66622007,KL-73123-ZH-331,7984.34,Elk River,Pasco,True,2024-08-21,Gulfstream Aerospace G-159 Gulfstream I,367193BY,Arlinda,American Samoa,R523QI,6178,0,-5.0,68359.4,110.0,1308.8,56820,1998-05-08,economy
