departure_time,arrival_time,flight_id,aircraft_id,itinerary_no,ticket_no,flight_cost,origin_airport,destination_airport,frequent_flier,travel_date,airplane_model,frequent_flier_no,passenger_name,passenger_country,tail_no,distance,turbulance,temp_at_dept,fuel_consumed_litre,taxi_duration_mins,avg_flight_speed_kmps,engine_performance,passenger_dob,passenger_flight_class
22:08:41,23:57:41,CCK50278,AI947,61143910,SS-34573-UW-271,3940.67,Cape Coral,Paducah,True,2024-08-30,Robin ATL,019346PG,Beckie,St. Helena,S873RN,1724,0,-7.5,24177.5,25.0,834.3,12773,1999-11-08,economy
18:29:30,19:17:30,BRT38419,AI438,68917462,NT-33366-BW-995,698.1,Carrboro,Hilliard,True,2024-11-19,Boeing 737-800,843568VO,Long,Sint Maarten,H544XD,5842,0,-7.3,59102.8,120.0,1127.3,46453,2001-01-27,economy
13:32:41,15:14:41,KEU89486,AI045,62198786,BR-03300-EE-686,784.61,North Richland Hills,Central Falls,False,2024-11-21,Airbus A319,,Maire,Marshall Islands,Z674GW,2008,1,-9.7,19477.8,84.0,945.9,18050,2003-03-13,economy
03:05:41,05:18:41,IBS70775,AI185,60626570,AU-56262-KK-045,6566.72,Shelbyville,Algonquin,True,2024-06-12,Embraer EMB 110 Bandeirante,591994WX,Laverna,Guyana,Y250VC,2995,0,9.2,24837.3,61.0,924.8,23305,2010-08-23,economy
02:17:42,04:40:42,RRY73762,AI300,64518729,BF-56894-KJ-878,4697.51,Huber Heights,Belleville,False,2025-01-26,Beechcraft Baron,,Andrew,Liberia,I392BQ,4517,0,-2.4,58542.4,29.0,1359.5,29326,2006-01-17,economy
05:32:32,05:55:32,WZC11077,AI016,64753622,VO-34062-JB-666,7514.29,Kent,Bessemer,False,2025-01-12,Dassault Falcon 50,,Kayleen,Norfolk Island,G905SB,4418,1,-9.1,58896.3,63.0,1394.9,29017,2007-01-26,economy
01:55:36,02:38:36,CQH08933,AI391,61291943,MP-02740-CI-363,6345.17,Altamonte Springs,Oakdale,False,2024-06-28,Boeing 777-200LR,,Carolynn,Burkina Faso,Z390MD,653,8,-5.4,7072.4,92.0,702.0,6493,2003-07-06,economy
21:38:26,22:40:26,DIW01592,AI107,61984003,BH-42691-MM-714,2206.17,Minot,Manteca,False,2025-01-16,Boeing 737 MAX 10,,Naoma,Yemen,B971ZT,3929,1,8.9,59729.6,28.0,954.2,25329,2010-10-08,economy
14:57:42,17:09:42,AOY85799,AI309,62635400,GO-32033-IO-953,3385.38,Renton,Gladstone,True,2024-10-04,Airbus A319neo,816295LT,Matha,Belgium,Y217HT,4667,0,-1.6,61950.7,57.0,1085.2,29570,2003-12-26,economy
23:19:25,01:21:25,COM80669,AI616,66540853,HK-75719-PV-578,3054.0,Melrose,Ankeny,False,2025-01-12,Antonov AN-24,,Linwood,Faroe Islands,I793VO,4573,1,-13.8,69136.5,107.0,1001.1,29281,2004-07-26,economy
17:19:26,19:31:26,MXV75695,AI240,68008974,ZH-80377-DY-865,1901.81,Sioux City,Brook Park,False,2024-05-28,British Aerospace Jetstream 41,,Ladawn,Mongolia,M680JW,1994,1,-8.4,17042.2,82.0,829.2,10006,2005-06-05,economy
10:47:29,11:36:29,TGP17971,AI406,66456468,IP-99450-FJ-948,1483.64,Carol Stream,Galveston,True,2024-11-21,Honda HA-420,975607SY,Benton,Kyrgyzstan,X529ZV,1129,8,8.0,13053.3,65.0,814.9,11219,2004-11-23,economy
11:31:27,12:37:27,WOF84529,AI894,64140554,GR-04023-VL-801,4266.79,Cedar Hill,North Canton,True,2024-10-20,GippsAero GA8 Airvan,717450DH,Karren,Marshall Islands,N577TD,2664,1,3.5,23680.2,44.0,941.3,24644,2008-01-08,economy
16:55:32,19:46:32,ZNP21685,AI745,66686888,US-67856-PO-042,5967.44,Zanesville,Encinitas,True,2024-12-24,Canadair Regional Jet 700,067177NO,Blake,St. Pierre & Miquelon,S340VG,5093,0,7.2,58010.1,48.0,1305.7,39236,1998-09-29,economy
00:20:26,00:50:26,QGO03529,AI412,61617027,DV-38556-FT-434,515.94,Coalinga,Morgantown,False,2025-02-14,Ilyushin IL86,,Dillon,Ecuador,I863YY,3731,0,-5.5,68738.5,49.0,920.4,29826,2002-04-23,economy
23:39:36,00:34:36,EWA33822,AI133,67232178,UX-56759-TU-444,1329.61,Sioux Falls,Lauderhill,False,2025-03-02,Shorts SC-7 Skyvan,,Kenny,Mauritius,J342KV,5175,1,-13.4,66482.8,18.0,1222.3,40008,2005-07-17,economy
04:37:29,05:57:29,XDI77016,AI261,69287829,LD-84146-KA-293,492.33,Kokomo,Mission,True,2024-05-19,Tupolev Tu-214,933713JV,Taisha,Gibraltar,Q699YB,5374,0,-8.6,57079.5,89.0,1173.4,40363,2007-08-03,economy
12:04:37,13:55:37,GSA71055,AI504,67985927,NJ-70734-QQ-390,3236.24,Franklin Park,Eau Claire,True,2024-12-13,Cessna Citation CJ3,810612DC,Harold,Guernsey,U031EC,5571,0,-9.0,57778.0,37.0,1174.5,44156,2005-09-17,economy
19:14:42,20:49:42,DPR37348,AI226,66965726,QP-74797-WO-770,4562.69,Atlantic City,Zanesville,False,2024-10-01,Team Rocket F1,,Marx,Solomon Islands,W171RN,4415,0,5.8,59511.2,30.0,1299.5,29519,2000-01-28,economy
13:40:29,13:50:29,XGC22581,AI194,68263537,XV-91297-CA-613,3643.83,Vestavia Hills,Tempe,False,2024-06-21,Airbus A300B2,,Ammie,American Samoa,X576NF,3384,1,-7.4,59609.9,61.0,906.4,25531,1998-09-25,economy
10:22:39,12:21:39,TWM83406,AI161,66049626,IA-26894-LA-940,4491.48,Norman,Marion,True,2024-09-25,Douglas DC-8-50,844040AJ,Walter,Brunei,F700OX,5123,1,-12.6,55954.0,34.0,1287.0,40492,2010-11-06,economy
17:16:32,17:34:32,QPC26499,AI944,66636803,PU-82509-IR-967,5857.48,Westland,Seal Beach,True,2024-12-08,Tupolev Tu-134,697836ND,Alexis,Trinidad & Tobago,A056NT,826,8,8.6,7172.5,83.0,726.8,5501,2005-01-15,economy
16:07:33,17:47:33,IMA61582,AI616,60802170,XH-07866-FX-177,7362.58,Lake Havasu City,Dumont,False,2024-07-01,CASA/IPTN CN-235,,Samual,Isle of Man,L274TK,2653,1,-9.3,23393.6,68.0,913.5,20621,2009-12-18,economy
07:44:40,09:01:40,POZ64936,AI240,69886989,KA-11514-ST-085,7962.46,Elgin,Chicago,False,2025-02-13,British Aerospace Jetstream 32,,Owen,Vatican City,V899YG,974,5,-9.7,7429.3,57.0,723.3,5722,2005-01-11,economy
06:49:39,09:09:39,CAT69713,AI574,63225613,XZ-33456-MF-019,6044.03,Melbourne,Baldwin,True,2024-06-06,Airbus A320neo,952466AW,Temika,Liechtenstein,C217KL,4345,0,-11.6,64652.0,48.0,1085.1,29231,2010-09-12,economy
08:01:28,08:32:28,VCD92648,AI579,62351302,OY-03883-JM-003,2502.98,Elk River,Friendswood,True,2024-12-11,BAe 146-100,011598XC,Ruthanne,St. Pierre & Miquelon,C824YF,3758,0,-6.6,59978.8,45.0,988.1,25385,2001-02-15,economy
11:01:37,13:19:37,JIX60426,AI483,66334933,YN-99835-GT-590,3925.76,Victoria,Franklin Park,False,2024-08-22,Aquila A 210,,Kraig,Svalbard & Jan Mayen,U780HH,5791,1,-7.2,69598.3,77.0,1043.3,44512,1998-02-19,economy
11:05:31,12:01:31,OIH58452,AI531,67574922,MN-50065-SH-573,5664.52,Painesville,Fond du Lac,True,2024-08-16,De Havilland Canada DHC-8-300 Dash 8,247721KF,Cyrus,Russia,Q833UR,6331,0,-7.8,67650.9,108.0,1687.3,55495,2008-08-08,economy
07:46:30,10:13:30,ESK11217,AI573,66706078,GN-90060-QD-023,6346.99,San Ramon,Ann Arbor,True,2024-11-03,Boeing 707,663978TD,Raphael,Qatar,C367FT,6035,0,-9.6,65486.0,92.0,1317.5,54092,2004-02-12,economy
20:51:31,23:38:31,UQS25017,AI591,68766295,PX-65166-QU-824,810.47,Monrovia,White Plains,True,2025-01-16,Canadair Regional Jet 550,899504BD,Brenton,Luxembourg,B468YV,1794,1,-8.7,27537.3,64.0,822.5,11339,2006-04-19,economy
20:00:40,21:52:40,MNS33043,AI419,60236428,KI-69385-CA-579,5682.59,Memphis,Cleveland Heights,True,2024-10-08,Saab SF340A/B,677094XN,Ernie,Denmark,X330LS,2372,0,5.8,19510.0,83.0,934.5,16916,2008-04-29,economy
19:34:41,21:30:41,WBY06128,AI071,67001898,UM-83509-KJ-876,3670.55,Orland Park,Millbrae,False,2024-12-24,Concorde,,Lionel,Kuwait,G491OF,5898,1,-14.8,60491.8,71.0,1020.2,45299,2008-01-10,economy
06:22:31,08:40:31,VXC26882,AI363,60748463,OU-58042-RQ-352,6801.62,Miamisburg,Myrtle Beach,False,2025-01-10,ICON A5,,Pok,Burundi,T978GK,5914,1,-6.1,64340.7,39.0,1371.4,46023,2001-12-02,economy
10:26:34,13:17:34,PBZ70483,AI132,64538630,EB-86235-EM-202,3577.4,Clarksburg,Palm Bay,True,2025-01-22,Cessna Citation X,550592QE,Michael,British Indian Ocean Territory,C862XM,1129,7,-10.1,16107.3,38.0,841.1,14899,1998-01-22,economy
04:50:34,05:52:34,TOJ48832,AI944,66980822,TA-58221-JG-105,5113.18,Abilene,St. Charles,False,2025-01-29,Pilatus PC-12,,Epifania,Chile,F222DZ,1217,6,-11.8,13755.9,17.0,804.1,14985,2000-12-20,economy
08:40:24,11:36:24,LXS79075,AI227,66052085,YO-91463-VR-601,616.64,Cedar Rapids,Inver Grove Heights,False,2024-10-06,Tupolev Tu-204,,Edmundo,Seychelles,B373CF,5119,0,3.1,59769.3,24.0,1299.7,35649,2003-06-12,economy
19:21:32,22:06:32,KIS11781,AI566,66420404,NF-47954-CN-541,6828.16,Waukegan,El Reno,True,2024-06-08,Airbus A350-1000,168209UL,Mozell,Niue,J188FR,3075,0,-13.3,41355.0,117.0,990.0,26701,2007-06-16,economy
04:22:43,04:56:43,XHL14793,AI872,63964182,EN-97874-RC-677,6551.81,Kettering,Las Vegas,False,2024-11-25,Boeing 757-300,,Ron,Ethiopia,S639JF,694,5,-5.6,7369.5,46.0,737.3,6150,2004-11-25,economy
19:24:41,19:56:41,XCJ97199,AI115,66130108,YM-68558-DT-550,2596.52,Bainbridge Island,Dana Point,False,2024-12-09,Lockheed L-182,,Maurita,Samoa,E409EO,4006,1,-1.5,56726.5,108.0,1280.6,24646,2004-06-09,economy
00:44:28,03:21:28,LQQ70702,AI543,61500041,SU-16870-OA-738,2931.39,New Berlin,Flint,True,2024-06-22,Embraer Legacy 450,854185GV,Elvis,Tristan da Cunha,B889TS,2340,1,-9.3,19818.5,42.0,916.4,15040,2005-03-13,economy
10:17:39,10:46:39,KDN97169,AI453,62638064,WJ-84405-US-798,6048.09,Plainview,Southaven,True,2024-06-28,Cessna Citation CJ4,882058PI,Byron,South Korea,Y601CV,3379,0,-12.0,65341.2,85.0,975.7,27642,2008-11-21,economy
05:44:25,07:14:25,ACF88212,AI532,66663160,PT-54585-AL-602,7204.03,Dodge City,Blythe,False,2025-02-22,Douglas DC-3,,Ara,Somalia,R733IL,3700,1,9.3,66837.1,110.0,932.8,27307,1999-04-19,economy
22:42:26,22:58:26,TVF50090,AI697,65667391,AV-75802-CM-083,7812.72,Des Moines,Maricopa,True,2024-06-02,Airbus A340-200,190630CP,Torrie,Lesotho,E046IO,2758,0,-10.2,23263.0,21.0,930.7,22432,2007-12-23,economy
00:17:28,01:40:28,AJW33682,AI191,60114626,PB-39890-DS-420,3026.41,Apex,Millville,True,2024-09-04,ICON A5,676472AN,Twanda,Iraq,G264DS,744,8,-5.7,7402.3,91.0,571.5,6207,2001-01-16,economy
09:44:42,12:18:42,HWM22738,AI287,67986953,AP-18046-CU-169,5259.19,Rosemead,Crystal Lake,False,2024-11-10,Tecnam P2008,,Doretta,Tokelau,L447XL,3243,0,-9.1,52317.7,93.0,904.1,26686,2007-05-03,economy
00:35:33,03:17:33,MHW72852,AI864,61833777,BV-98030-JF-902,3603.86,Lewiston,Broadview Heights,False,2024-08-23,McDonnell Douglas MD-90,,Les,Spain,T802LD,876,2,8.2,7154.2,49.0,503.9,5638,1999-01-15,economy
01:20:37,02:39:37,TNS16921,AI927,65971535,QL-75029-OW-629,3711.86,Huntsville,Upland,False,2024-09-05,Partenavia P.68,,Shizue,Croatia,Z243EU,1591,0,2.4,24059.5,81.0,825.3,10811,2001-06-24,economy
09:29:40,11:15:40,UOV07879,AI211,66340424,UR-51660-IZ-515,7059.42,Southlake,Homestead,False,2024-09-17,Douglas DC-9-40,,Johnathon,Jordan,K603WR,5627,0,-6.0,63427.0,79.0,1154.6,47799,2005-07-29,economy
18:59:27,21:10:27,FUD67548,AI010,68223642,JY-43491-LW-106,776.1,Tahlequah,Keizer,False,2025-01-13,Ilyushin IL96,,Brittni,Thailand,J970GK,2417,1,-10.9,19771.1,101.0,934.7,17054,2001-03-28,economy
16:06:29,16:46:29,MTX65857,AI399,61408079,JV-88727-JT-277,3939.79,Smyrna,Hickory,True,2025-02-21,Bombardier BD-100 Challenger 300,770774BX,Carol,Serbia,R214DE,1687,0,-10.6,20013.1,110.0,807.1,11341,2001-03-07,economy
09:07:31,09:31:31,PLG27986,AI943,65113543,NJ-03216-HC-223,5542.84,Twinsburg,Texarkana,True,2024-08-28,Lockheed L-188 Electra,210191XD,Ambrose,Kazakhstan,S396NT,4399,0,-13.1,65002.1,105.0,1289.4,29358,2005-02-21,economy
22:25:32,22:45:32,CEC86947,AI230,67924061,ET-43232-PU-210,2336.35,Normal,Kirkland,True,2024-12-16,Tecnam P2010,066112CC,Rafael,Paraguay,E510AG,1039,2,4.1,14030.0,92.0,802.5,15311,2002-06-29,economy
23:26:39,02:13:39,HXN28619,AI781,68087669,VZ-99324-VI-948,1248.07,Rockville,San Juan Capistrano,False,2024-10-01,Avro RJ100,,Gino,French Southern Territories,Z167EK,6355,1,-5.9,68422.4,37.0,1310.2,56265,2001-05-24,economy
22:35:33,23:56:33,GIM80374,AI831,63223334,LN-92619-PI-262,7330.38,Elgin,Sugar Land,True,2024-10-31,Boeing 737 MAX 8,171198XS,Leida,Mozambique,I936GL,1931,1,-8.5,21754.5,29.0,811.6,11837,2001-07-03,economy
02:59:26,04:39:26,SFJ43850,AI728,68101478,VT-05276-DJ-398,7833.43,Wake Forest,Amarillo,False,2024-06-15,Airbus A310-300,,Leon,Mali,R754AU,5827,0,3.2,67740.0,73.0,1307.7,41096,2008-05-19,economy
21:32:37,23:34:37,MRI05446,AI114,67541956,JN-71758-BE-798,3273.76,Leawood,East Peoria,True,2024-09-12,Embraer EMB 110 Bandeirante,822737YE,Perry,Kenya,C410VB,5948,0,-15.0,55292.8,53.0,1047.1,41825,2008-07-28,economy
00:51:34,03:42:34,OSW61539,AI317,64250184,FE-09646-XO-374,3354.93,Highland,Macomb,True,2024-05-24,Tecnam P2002 Sierra,673785ZB,Drew,Tajikistan,K632XH,1707,0,0.9,29291.9,26.0,820.8,16479,2004-04-25,economy
09:40:33,12:22:33,LZC18380,AI945,69113017,XI-22554-SS-113,7080.35,Rochester Hills,East Point,True,2025-02-02,Yakovlev Yak-40,117638YB,Toby,Austria,C927DH,2452,0,-8.4,19026.5,79.0,929.5,19041,2008-04-07,economy
23:56:31,01:49:31,BAL35774,AI292,63818789,WN-68219-IJ-297,650.1,Dublin,Lauderhill,True,2024-08-10,De Havilland Canada DHC-8-200 Dash 8,373189QM,Millard,United States,G630YD,3932,1,-9.7,69788.0,87.0,900.9,28623,2006-07-09,economy
08:39:31,09:06:31,HZT34399,AI352,61663195,PN-41564-DO-125,4397.27,South St. Paul,Saginaw,True,2024-12-26,Lockheed L-1011 Tristar,394482KI,Collin,Mongolia,F705UE,4432,0,-8.7,61141.7,91.0,1292.2,26197,2003-12-09,economy
05:36:42,07:04:42,AMD45133,AI559,69548922,VY-08868-WO-020,6174.88,Cleveland Heights,Bakersfield,False,2024-10-09,Fairchild Dornier 328JET,,Efren,Liberia,D260HM,1352,4,4.0,17841.6,78.0,802.4,10576,2004-03-11,economy
20:38:29,23:30:29,ORF15543,AI640,62495861,WY-28213-IJ-604,4926.52,Omaha,Linden,False,2025-01-03,Curtiss C-46 Commando,,Meri,Lithuania,H073IM,4596,0,6.6,59956.7,64.0,1060.2,28565,2000-07-30,economy
04:05:41,04:25:41,YOD62442,AI229,68020277,BA-63785-GA-778,5514.17,Solon,Winona,True,2024-05-31,De Havilland Canada DHC-3 Otter,251862NZ,Alton,Portugal,Z613EK,1602,1,5.0,21990.9,116.0,844.6,17059,2003-12-26,economy
16:05:43,17:30:43,NRO15876,AI338,62639960,JQ-46715-AU-893,5955.91,Ashland,Shoreview,False,2025-01-06,Tecnam P92 SeaSky,,Deonna,Iran,X095FL,922,3,-7.4,7142.8,111.0,514.2,7317,2003-10-22,economy
00:12:36,01:03:36,PJC49735,AI428,66860737,HY-26010-JK-114,6647.37,Lemoore,Elko,True,2025-01-08,Fokker F28 Fellowship,059153UB,Debbra,Nicaragua,N076ME,4831,0,-8.8,66487.0,26.0,1324.0,25325,2007-12-23,economy
05:44:27,08:19:27,QVG67305,AI531,68889182,BF-80028-SI-913,5157.76,Lynn,Pittsburg,True,2025-02-10,Ilyushin IL86,488115MA,Ed,Algeria,A465SM,3037,1,-9.5,55452.6,74.0,914.0,26673,2005-02-16,economy
12:53:28,13:54:28,KRP06023,AI963,65570361,HD-72374-TE-296,7086.24,Fairfield,Macomb,False,2024-08-16,Piper PA-46,,Florencio,Sudan,J513EB,3497,0,-9.9,67942.5,95.0,967.8,29980,2000-06-12,economy
11:16:27,13:16:27,ASN11028,AI760,69477616,AT-48195-PX-174,4931.7,Johnstown,Godfrey,True,2025-01-04,Embraer 170,462031KU,Hannelore,Armenia,E456RW,2229,0,-14.2,18633.9,32.0,909.0,17584,1999-09-29,economy
23:50:39,02:16:39,HHD16009,AI131,65548820,UA-02273-SU-194,6056.93,Chicopee,Rosenberg,True,2024-05-17,Learjet 36,343867IY,Etha,Greenland,D490CF,5223,1,-11.8,64492.2,76.0,1027.3,41352,2001-10-20,economy
08:00:40,09:34:40,YAS33622,AI429,66047190,LM-32854-YB-398,4361.79,Terre Haute,Addison,True,2024-12-07,Boeing 777-200 Freighter,813791PZ,Onie,Austria,A422JH,3341,0,-7.4,55500.8,36.0,957.0,28058,1998-07-30,economy
05:40:33,07:31:33,XHI63391,AI366,62573784,JY-41189-DD-667,1166.39,Redlands,Knoxville,True,2024-11-10,British Aerospace Jetstream 41,136125DU,Ming,San Marino,T685KE,3900,0,-14.8,62482.7,87.0,943.3,26901,1999-03-10,economy
05:29:42,05:40:42,CJM31968,AI172,68354501,MO-47488-LQ-079,1372.13,Burleson,LaGrange,False,2024-11-04,British Aerospace Jetstream 41,,Regenia,Norway,M273PC,3999,1,9.1,55176.7,58.0,916.9,27559,2007-04-07,economy
06:49:41,09:46:41,YKS11872,AI032,65370082,LZ-48193-EA-123,7659.49,Pleasant Prairie,New Hope,False,2024-08-19,Embraer Phenom 300,,Tai,Bhutan,F877WK,2353,0,-0.6,19099.2,50.0,904.0,19121,2006-08-05,economy
11:13:36,11:50:36,ZOF82620,AI670,67098174,NT-64770-ZZ-593,6211.71,Thornton,Murrieta,False,2024-09-17,Airbus A300-600,,Allan,Turkey,P524AO,2967,0,5.7,23613.0,24.0,927.3,19034,2000-10-04,economy
12:57:32,13:59:32,SMZ67053,AI074,66118479,ZF-74285-ZH-717,6357.43,Waco,Chesapeake,True,2024-06-30,Shorts SD.330,696111GY,Yessenia,Fiji,R396FP,3900,1,-14.3,60546.0,87.0,980.7,26107,2003-11-08,economy
12:55:31,13:27:31,MJS78240,AI079,62190116,EU-39942-KD-821,3246.89,Cudahy,Brigham City,True,2024-10-06,Boeing 767-200,032055VE,Zachariah,North Korea,V058US,876,5,-12.3,7393.9,67.0,572.0,5926,1998-01-28,economy
08:00:34,08:49:34,MSJ32220,AI157,68749624,ZZ-36192-TS-309,2021.94,Durham,Moreno Valley,False,2024-06-25,Yakovlev Yak-42,,Julienne,Iceland,I913WF,5200,1,6.6,68353.8,49.0,1259.9,35307,2000-10-10,economy
07:34:40,08:19:40,YEC08773,AI037,69154615,NM-92768-BL-411,6035.89,Brea,Livonia,True,2024-06-18,Airbus A330-800neo,953373LC,Cedrick,Mozambique,K258MR,2000,1,0.6,28608.3,94.0,809.3,13416,2001-10-13,economy
16:09:33,17:31:33,ZZB22615,AI074,61448701,XW-41287-UA-040,2296.19,Ypsilanti,Germantown,False,2025-01-17,Canadair Challenger,,Bernardina,El Salvador,S132VU,1198,2,1.0,17218.6,74.0,816.3,15717,2007-08-19,economy
18:02:36,19:50:36,KKU51321,AI683,66849566,TA-97067-AZ-119,1585.08,Easton,La Quinta,False,2024-06-12,Gulfstream IV,,Josh,Solomon Islands,W729UR,3451,1,7.5,61814.0,41.0,966.9,27195,2007-03-13,economy
05:17:41,05:29:41,TBD41205,AI194,65856228,VV-84590-YM-661,7155.53,Northfield,Columbia,True,2024-07-09,Cessna 152,584665FS,Taunya,Slovenia,L614ZM,2609,0,-8.8,24143.2,93.0,904.1,20987,2000-02-28,economy
08:28:31,09:00:31,ATW11663,AI660,66869150,DP-05579-QC-272,3362.44,Cooper City,McHenry,True,2025-01-14,De Havilland Canada DHC-6 Twin Otter,660843AE,Mellie,Estonia,J199UF,5613,1,-10.4,69825.5,50.0,1261.8,47785,2000-06-19,economy
10:41:42,13:36:42,OOM74469,AI989,66021143,IN-10498-UP-037,1836.12,Olathe,Rosemead,False,2024-09-24,Learjet 36,,Levi,Guinea,G245JD,5806,0,-10.7,58822.5,115.0,1380.0,46369,2010-06-01,economy
06:19:30,09:11:30,ZBB59008,AI816,65117453,OC-04505-AI-453,1211.54,Leander,Bartlesville,False,2025-01-15,Boeing 777-200LR,,Mike,Slovenia,P421UN,5394,1,8.2,65453.2,39.0,1173.7,40391,2001-12-08,economy
22:58:30,01:40:30,HIB17632,AI411,63564964,OC-79697-VN-347,1034.93,Taylor,Pompano Beach,False,2025-01-13,Antonov AN-140,,Roger,Swaziland,P978LP,4859,0,-10.5,61671.8,17.0,1034.0,29529,2001-08-04,economy
14:04:38,15:32:38,OKS37460,AI262,60118273,RM-67628-ON-572,6292.6,Downers Grove,Wilkes-Barre,True,2024-08-14,Dassault Falcon 2000,429864WB,Lesley,Turkmenistan,B517QV,4910,1,4.7,62563.4,38.0,1345.8,27677,2009-05-23,economy
03:21:39,06:02:39,CFN01399,AI651,63726119,PB-68256-QC-077,1481.24,Surprise,Oceanside,False,2024-07-12,Canadair Regional Jet 700,,Robt,South Korea,L464UD,6312,0,-10.1,56634.2,15.0,1356.5,51136,2010-10-26,economy
10:44:29,12:19:29,USM44859,AI672,67214784,QQ-38606-BJ-969,5991.77,Douglasville,Laconia,True,2024-12-30,Airbus A340-200,711525KR,Celsa,Turkey,J760LQ,3579,1,1.8,61180.6,21.0,987.1,29068,2008-10-29,economy
08:24:37,08:55:37,OPD31757,AI905,63091566,RS-63279-GG-873,3215.94,Plattsburgh,Kissimmee,True,2024-07-02,Dassault Falcon 2000,362578EM,Kerry,Madagascar,B644QU,4951,0,-11.4,65808.3,21.0,1009.3,26230,2005-06-27,economy
17:37:33,19:27:33,YRB54804,AI242,60492807,OJ-56356-RZ-857,5858.74,Harker Heights,Lee's Summit,False,2025-03-08,ICON A5,,Amberly,Seychelles,B349AV,538,8,-8.3,7473.3,113.0,649.6,5917,2004-09-15,economy
06:22:43,07:59:43,MZA20771,AI432,62913750,IZ-26264-IM-068,5522.94,Rialto,Greenfield,True,2025-02-20,Embraer EMB 110 Bandeirante,335328UG,Vannesa,St. Lucia,Z214TF,3131,1,-14.0,43523.0,69.0,925.3,25370,2003-05-10,economy
21:04:33,22:22:33,FPE39933,AI585,66932922,HP-46550-PH-253,5764.66,Alsip,Hawthorne,True,2024-11-30,Team Rocket F1,689528TX,Danny,Vanuatu,Z803AT,6337,1,-5.3,59672.5,67.0,1560.3,50153,2010-10-26,economy
02:40:40,05:10:40,RWE73416,AI620,65503392,IR-21602-ER-170,3912.02,Venice,Mobile,False,2024-06-08,GippsAero GA8 Airvan,,Jorge,Russia,Y519HP,4589,1,-10.9,69160.0,25.0,1034.8,25622,1999-03-26,economy
03:27:34,04:30:34,ZJA31187,AI068,67924387,SM-81174-IW-296,7999.28,Urbana,Overland Park,False,2025-02-21,Boeing 717,,Neoma,Solomon Islands,W834SU,2573,1,-8.7,24926.3,88.0,907.2,21933,2010-01-13,economy
11:56:33,12:49:33,WSQ58743,AI431,67755873,XJ-66235-EQ-304,4136.38,Millville,Dinuba,False,2024-09-23,Boeing 707,,Damien,Poland,T167XN,1092,8,0.6,15126.3,111.0,813.6,16075,2000-01-16,economy
09:41:42,11:27:42,CGO38708,AI992,69892003,AJ-57776-RX-567,7850.85,Baytown,McKinney,True,2024-05-23,Fokker 70,324494SL,Wilmer,Thailand,V047VG,1757,1,-8.1,28491.5,56.0,809.9,14578,1998-04-23,economy
20:03:30,21:22:30,XBL10064,AI163,62126327,PB-68057-JH-794,932.8,Washington,Wylie,False,2024-12-27,Cessna Citation III,,Fredricka,Réunion,Z585LZ,849,8,8.6,7391.8,79.0,684.8,6667,2002-12-11,economy
18:52:29,20:18:29,YWS69333,AI024,63866255,HM-67633-XJ-868,6607.4,Bullhead City,McHenry,False,2024-07-11,McDonnell Douglas MD-87,,Lorean,St. Kitts & Nevis,F373PV,1070,3,1.2,13316.7,46.0,808.5,17533,2006-03-19,economy
16:26:38,17:28:38,IEA45272,AI838,67813431,WS-90872-QV-798,7479.51,Rancho Cordova,Maplewood,False,2024-10-14,Boeing 747SR Freighter,,Samuel,Togo,M636BZ,1138,7,-12.5,12791.7,80.0,847.1,17476,2008-09-21,economy
02:32:40,05:04:40,UBQ30910,AI051,60547546,KX-35551-HN-776,4982.65,Monterey,Battle Ground,False,2024-06-05,Cessna Citation VII,,Juan,Antarctica,G275GJ,1918,0,2.4,26760.6,110.0,846.1,10052,1998-07-13,economy
05:36:33,08:02:33,MSU41959,AI652,69645098,TU-80512-LK-718,5548.64,Faribault,Shreveport,True,2024-12-27,Douglas DC-9-20,602877VL,Elroy,São Tomé & Príncipe,D314EE,4578,0,9.4,66343.2,25.0,1316.7,30744,2004-09-15,economy
12:07:35,14:15:35,FJM41030,AI542,67452075,MR-20692-WB-826,4938.98,Modesto,Blacksburg,False,2024-10-09,Tecnam P96,,Calista,Isle of Man,V210BU,2112,1,-6.7,18346.2,40.0,916.5,16651,2010-01-13,economy
19:49:34,20:42:34,SMH55086,AI359,61983867,AP-18181-ZY-871,1663.84,Avenal,Oakley,False,2024-09-19,Canadair Regional Jet 200,,Catrice,Singapore,S949DA,826,7,-7.7,7330.8,102.0,619.5,5467,2001-02-15,economy
01:23:30,02:50:30,FDQ25779,AI108,62474187,EF-84233-KZ-468,7211.47,Broomfield,Fort Lauderdale,True,2025-02-08,Boeing 737-800,632108HH,Reena,Indonesia,M009JB,5222,1,6.2,58343.7,97.0,1013.8,44309,2007-01-14,economy
13:48:42,15:26:42,EVZ26859,AI568,65214956,FE-48428-ON-856,7329.27,Leominster,Sioux Falls,False,2024-07-17,BAe 146-100,,Wen,Germany,I486KZ,6250,0,-11.4,69550.7,66.0,1300.2,58699,2008-05-25,economy
11:42:25,13:50:25,AJI55879,AI500,63222043,XT-82579-VL-814,3398.78,Rocklin,Matteson,False,2024-05-17,Boeing 777-8,,Dimple,Canary Islands,Y941WE,3835,0,-13.1,60467.0,42.0,993.2,25416,2001-11-03,economy
06:54:42,08:15:42,JOC61894,AI065,61590408,OQ-03913-WD-787,5662.32,Cooper City,New Smyrna Beach,False,2025-03-06,Grumman G-21 Goose,,Jerrica,Tanzania,G012CC,5266,0,-6.3,57416.9,85.0,1133.2,43216,2009-01-01,economy
21:21:36,22:24:36,QGR11277,AI759,62648940,WW-32011-TJ-573,2962.52,Elmhurst,Waxahachie,False,2024-06-26,Boeing 737-900,,Slyvia,Lebanon,Y412TE,1324,6,-5.5,16888.5,27.0,806.3,10701,2002-08-27,economy
19:40:40,21:45:40,JLX35651,AI571,61352485,JE-35610-LL-448,730.98,Oak Creek,Redwood City,True,2024-08-30,Antonov AN-124 Ruslan,595458HF,Eric,Christmas Island,I886FS,6467,1,-8.5,66834.7,58.0,1344.2,59392,2008-07-14,economy
02:24:43,05:04:43,XEX64478,AI260,68975764,NN-91527-PL-378,727.03,Newport Beach,Logansport,False,2024-11-01,De Havilland Canada DHC-8-200 Dash 8,,Desire,Guernsey,X602SB,6367,0,-8.1,65748.8,19.0,1240.7,53875,2004-02-05,economy
12:34:36,12:58:36,YHU39273,AI525,65656553,MK-03285-SG-484,3405.7,Rockledge,Wooster,True,2024-10-06,Partenavia P.68,926743LY,Berenice,Laos,D955YH,1628,0,-12.7,21748.5,53.0,840.8,15912,2009-12-09,economy
07:26:27,08:09:27,MNV62125,AI341,67663800,AM-99858-DP-503,3936.58,Janesville,La Habra,False,2024-05-30,ICON A5,,Fernanda,Afghanistan,F770ZR,712,6,-6.8,7295.6,66.0,503.5,6052,2000-08-29,economy
22:21:30,22:37:30,BXN25482,AI157,63421217,JV-84190-EH-650,943.09,Leander,North Canton,True,2024-11-09,Antonov An-225 Mriya,411341AK,Rosendo,Papua New Guinea,P069LY,4468,0,-5.1,57608.3,79.0,1360.6,25653,2000-02-02,economy
06:27:32,07:03:32,NAR69574,AI514,60130618,KF-88654-NJ-931,5982.11,Downey,Mentor,False,2024-12-29,Pilatus Britten-Norman BN-2A,,Isadora,Kyrgyzstan,X106CY,3641,0,-11.9,66520.6,26.0,981.1,26146,2003-10-11,economy
02:22:35,02:52:35,XWC81064,AI664,62927969,OR-89603-KP-488,7654.51,Starkville,Sandusky,False,2024-11-14,Tupolev Tu-134,,Pia,Egypt,K988US,3385,1,8.6,63358.8,68.0,977.4,28296,2000-01-12,economy
12:37:42,13:14:42,IXO35249,AI781,66223554,IK-04489-PR-879,1303.77,Mint Hill,Twentynine Palms,True,2025-02-16,McDonnell Douglas MD-90,475520NX,Deandre,United Kingdom,U448UQ,2798,1,-12.6,24364.4,99.0,907.3,24295,1999-09-30,economy
03:24:32,06:24:32,YTB29438,AI065,69511507,SQ-95653-VN-215,1237.59,Cookeville,Loma Linda,True,2024-09-27,Shorts SD.360,106443YR,Thora,Anguilla,H061CX,4311,0,-2.2,58720.8,90.0,1349.8,26301,1999-04-24,economy
21:29:27,22:38:27,BFX35995,AI273,65473899,CM-12793-MW-543,5020.81,North Charleston,Butte-Silver Bow,False,2025-01-22,Cessna 177 Cardinal RG,,Nicholas,Switzerland,M249FC,1447,7,6.6,15628.6,69.0,814.5,15428,1999-02-05,economy
06:28:25,08:46:25,NGI92363,AI201,61870440,IF-56894-ZX-490,1435.77,Cottonwood Heights,Somerville,True,2024-08-18,Tupolev Tu-214,367941DC,Rubi,Luxembourg,B334DP,3381,1,3.4,59201.0,99.0,946.3,26159,2003-04-07,economy
00:06:25,01:07:25,YCO41771,AI137,62793751,MH-52542-WD-238,6038.12,Hobart,Las Vegas,True,2024-08-30,Antonov AN-24,656065WJ,Alonso,Syria,O037GB,1469,7,-0.5,15487.9,30.0,821.2,12882,2000-11-11,economy
17:49:32,20:15:32,IQB31873,AI727,69527700,CT-54945-XP-040,2283.59,Dodge City,Rock Hill,True,2024-09-22,Embraer Phenom 300,502251QG,Hosea,Pakistan,E726LP,2065,1,0.1,19335.2,110.0,907.5,18201,2003-11-14,economy
00:53:30,01:12:30,DWP79817,AI802,68474081,LO-27407-TL-043,6154.68,Yuma,Napa,False,2024-12-21,Embraer 195,,Rebbecca,Italy,R278TJ,4307,1,-10.9,61876.3,76.0,1236.4,29072,2006-03-09,economy
21:38:33,00:03:33,ZOW11151,AI664,63377899,UH-05833-GI-408,6755.76,Enid,Crystal Lake,True,2024-12-15,Gulfstream/Rockwell (Aero) Commander,411330WO,Sammy,Guinea-Bissau,B424VP,4024,0,-12.3,62254.4,28.0,1219.7,29135,2002-10-13,economy
00:37:37,03:35:37,GMU10699,AI607,66846462,JW-60563-LH-167,3459.91,Maple Grove,Winter Park,True,2024-08-31,Douglas DC-3,551289PG,Stephen,Macedonia,S442ZL,6243,0,6.6,64126.5,34.0,1282.4,53703,2001-12-13,economy
17:22:33,17:35:33,UOV26832,AI317,64295643,NI-34578-IQ-299,7106.5,Encinitas,Edina,True,2024-12-06,Douglas DC-8-72,030080DK,Tonie,Hong Kong SAR China,X871UA,4720,0,-8.2,63396.1,65.0,1081.6,27523,2001-08-01,economy
19:34:40,19:55:40,TRP13134,AI023,66648647,GD-52376-QV-388,484.66,Palm Bay,Hampton,True,2024-08-05,Tecnam P2008,852751AM,Katharyn,Cape Verde,Y525RA,1124,5,2.3,16505.9,73.0,802.4,11258,2001-11-14,economy
06:08:40,07:47:40,UZH88463,AI298,68168576,DR-73294-ZH-279,6378.83,Ankeny,Bloomington,True,2024-09-11,LET 410,529282PF,Rubin,Libya,D943WP,5097,1,9.2,67663.1,73.0,1076.7,38239,2001-06-26,economy
15:57:29,17:41:29,PVC50825,AI068,60073446,TP-79551-PD-868,2754.23,Janesville,New Haven,False,2024-09-29,Cessna 162,,Jerica,Zimbabwe,Z318YN,3116,1,-9.2,52632.2,40.0,924.3,29310,2007-12-26,economy
05:05:38,07:29:38,SRR57888,AI255,64376621,HD-89162-IQ-945,1046.72,Huntley,Parker,False,2024-10-24,Douglas DC-9-30,,Emelina,Seychelles,Q463AV,5657,0,-0.9,64075.1,49.0,1337.0,45407,2008-11-02,economy
15:29:32,16:34:32,LOP04264,AI035,64675680,SS-08701-LP-123,3643.91,Pico Rivera,Quincy,False,2025-03-03,Douglas DC-8-50,,Seymour,Ceuta & Melilla,B856IZ,4054,0,-8.1,67868.0,82.0,1294.4,26557,2004-12-30,economy
03:31:40,06:19:40,AOS01104,AI753,64649008,WW-08224-XF-282,1560.73,Pocatello,Salinas,False,2024-10-23,Douglas DC-10-30,,Marhta,St. Vincent & Grenadines,Z008FB,1582,1,5.8,27916.3,82.0,829.5,10170,1998-08-26,economy
09:36:27,11:36:27,UKT51928,AI186,64726799,MQ-76948-BS-209,1431.31,Los Banos,West Palm Beach,False,2024-12-07,Tupolev Tu-134,,Dale,Romania,O923OU,589,2,-6.9,7495.1,21.0,505.0,6732,2002-01-06,economy
14:31:38,14:41:38,SQK38445,AI101,61920104,SY-73089-TH-073,7688.45,Shreveport,Sachse,True,2024-06-12,Embraer Legacy 600,849769KX,Cira,Equatorial Guinea,F768BC,1695,0,2.4,28626.6,63.0,800.7,15766,2010-01-20,economy
21:00:42,21:15:42,ETK81424,AI114,69494454,RK-62333-FL-614,5063.68,Odessa,Mukilteo,False,2024-08-09,Boeing 737-900,,Nicky,Chile,F938RP,1424,8,0.2,12559.1,70.0,845.1,13830,2009-02-05,economy
04:33:39,05:50:39,KVZ44908,AI084,67700356,IE-65325-IW-618,4589.91,Nixa,Edmond,True,2024-12-19,Avro RJ85,451427RR,Evita,Jamaica,F154EW,2111,1,-2.4,18969.1,52.0,916.3,17937,2000-06-08,economy
18:30:42,19:13:42,CAN88988,AI397,62845892,UF-43601-NU-624,6524.28,Middletown,San Bruno,False,2024-09-05,Cessna 172,,Geoffrey,Turkmenistan,J892LF,2023,0,-6.5,18952.8,107.0,901.0,19441,2010-03-16,economy
02:13:40,04:49:40,QRU71547,AI060,66797778,VK-42858-CQ-316,7636.61,Malden,Biddeford,False,2025-01-16,Boeing 737 MAX 8,,Luis,Guinea-Bissau,L143HR,3443,1,-13.5,61021.1,45.0,911.7,26442,2006-02-18,economy
05:34:24,05:55:24,KUX50692,AI591,61344525,AM-93417-MV-042,6189.66,Altoona,Plant City,True,2024-09-01,Airbus A300B4,316504LE,Serina,South Georgia & South Sandwich Islands,A980DN,2279,1,-0.2,18092.7,34.0,910.8,16213,2005-09-22,economy
11:48:34,13:49:34,NYN25341,AI589,66586122,DK-52726-HH-397,3475.15,Opelousas,Palm Desert,True,2024-09-23,Airbus A330-200,806405WW,Antonio,French Polynesia,V349QI,1340,7,-11.6,15337.9,68.0,847.6,10920,2007-06-24,economy
11:22:30,13:57:30,XVY11206,AI279,60091370,TX-75107-DF-782,6851.06,Tukwila,Riverton,True,2024-10-04,Ilyushin IL114,608875IW,Deshawn,Poland,Z225DT,684,4,-6.5,7204.0,107.0,696.4,6817,2005-03-06,economy
02:45:32,05:33:32,ADP42161,AI917,66868160,FW-71642-UY-442,964.06,Mount Clemens,Danbury,False,2024-11-27,Piper PA-44 Seminole,,Tyron,Belgium,L806SG,1211,3,-5.2,17438.6,49.0,832.9,12154,2004-12-17,economy
05:29:32,07:36:32,KOJ79422,AI323,68871631,LU-39259-AT-749,6807.83,La Habra,Murrieta,False,2024-10-28,Cessna 210 Centurion,,Inell,Moldova,W345WY,3004,0,-12.3,55060.0,114.0,936.8,28486,2010-03-27,economy
12:26:30,12:47:30,DHC18471,AI147,67453699,OJ-57848-AP-796,2278.04,Lynnwood,Galveston,True,2024-10-02,Tupolev Tu-144,407398PU,Patrina,Gabon,F932VQ,5337,0,1.2,56244.1,15.0,1117.2,44951,2005-04-06,economy
16:28:25,19:19:25,IIM97683,AI614,61238386,LJ-42133-HJ-338,3838.79,Clinton,Moline,False,2025-01-13,Saab 2000,,Leon,Mauritius,S842DE,895,4,3.0,7387.8,63.0,511.2,5577,2004-07-03,economy
03:26:32,05:29:32,GRN39660,AI231,69304047,WZ-23804-NG-312,7280.49,Oregon City,Rockledge,False,2024-10-17,Airbus A330-200,,Perry,South Sudan,E402BQ,3375,0,-13.1,62193.6,54.0,924.8,26524,2009-09-03,economy
21:49:34,00:33:34,ASA83479,AI776,67909356,CN-65129-WS-388,3510.85,Westmont,Pasadena,False,2024-08-02,BAe 146-100,,Cristie,Curaçao,S274TL,2241,0,-11.6,18361.8,35.0,923.0,16906,1998-01-08,economy
03:03:30,05:42:30,TBS09108,AI812,63839741,UQ-27267-SX-700,2319.57,Augusta,Cartersville,False,2024-05-15,Diamond DA42,,Monte,Burundi,T066TA,2697,1,-14.6,24754.3,38.0,903.8,19905,2010-02-06,economy
00:35:32,02:45:32,LRL65488,AI857,60712677,TF-44375-KZ-294,7284.06,Friendswood,Lawton,True,2025-03-05,Boeing 737 MAX 9,705863AH,Salley,Benin,K687TB,1679,1,7.1,23904.7,28.0,835.9,15434,2000-08-05,economy
01:41:34,03:28:34,LZC47755,AI637,62093487,WT-18413-HJ-435,2709.68,American Fork,Biddeford,False,2025-02-20,Airbus A220-300,,Kristeen,São Tomé & Príncipe,L092AY,3039,1,-7.7,52276.8,83.0,967.9,25958,2000-07-06,economy
03:34:34,04:05:34,HDC83812,AI412,68598750,FN-04008-GX-312,5912.9,Alabaster,Lockport,True,2025-02-03,Embraer 170,545194LC,Danille,Lithuania,K180RW,4067,1,0.8,67523.5,104.0,1011.6,29045,2002-01-21,economy
14:17:36,14:58:36,JMC56388,AI413,64013640,HD-70212-AJ-560,1270.91,Reno,Kenmore,True,2025-02-09,Saab 2000,537135NF,Joaquin,Vietnam,B208EY,1445,8,-11.8,13523.3,25.0,814.2,15593,2004-09-08,economy
01:13:28,03:52:28,CSN12535,AI807,69861782,HY-94379-XB-569,2988.39,Hannibal,Kingston,False,2024-10-23,Canadair Regional Jet 1000,,Patrick,Tokelau,N984HG,6212,0,-9.7,64393.0,45.0,1614.0,53494,2001-10-15,economy
06:44:38,09:29:38,CKL62372,AI563,67758060,NL-44598-YM-366,5440.06,Kenosha,Glendale Heights,True,2025-02-28,Piaggio P.180 Avanti,164250QJ,Viki,United Kingdom,F891ZX,6160,0,-10.4,63971.8,78.0,1579.9,57964,2000-01-25,economy
02:13:39,03:05:39,RUI30265,AI999,66788486,TG-84936-JE-538,7563.2,Zion,Ontario,False,2024-07-07,Douglas DC-10-10,,Barry,Cambodia,I621MW,773,6,-9.8,7338.7,65.0,618.6,6222,2008-02-13,economy
22:10:40,00:36:40,VLV43529,AI575,68902487,RU-97723-BY-021,3124.44,Odessa,St. Matthews,True,2024-12-28,Airbus A340-500,132338RG,Temika,Diego Garcia,T494YP,3211,1,9.2,56793.4,62.0,984.8,25819,2004-12-23,economy
03:10:37,05:50:37,JQI28846,AI990,69439223,LI-73976-RF-284,4806.26,Evergreen Park,Brownsville,False,2024-10-28,Cessna Citation CJ4,,Margarito,Palau,F112RS,2130,1,-11.0,18484.1,72.0,948.1,15865,2008-02-03,economy
10:48:36,12:33:36,RIU51035,AI780,67902497,AN-68240-VR-194,484.13,Lakewood,Hinesville,True,2024-09-04,Airbus A320,273083KQ,Victor,Malawi,A832WM,3247,0,-0.2,48720.0,94.0,986.2,26599,2007-04-09,economy
06:37:31,09:27:31,AVJ58118,AI754,62665042,CJ-75520-JE-937,7046.34,Lenexa,La Mesa,True,2024-08-27,De Havilland Canada DHC-4 Caribou,303169RA,Dee,Switzerland,E560CI,2100,0,-14.0,18410.2,33.0,910.6,19463,1998-03-15,economy
11:16:40,11:44:40,AIQ60985,AI648,68568275,ZY-83607-RD-451,3218.95,Chesterfield,Dyersburg,True,2024-06-09,Fairchild Dornier Do.228,291971ID,Derrick,New Zealand,S150ZQ,3540,1,7.6,60011.9,43.0,944.3,26934,2006-06-02,economy
17:52:40,20:49:40,HSX76004,AI083,67517318,WP-67313-MT-741,5923.86,Avon,Ventura,False,2024-12-27,Convair Convair CV-600,,Manie,San Marino,T975JC,2749,1,-1.3,23941.9,77.0,913.5,27496,2000-01-20,economy
05:59:34,08:45:34,FET49657,AI273,62578571,RX-38653-DI-584,4070.63,Moorpark,Chesapeake,True,2024-07-24,Boeing 737-500,350753ZH,Rickey,Canary Islands,K447QB,1436,5,-1.2,12605.6,92.0,815.5,13754,2006-07-23,economy
08:25:39,09:46:39,YIH07597,AI136,68231234,GS-56892-LR-830,3242.94,Pullman,Ferguson,False,2025-02-05,Yakovlev Yak-42,,Johnny,Diego Garcia,N460JG,3569,1,6.9,55089.9,38.0,974.4,25883,2010-07-03,economy
17:07:30,17:58:30,PKQ83728,AI799,67927071,UR-84872-ZA-073,4005.99,Converse,Boston,False,2024-05-22,Piper PA-44 Seminole,,Branden,Hong Kong SAR China,U807HI,1138,2,-9.4,17638.3,27.0,808.5,12155,2002-08-23,economy
10:02:28,10:31:28,AUV85831,AI161,61641341,YQ-11949-MI-428,6156.38,Salina,Mineral Wells,True,2024-10-26,Boeing 737-900,549891PU,Vaughn,Réunion,W208QE,5820,1,-0.6,66895.3,81.0,1353.6,47181,2007-09-10,economy
08:41:39,11:18:39,MGY18897,AI563,65432508,OQ-05875-FY-233,6625.61,Greenfield,Tifton,False,2024-06-19,Boeing 747-400,,Alan,Estonia,X310IV,3861,1,-5.4,68232.4,92.0,908.4,28784,2010-02-06,economy
03:46:31,05:55:31,UTK99775,AI366,65429426,GO-62927-FM-172,7125.23,Colonial Heights,St. Marys,True,2024-05-26,Gulfstream/Rockwell (Aero) Turbo Commander,159357TW,Laverne,Bhutan,G360WG,4399,1,-5.3,58333.5,115.0,1048.9,26398,2004-12-23,economy
12:23:25,13:24:25,OSS44973,AI709,65898310,AQ-39627-ON-298,7927.87,Sedalia,Denver,False,2024-10-15,Cessna CitationJet,,Aron,Cameroon,N607EB,5636,0,-6.0,59118.2,31.0,1222.3,43555,2009-05-21,economy
00:22:39,00:41:39,IWZ79954,AI978,63547752,GI-75789-XZ-176,5560.61,West Springfield,Lewisville,True,2024-09-18,Concorde,520967EX,Macie,Guernsey,Z370DU,2772,0,-10.2,23201.1,100.0,932.6,26212,2008-09-13,economy
08:25:41,10:25:41,ZCR16307,AI141,67293398,PB-53725-AN-287,6625.89,McAlester,Phenix City,True,2024-07-21,Douglas DC-9-10,295083AU,Kraig,Serbia,I164ZS,1260,2,2.3,16291.2,82.0,819.2,17101,2000-09-11,economy
02:04:33,04:20:33,UDX94785,AI159,63690521,BA-63204-ML-679,7070.09,Greeley,Eau Claire,True,2024-07-28,Piper PA-46,170615HV,Clarita,Åland Islands,W255UF,2866,1,-11.3,22968.0,25.0,927.6,23770,2000-02-09,economy
22:04:28,22:24:28,PRI51370,AI597,66281194,FM-04379-FF-802,3106.13,Monrovia,Beverly Hills,True,2025-02-14,Avro RJ70,012869ZS,Gordon,Togo,O351GO,5014,0,-5.1,60920.7,18.0,1173.0,43238,1999-07-06,economy
00:27:27,02:58:27,AHV73314,AI590,67556689,DJ-78560-CE-784,7316.11,Spokane Valley,Lewiston,False,2024-10-12,Cessna 177 Cardinal RG,,Jeromy,Vatican City,F403ES,5514,0,7.7,62720.9,109.0,1124.7,43249,2003-07-22,economy
09:39:33,12:08:33,KAY55270,AI565,65683107,II-80405-JJ-452,1689.07,Helena,Maple Heights,True,2024-12-17,McDonnell Douglas MD-83,986472PV,Terry,Bermuda,Q251FF,2699,0,-13.3,24587.7,61.0,912.9,25924,2005-03-08,economy
01:04:39,03:19:39,VDV89996,AI071,69882647,YS-28098-TY-731,1980.25,Rexburg,La Cañada Flintridge,False,2024-11-23,Dassault Falcon 900,,Moises,Germany,U919ON,4277,0,-7.1,67502.6,117.0,1136.9,24350,2004-10-18,economy
04:59:32,06:06:32,VQQ43236,AI888,68782078,EE-81317-JW-955,4322.43,Palmetto Bay,Franklin,False,2024-11-27,McDonnell Douglas MD-83,,Valery,Laos,O253BW,1344,8,6.3,15464.1,85.0,831.4,10753,2009-01-14,economy
16:26:28,16:40:28,YIL65420,AI330,68888661,HU-48690-OA-927,3982.06,Panama City,West Valley City,False,2024-11-08,Antonov AN-72,,Ken,Venezuela,G115DN,3173,1,-13.2,42728.7,84.0,959.5,26772,2010-05-31,economy
16:54:37,18:33:37,LSI32196,AI369,63281548,ZO-49850-TI-412,5228.36,Manitowoc,Sedalia,True,2025-01-11,Airbus A220-300,582260BA,Eura,Lithuania,W564ZE,4089,0,0.5,55423.9,29.0,1372.3,24144,2005-09-11,economy
20:28:24,21:00:24,FWI88674,AI516,64244314,MM-55340-PL-967,3910.97,Galesburg,Dothan,False,2024-05-26,Canadair Regional Jet 200,,Christinia,Pakistan,B998FA,4744,0,-8.6,63488.4,95.0,1368.9,27632,2010-01-29,economy
04:39:31,05:30:31,CUS41265,AI669,68498896,JK-10051-BM-559,1327.57,Campbell,Fort Lee,False,2024-07-21,Cirrus SF50 Vision Jet,,Emeline,Brunei,S596AE,4718,0,6.2,67029.0,54.0,1087.1,30165,2010-04-23,economy
07:19:26,08:46:26,ZGS67430,AI715,65718206,KF-34084-HF-485,3702.2,Tamarac,Carol Stream,True,2024-08-19,Airbus A310-300,784294CH,Crystle,Gabon,G878WJ,4278,0,2.5,62609.9,83.0,1238.0,28716,2009-04-28,economy
16:39:30,17:56:30,TBC92880,AI345,69544511,ZP-23576-WT-840,3771.46,Bakersfield,Providence,True,2024-12-15,Cessna Citation VII,677243CW,Nakisha,Montserrat,B793AC,1162,2,-7.4,13387.1,38.0,846.5,13392,2002-01-14,economy
13:20:35,16:04:35,YDC96911,AI852,67002183,VX-56009-ZX-884,2823.71,West Des Moines,Munster,False,2024-12-09,Fairchild Dornier 328JET,,Mercedez,Greece,U800YN,2104,0,2.7,18278.6,39.0,926.8,16621,2010-06-20,economy
11:56:24,14:41:24,AZB48695,AI318,64453479,QV-30506-GF-321,2642.51,Palatine,Grove City,True,2024-10-12,Dassault Falcon 900,898306DB,Roselee,El Salvador,E752ZW,1845,0,-13.4,19029.8,76.0,803.3,15817,2010-04-24,economy
04:14:29,05:46:29,YKQ05451,AI886,65795093,MT-70811-XA-480,6643.49,Rahway,Shelby,False,2024-11-05,Curtiss C-46 Commando,,Yuki,Jamaica,U964WA,5001,1,-12.5,69717.8,107.0,1316.4,42948,1999-04-21,economy
14:04:39,16:25:39,RJB82605,AI768,64458218,NI-19136-TL-623,3440.21,Central Point,Manchester,False,2024-12-06,Saab SF340A/B,,Rodrick,Barbados,A025JZ,5099,1,2.9,65211.3,106.0,1286.0,41269,2006-06-14,economy
22:10:28,23:12:28,JPE98149,AI665,60966603,SF-85116-AV-044,4903.33,Ardmore,Forest Grove,True,2024-12-27,Avro RJ70,349927PQ,Arlie,Bosnia & Herzegovina,Y270RX,5130,0,-10.5,60991.3,67.0,1261.0,39395,2005-12-09,economy
21:11:30,21:34:30,QDC38472,AI523,69927643,RM-45466-IN-673,4793.79,Columbia,Prior Lake,False,2025-02-08,Shorts SD.330,,Alex,Niue,U454BB,1636,1,-8.5,28619.9,19.0,809.7,14280,2000-08-11,economy
12:07:28,14:09:28,ZDJ43339,AI339,65726331,VZ-67781-IU-468,6351.46,Nashua,Ormond Beach,True,2024-09-26,Cessna 152,015590KO,Kenyetta,Ceuta & Melilla,B189FM,5248,0,-12.4,68645.8,25.0,1387.6,35621,1998-06-16,economy
23:50:33,02:13:33,QBU06960,AI187,64640557,DT-03466-OK-899,4259.16,Loveland,Belleville,False,2024-09-06,Embraer Legacy 500,,Veola,Cambodia,X687JA,6204,0,-7.9,64174.4,98.0,1484.2,58140,2006-01-15,economy
13:54:29,15:20:29,KNF38008,AI254,62880380,OU-60017-HS-374,2768.63,Dover,Northfield,False,2024-11-28,Antonov An-148,,Chanelle,Malaysia,W904AQ,1649,1,-2.1,29401.2,111.0,839.7,12280,1999-03-20,economy
04:45:25,07:08:25,YXM94479,AI579,66782780,QH-61301-JW-484,5218.35,Spokane Valley,LaGrange,False,2025-01-21,De Havilland Canada DHC-2 Turbo-Beaver,,Coleman,Greenland,Y028UR,3148,0,-6.4,40337.6,54.0,956.2,25955,2005-11-08,economy
09:46:37,10:40:37,OJO22367,AI756,67103977,ZZ-59865-UN-828,4078.53,Statesboro,Los Altos,True,2024-09-14,LET 410,944520LY,Lynn,Laos,G022DR,2062,0,-11.0,18313.0,46.0,947.9,16613,2004-04-29,economy
16:57:31,17:56:31,QDK69017,AI966,66996093,SW-40098-EJ-234,6644.97,Watertown,Baytown,True,2024-08-28,Piper PA-44 Seminole,189986XB,Ezekiel,Guernsey,O366CP,5835,1,9.8,66992.0,74.0,1048.4,43850,2009-04-26,economy
07:12:31,08:11:31,PFU80795,AI648,68287893,IH-86989-BR-268,7400.56,Simpsonville,Thousand Oaks,True,2024-12-31,Airbus A330-300,124943TA,Georgeann,Singapore,G781UY,3255,1,9.1,68031.8,34.0,928.0,29656,2003-11-15,economy
01:07:26,04:01:26,FNU12274,AI443,62131345,LU-81727-IG-728,1763.84,Carson City,Lancaster,False,2024-12-24,CASA/IPTN CN-235,,Connie,Oman,E736PN,4097,1,-0.5,63568.6,75.0,1361.9,30586,2008-01-24,economy
10:44:43,12:05:43,QOA39318,AI437,65416495,JN-28077-JK-173,3711.44,West Springfield,Oregon,True,2024-05-17,Shorts SC-7 Skyvan,697238ZI,Daine,Qatar,D594VJ,5646,1,0.2,62340.9,68.0,1305.1,42084,2006-07-12,economy
15:44:34,18:03:34,PJK41563,AI876,69903174,SW-84177-TD-696,4663.34,Port Orange,Malden,True,2024-07-14,Aerospatiale SN.601 Corvette,456351JZ,Clemencia,Mauritania,I549FO,3699,0,-13.2,55991.6,35.0,937.9,26049,2001-06-15,economy
11:21:41,11:40:41,DDM06136,AI140,65090689,FD-00911-OB-776,5512.62,Glenview,Westbrook,False,2024-10-18,Tecnam P2008,,Winter,Sudan,H027IB,4746,1,-8.4,62767.9,117.0,1150.7,27841,2007-12-09,economy
22:42:35,01:26:35,ASC50787,AI704,66666600,NW-66855-JN-330,7269.23,Dover,Dixon,True,2024-10-19,Boeing 777-200ER,621649AA,Kirstie,Djibouti,B872EW,4900,0,-12.2,59190.4,96.0,1050.3,24606,2009-11-14,economy
05:56:36,06:50:36,EMM48981,AI965,65600272,FP-45575-AP-327,2907.14,Chester,Fairfield,False,2024-08-05,Boeing 747-100,,Celesta,Barbados,L096LG,2853,1,-12.1,23156.4,53.0,940.3,23085,2006-11-02,economy
17:10:41,20:07:41,JTF84388,AI004,69805265,KK-88856-YB-929,5868.76,Sebastian,Elmhurst,True,2024-06-21,Gulfstream G280,059596WQ,Venetta,Guernsey,B247PT,2313,1,-5.8,18733.3,120.0,923.5,19835,2005-05-17,economy
12:11:32,14:39:32,EVA92261,AI765,61574692,QR-62271-BB-672,5301.15,Twentynine Palms,Everett,False,2024-08-10,Embraer Praetor 600,,Wesley,Somalia,C465QL,4319,0,-13.0,68691.8,41.0,1087.2,24167,2009-06-20,economy
04:17:35,05:42:35,ALK84483,AI848,68493376,MB-16830-TX-718,7939.67,Willoughby,Simi Valley,False,2024-10-15,Airbus A380-800,,Loris,British Virgin Islands,H521DX,2718,0,4.6,23059.3,74.0,940.6,23266,2003-06-17,economy
13:10:30,15:04:30,QCE73384,AI514,64394282,EJ-69538-ED-369,2968.02,Carrboro,Fountain,True,2024-11-18,Fairchild Dornier 328JET,091716NG,Temeka,Belarus,O952HE,4079,0,-12.3,57830.3,35.0,1017.7,25500,1998-07-07,economy
06:39:27,08:32:27,BXO91852,AI789,62167392,YB-19245-FT-031,3433.82,Goodlettsville,South Euclid,False,2024-12-27,Junkers Ju 52/3M,,Ezekiel,Syria,I851UC,3126,0,-5.2,59655.0,27.0,900.3,25248,2002-06-22,economy
03:18:28,05:58:28,FEM38815,AI633,65649294,LP-76776-LM-098,2000.91,Birmingham,Arnold,False,2024-05-19,Embraer Legacy 450,,Jacinto,Greenland,V228HV,2849,1,-9.8,24134.4,43.0,937.0,21211,1999-03-06,economy
09:56:29,12:00:29,ERS68780,AI084,61360182,RH-81368-YS-329,4485.28,Bismarck,Butte-Silver Bow,False,2025-01-31,Canadair Regional Jet 100,,Justa,Niue,V885ZT,555,5,-11.8,7085.5,67.0,652.5,6838,2009-04-30,economy
23:34:36,01:03:36,XTT81435,AI889,64617947,JQ-98210-VT-943,2148.3,Beaumont,Allentown,False,2024-07-22,Boeing 747SP,,Gerardo,Cameroon,N176KA,5773,1,-5.1,59859.6,30.0,1046.7,47973,2007-03-07,economy
06:02:36,07:44:36,LFP02404,AI329,69344273,BD-87797-OJ-733,2654.71,Scranton,Loma Linda,True,2024-06-17,Saab SF340A/B,931679GU,Mila,Niue,Z246WL,1531,0,6.6,26445.0,74.0,844.9,11765,2010-09-20,economy
11:49:36,14:11:36,HWT59755,AI046,61996274,TD-58155-KJ-520,4741.9,Overland Park,West Lafayette,False,2024-12-04,Canadair Regional Jet 900,,Sina,Dominica,K843RS,2341,0,-6.1,18934.8,55.0,905.4,18242,1999-05-07,economy
10:33:37,12:03:37,YBU54852,AI605,67672953,CI-47455-FF-468,5046.02,Alabaster,Peachtree City,False,2025-01-12,Douglas DC-9-10,,Thao,Uruguay,D586HW,3115,0,-10.4,50472.3,88.0,939.9,28001,2000-04-08,economy
04:54:25,06:12:25,LJQ23636,AI627,62549653,ZN-93177-TQ-601,6297.36,Hallandale Beach,Palisades Park,True,2025-02-13,BAe 146-300,543401TC,Elmer,Denmark,J686DG,743,6,6.9,7197.9,32.0,576.7,6810,2000-10-27,economy
19:48:33,20:49:33,DAZ61483,AI286,68829111,JZ-11422-YK-616,5167.99,Tifton,Oak Forest,False,2025-02-15,Boeing 777-300,,Chaya,Andorra,C079DC,6429,0,-9.9,60295.5,48.0,1245.3,53108,2003-03-23,economy
01:02:29,03:52:29,GTB80187,AI624,65096851,IR-29824-EE-796,2254.35,Kankakee,Weslaco,True,2024-06-07,Cessna Citation II,219292TM,Kurt,Belgium,P840SZ,829,6,4.9,7194.6,44.0,559.5,5578,2005-05-10,economy
04:01:28,06:59:28,RQD93125,AI028,66024698,GG-62157-WD-608,3632.99,New Haven,Junction City,True,2025-03-01,Embraer Praetor 500,070255GH,Myrle,Georgia,J814FI,1244,2,-5.2,15233.5,32.0,816.3,16736,2000-02-27,economy
13:07:38,15:45:38,HSP37021,AI039,69285410,DK-22254-EY-361,7989.31,Grand Prairie,Kansas City,True,2024-10-24,Embraer Praetor 650,119907JD,Courtney,Tuvalu,V261BR,4830,1,-8.9,58003.4,77.0,1053.1,29486,2006-08-12,economy
09:48:31,12:32:31,AOX56311,AI830,62590970,ET-69883-KK-536,4137.69,West Chicago,Escondido,False,2024-09-29,Learjet 60,,Hilde,Philippines,V967TT,1684,1,-13.2,20992.0,36.0,830.3,15651,2006-04-07,economy
07:50:31,09:47:31,ESA98364,AI101,63092739,KQ-77345-NK-153,4046.72,Appleton,Wheaton,False,2024-12-23,Cessna Citation VII,,Deandrea,Diego Garcia,R437DJ,2688,1,-11.8,24228.5,31.0,940.6,27379,2003-01-14,economy
08:09:25,10:47:25,VUM57353,AI464,65998819,VB-66379-OY-144,959.19,Cottage Grove,Colleyville,False,2024-09-24,Douglas DC-9-10,,Gertude,Ecuador,M163RW,1695,0,-1.8,18372.1,36.0,828.0,12611,2004-10-20,economy
12:06:32,13:15:32,HXR02324,AI822,62020514,EF-63994-CM-086,7770.33,Eugene,Fairfield,True,2024-07-31,Douglas DC-6,168564BO,Max,Malaysia,N081LK,1860,0,-8.7,23768.9,104.0,803.9,11116,2003-10-10,economy
13:07:30,15:40:30,JGW91199,AI492,67864368,JF-69659-JA-863,687.37,Burien,Grandville,True,2025-02-12,Dassault Falcon 50,078181TM,Freeman,France,Z823IY,1751,1,-9.5,27179.4,40.0,840.7,11106,2010-01-10,economy
19:40:40,20:02:40,DDI99687,AI143,64188092,AI-23129-MU-940,4209.19,Wheat Ridge,Texas City,False,2025-01-04,Sukhoi Superjet 100-95,,Herschel,Iran,B809WZ,4608,0,-11.4,56929.8,32.0,1096.3,28556,2001-08-25,economy
02:03:27,03:54:27,LQJ54400,AI801,63354402,AV-52958-XM-712,2832.07,South Holland,Northport,False,2025-01-16,Antonov AN-72,,Wava,Colombia,R944HI,1660,1,-5.9,18766.7,96.0,819.0,10732,2000-10-15,economy
11:32:26,14:03:26,IBP95515,AI756,68786436,XY-58416-WC-317,5877.02,Miramar,Logansport,True,2024-06-17,Antonov AN-28,059162IM,Kirby,Swaziland,U707YK,3879,0,8.0,55199.6,17.0,962.5,29166,2002-12-01,economy
04:29:32,07:25:32,MRG91146,AI591,62918541,OB-51145-PJ-442,483.33,Akron,Sulphur,False,2024-09-21,Learjet 35,,Von,Vatican City,Y645QH,5125,1,-11.5,61745.1,98.0,1266.3,43157,2001-12-02,economy
12:08:27,14:02:27,OCO74544,AI175,61908421,MR-33964-YR-135,4037.29,Belle Glade,Shoreline,False,2024-06-01,Pilatus Britten-Norman BN-2A,,Danyel,Namibia,C234IR,4288,1,-14.4,61002.9,27.0,1046.7,29518,2008-11-29,economy
10:04:36,12:44:36,KDP52155,AI048,61489833,AJ-52537-TM-803,5142.74,Santa Monica,Zion,False,2025-02-15,Lockheed L-1049 Super Constellation,,Arnette,Latvia,O128DT,5523,0,4.0,60926.1,106.0,1396.2,44915,1999-05-04,economy
18:07:42,18:21:42,YRG68455,AI170,60561241,WM-09363-TW-732,5168.2,Dayton,Douglas,True,2024-07-09,De Havilland DH.104 Dove,609808NE,Chang,Barbados,E725CK,2986,0,-8.5,23149.2,113.0,940.2,24146,2009-10-06,economy
12:02:33,14:12:33,WDN19976,AI617,64754061,QZ-26502-TZ-398,5128.08,York,Paramount,True,2024-10-26,Tecnam P92 Echo,793657XG,Vannesa,Vanuatu,X223IX,3658,0,-6.4,67958.0,53.0,902.6,29045,2000-07-03,economy
13:00:31,13:39:31,DFX83508,AI619,68779142,EO-94142-JK-156,1683.82,Novi,Sahuarita,True,2024-06-10,Shorts SD.330,409125MN,Crystle,Uruguay,A066BF,5206,1,5.5,68095.5,100.0,1372.7,37464,2008-03-28,economy
21:08:43,22:17:43,ALD64267,AI043,61976003,TF-49848-UA-752,602.25,Columbia,Gretna,True,2025-01-27,British Aerospace ATP,953467FI,Wesley,Panama,C736YY,6363,0,-5.1,68624.4,53.0,1312.5,52454,2008-06-14,economy
10:27:40,11:16:40,QXD97513,AI175,69169281,FT-07565-MZ-646,1214.04,Diamond Bar,Greenfield,True,2024-12-12,Shorts SC-5 Belfast,412576CM,Clifford,Australia,F926JA,4442,1,0.6,56356.7,87.0,1142.2,25179,1998-10-29,economy
12:10:41,14:10:41,KZL55567,AI831,63201303,GE-19326-RU-014,7041.85,Frankfort,Charlotte,True,2024-08-13,Cessna Citation VII,563720BT,Sheilah,Indonesia,O702HN,4417,0,9.3,56232.9,110.0,1257.3,29447,2005-11-19,economy
16:36:25,17:46:25,MFU44120,AI824,63202085,ES-49650-EG-142,1450.61,Salt Lake City,Blaine,False,2024-07-29,Beechcraft Baron,,Fabian,Haiti,E025CX,3309,1,-5.7,64356.1,49.0,910.3,27931,2003-01-31,economy
06:38:24,07:46:24,UTA58303,AI838,66903433,QE-25101-XV-862,471.39,Denver,Dubuque,True,2024-07-08,Boeing 787-10,100707VV,Alphonso,Netherlands,N432IL,4380,1,8.4,65576.0,110.0,1332.1,28453,2006-07-30,economy
09:58:28,11:09:28,ZQA84001,AI695,63836476,XQ-46560-CK-302,6756.35,Grandview,Massapequa Park,False,2024-10-23,British Aerospace Jetstream 31,,Angle,Hong Kong SAR China,M464VO,5666,0,6.4,67781.0,67.0,1055.9,43427,2008-12-21,economy
05:11:34,07:28:34,UPL52002,AI095,66839325,RX-49628-FB-609,528.95,Crystal Lake,Conway,True,2024-09-23,Boeing 737-300,030358RP,Joesph,Libya,Z819RA,771,5,8.6,7256.4,19.0,713.3,5144,2007-03-03,economy
01:35:38,04:03:38,AOA71928,AI306,66979712,HK-50006-VC-099,800.33,Atlanta,Munster,False,2024-06-03,Saab 2000,,Lester,Réunion,B328NG,1448,4,-6.8,13765.4,72.0,811.1,12318,2006-02-15,economy
12:11:27,14:32:27,XFQ08193,AI635,65986617,RC-85772-EU-397,3943.54,Pittsfield,Marion,False,2024-11-11,Embraer EMB 120 Brasilia,,Wilburn,Niger,J896WC,1006,6,-13.9,12471.8,113.0,822.9,14766,2007-08-07,economy
17:42:37,19:39:37,OJI19847,AI998,69481479,TY-83355-YU-299,4576.43,Layton,Asheville,False,2024-09-17,Boeing 747-300,,Stefany,Caribbean Netherlands,O929HF,5220,1,5.6,58911.8,36.0,1039.6,43145,2004-08-14,economy
16:23:34,17:08:34,BQD27618,AI324,62582196,MM-05139-GG-612,486.54,San Rafael,Palisades Park,True,2024-11-25,Tupolev Tu-204,806763IA,Bradly,New Caledonia,G775AT,4741,1,8.2,68996.1,114.0,1094.6,27510,2004-11-09,economy
11:56:34,13:13:34,DUF67533,AI521,67874306,JH-34780-CL-480,5707.87,Wildwood,Asbury Park,True,2024-10-03,Airbus A321neo,864908SE,Jerlene,Pitcairn Islands,P560AN,1324,6,-8.8,14687.5,27.0,838.9,13146,2004-02-12,economy
00:06:43,02:21:43,ULW47258,AI973,65793590,SB-93821-XM-014,3969.75,Ozark,DeKalb,False,2024-11-04,De Havilland Canada DHC-8-100 Dash 8,,Yasmine,Spain,Q822GY,2258,0,-7.2,19524.1,44.0,914.4,16570,1998-04-05,economy
16:36:25,18:39:25,OQO15580,AI069,69247463,VY-49838-PX-786,4510.33,Tulare,Boca Raton,True,2025-01-26,De Havilland Canada DHC-2 Beaver,352381OP,Clarence,Caribbean Netherlands,Q611NN,2253,0,0.9,18425.2,66.0,928.1,18839,2007-01-10,economy
02:29:25,03:54:25,JJE36849,AI306,60793135,AE-29370-EC-457,4812.23,Manchester,Palos Hills,False,2024-09-23,Ilyushin IL86,,Xavier,Georgia,L675EL,2069,0,-12.3,18669.6,98.0,930.2,16462,2005-09-02,economy
04:35:25,05:52:25,PLC83667,AI977,67846911,WM-57934-VP-507,1585.87,Kingman,Oregon,True,2024-10-12,Boeing 747SR,048148GW,Jolyn,Canary Islands,S639LU,1273,7,3.6,15731.3,65.0,818.4,16662,2002-07-08,economy
07:56:36,09:47:36,UGT24764,AI833,61480479,RT-54844-EP-226,5982.99,Reynoldsburg,Muskogee,False,2024-12-29,McDonnell Douglas MD-88,,Mardell,Paraguay,Y556CS,587,3,-12.4,7019.7,32.0,633.7,5744,2002-02-06,economy
10:11:25,12:36:25,UMZ36297,AI821,68174942,AF-25423-IB-672,4731.58,San Pablo,Farragut,True,2024-11-02,Tecnam P2010,412424IO,Gale,Sudan,W621BY,5200,0,-9.3,63569.7,79.0,1244.8,36501,2004-03-02,economy
21:26:41,22:40:41,QLA79698,AI312,63763312,TV-58207-GK-308,6555.41,Amsterdam,West Sacramento,True,2025-02-20,Shorts SD.330,713873FU,Sanora,Somalia,X410VR,5987,1,-13.5,58020.3,96.0,1099.9,43547,2002-06-20,economy
04:04:25,06:19:25,UFD99243,AI027,66080070,YO-01656-LC-307,4140.26,Corcoran,Attleboro,False,2025-01-18,Boeing 747-400M,,Elane,Togo,H541PG,2650,0,3.7,23071.8,80.0,929.4,25216,2009-07-11,economy
06:56:26,07:06:26,FEN02324,AI496,69018890,OH-87821-YG-762,1002.62,Castle Rock,Ceres,False,2024-11-03,Tecnam P2008,,Darwin,Solomon Islands,S841NH,5716,1,-10.1,64167.4,41.0,1249.5,46038,2000-07-25,economy
08:58:39,11:52:39,SMQ32110,AI115,68610104,YV-25338-DI-199,7322.92,Smyrna,Fargo,True,2024-06-10,Bombardier BD-700 Global 5000,644840XS,Katherin,Chile,V598AJ,5645,0,-12.0,67071.0,113.0,1102.8,42175,2006-02-28,economy
13:49:30,15:29:30,ASL17859,AI239,65535519,SR-04747-WO-083,4248.49,Martinsburg,Logan,False,2025-03-02,Douglas DC-9-10,,Micki,Botswana,X314BN,5469,0,-8.2,60866.9,82.0,1280.2,43549,2003-07-29,economy
22:55:41,23:06:41,MDX46997,AI703,62430025,RX-36652-WQ-895,7447.62,San Benito,East Cleveland,False,2025-01-02,Tecnam P2010,,Amina,Wallis & Futuna,E570JF,2396,0,-7.0,18059.6,105.0,934.2,17715,1999-11-24,economy
15:28:40,17:24:40,TOC54546,AI471,60912561,AH-76089-AI-515,4858.27,Moreno Valley,Paradise,False,2024-09-11,Diamond DA42,,Dino,Malta,P944OI,5364,1,6.7,63543.4,104.0,1360.0,43286,2002-04-02,economy
03:54:24,04:34:24,IYA27634,AI055,69838609,PW-00586-DR-071,7112.84,Beckley,Hobart,False,2025-01-11,Boeing 747-200M,,Stacey,Switzerland,Z122TG,3590,1,-13.0,68285.5,21.0,946.2,26861,2010-03-05,economy
16:18:30,18:57:30,WBQ78658,AI076,66975197,GZ-69264-GL-682,473.06,Sachse,Windsor,True,2024-12-22,Boeing 737-700,158832IW,Walter,French Polynesia,W786PJ,4412,1,-14.6,62760.3,94.0,1167.2,24341,1998-05-26,economy
01:01:29,03:55:29,EMF97462,AI576,65209859,OX-47585-YZ-968,6197.7,Kirkwood,Garden Grove,False,2024-09-24,Cessna Citation III,,Carola,Slovenia,U565VH,4493,1,-1.4,67775.5,82.0,1224.0,27414,2004-03-10,economy
17:43:26,20:39:26,WSM46362,AI697,65132184,NC-66869-QW-758,7811.25,Derby,Manhattan,False,2024-11-28,Boeing 747SP,,Seymour,Madagascar,U234EY,1898,0,-8.1,18020.6,44.0,835.6,10756,2005-12-23,economy
12:12:35,14:58:35,DTS45717,AI493,64151994,IS-71584-RU-235,1449.82,Pembroke Pines,Akron,False,2024-12-15,Boeing 737-400,,Kati,Belgium,S060CF,2866,1,-12.2,23443.4,95.0,934.1,22148,1999-08-09,economy
12:07:26,14:56:26,LLI38283,AI468,69025010,GS-00371-NP-155,3211.49,Vestavia Hills,Fort Smith,True,2025-01-14,Gulfstream IV,470591AC,Trudi,Suriname,O233VX,5512,0,2.0,68035.5,43.0,1339.0,45161,2010-03-28,economy
13:04:34,14:14:34,JVH21737,AI512,68422778,DQ-42270-IM-728,6558.28,Dubuque,Palmdale,False,2024-05-14,Boeing 737-700,,Edmund,French Guiana,A205SW,4470,1,-8.9,60143.4,31.0,1390.3,26464,2005-11-04,economy
08:33:32,09:52:32,REG09920,AI384,63403307,AD-63909-GH-330,5782.42,Haverhill,Everett,True,2024-09-16,Gulfstream V,784285PB,Ceola,Martinique,J630UJ,1201,8,-10.4,14960.7,32.0,800.1,14543,2001-03-14,economy
03:44:29,06:37:29,DTU24264,AI745,64576839,LG-69414-OJ-019,4726.74,Huntington,Ennis,True,2025-01-21,McDonnell Douglas MD-82,213227HW,Bennett,St. Martin,W946SI,4646,1,4.8,55746.3,87.0,1078.9,28901,2005-11-06,economy
13:11:28,13:26:28,RFD94509,AI091,68668796,XJ-07937-CZ-007,4742.93,Spring Valley,Kent,False,2024-05-16,Airbus A321,,Michelina,Wallis & Futuna,E108PD,4151,0,9.3,59228.1,78.0,1164.0,27899,1998-11-29,economy
20:43:31,23:19:31,MFM12185,AI506,61831393,LI-37344-HG-415,4238.18,Dixon,Central Falls,False,2024-11-21,Boeing 747-300M,,Deadra,Taiwan,T233VZ,1876,0,0.3,16262.5,83.0,800.7,14978,1998-06-22,economy
06:45:40,07:31:40,UIO86343,AI687,62556785,VH-59624-WH-150,4710.67,Amarillo,Odessa,True,2025-03-01,"\"Airbus A330-700 \"\"Beluga XL\"\"\"",317032BT,Tony,Anguilla,W799DG,1667,1,-7.7,17472.7,78.0,847.6,17572,2005-06-06,economy
16:25:27,19:05:27,VJU11671,AI472,67082050,UF-49330-GW-326,4534.3,Federal Way,Haverhill,True,2025-02-14,Boeing 757-300,701257HS,Heath,Taiwan,H058II,1221,7,-7.2,15006.6,30.0,805.0,12661,1998-12-20,economy
07:25:32,07:37:32,EDI28786,AI287,61211903,AK-14364-YW-387,7230.02,Aberdeen,Hot Springs,False,2024-12-04,Canadair Regional Jet 100,,Leonard,United Kingdom,P982PT,1060,6,-8.2,16795.1,31.0,832.0,14401,2006-04-01,economy
01:54:33,04:22:33,MRY36241,AI741,66080512,GL-49676-SC-810,7276.99,Coeur d'Alene,Lake Zurich,False,2024-07-07,Cessna Citation Mustang,,Rodolfo,Romania,R883DX,998,5,-6.4,7179.4,54.0,589.6,7255,2001-08-11,economy
13:06:25,15:41:25,NLY16649,AI551,65372354,TF-50436-KY-818,3628.96,Eastlake,Paradise,True,2024-05-22,Embraer RJ135,699477FS,Carson,Vietnam,K129SD,5861,1,-12.9,65403.5,61.0,1077.1,40255,2006-02-16,economy
05:23:28,06:41:28,VQS66699,AI208,62057556,FO-03156-UN-798,1358.03,Coppell,Edmond,False,2024-11-14,Aquila A 210,,Quentin,Germany,Y392RN,2170,0,-8.6,19183.7,21.0,928.7,19274,2004-02-15,economy
23:54:36,02:21:36,OQO68775,AI038,65138164,LD-52595-WE-804,3305.35,Kissimmee,Racine,False,2024-09-28,Tecnam P92 SeaSky,,Yanira,Hungary,D735HP,3938,0,-12.1,62663.4,68.0,997.3,28069,2006-10-01,economy
10:06:43,11:08:43,IOK66504,AI512,65910286,NC-04301-AA-903,3027.98,Pico Rivera,Newberg,False,2025-01-27,Boeing 747-400,,Hyman,Israel,A248DO,5648,1,-9.8,64818.9,40.0,1336.0,45010,2010-03-11,economy
04:41:29,05:12:29,NHP90656,AI269,68926203,LD-18452-MF-211,2888.01,Ormond Beach,Moses Lake,True,2024-05-26,Boeing 747-200F,545866HZ,Isiah,Canada,L642BI,2877,0,2.2,24028.6,88.0,906.9,19526,2005-08-08,economy
15:28:25,18:05:25,JAO02125,AI587,61121821,IJ-15724-FY-536,1893.53,Scarsdale,Homestead,False,2024-10-18,Pipistrel Virus,,Russel,Bulgaria,F829GT,4939,1,-12.4,64501.1,35.0,1362.2,29200,1998-02-18,economy
09:40:43,11:02:43,CBL58362,AI109,67342315,NH-56656-TR-234,7574.66,Pekin,Buffalo Grove,False,2025-01-07,British Aerospace Jetstream 41,,Rebecka,San Marino,X056RN,5928,0,-6.1,61052.4,38.0,1105.6,46084,1998-01-03,economy
22:38:42,00:50:42,LBY06498,AI386,61534346,HR-55141-HZ-559,3981.67,De Land,St. Petersburg,True,2024-08-14,Ilyushin IL96,525615XK,Laure,St. Helena,V900ZI,6235,1,-1.9,66983.3,33.0,1505.3,51578,2003-10-17,economy
18:48:24,20:47:24,SJO70116,AI491,64099597,QX-55175-TM-900,3426.67,Oregon,Des Plaines,False,2024-12-31,Airbus A330-300,,Matthew,United Arab Emirates,U137SH,3347,1,-7.9,66603.9,104.0,932.5,27815,2003-01-30,economy
11:53:31,13:41:31,AVV14559,AI080,67687733,YA-59814-ZG-694,5762.8,Grand Island,Lynwood,True,2024-09-22,Fokker F28 Fellowship,479479UR,Reiko,Madagascar,L786LO,2576,0,-12.5,23035.4,39.0,900.1,22835,2005-06-30,economy
03:59:31,05:15:31,DSE37777,AI920,62931337,ZL-44858-HC-420,7266.89,Oro Valley,Cleveland,True,2024-11-05,De Havilland Canada DHC-7 Dash 7,666227PC,Leonard,South Sudan,T988KZ,5051,0,-9.2,68753.1,89.0,1136.2,37182,2010-02-03,economy
09:05:29,09:41:29,NED51769,AI684,69070845,JO-17390-DL-679,5032.57,Nashville,Cleveland Heights,True,2024-09-21,Boeing 747-300,140712MU,Amos,Vatican City,I843NQ,3523,0,-8.3,66922.3,100.0,937.4,25191,2007-12-08,economy
14:39:36,16:24:36,MQN65088,AI135,65801154,IJ-14781-AA-781,6854.8,Sylvania,Council Bluffs,False,2024-08-10,Douglas DC-6,,Fredricka,Isle of Man,I817SD,6405,1,-12.3,59434.5,57.0,1410.1,58756,2009-11-09,economy
07:39:34,07:56:34,KNU12049,AI659,63945035,RC-46576-YX-641,6076.84,Riverbank,Tallahassee,True,2025-02-07,Airbus A330-800neo,759524RM,Janae,Bolivia,P492MF,4357,1,-13.2,58236.8,19.0,1201.2,27823,1998-08-27,economy
05:18:32,07:49:32,CTO07582,AI530,60933124,RB-51316-FX-966,2174.22,Ormond Beach,Southgate,False,2024-10-16,Cessna Citation I,,Diego,Portugal,F051PM,4214,1,-8.4,60811.8,55.0,1370.6,28111,2006-11-28,economy
04:14:29,06:34:29,KJY49527,AI961,69496288,TY-83675-TI-388,4418.01,Hazelwood,Gladstone,True,2024-07-23,De Havilland Canada DHC-5 Buffalo,564715WD,Delmer,French Southern Territories,Z902VO,3016,0,-11.8,58340.7,63.0,979.8,25286,1999-02-02,economy
11:39:31,13:57:31,FCV65423,AI037,64097690,OG-52508-AI-417,6061.46,Dumont,Gresham,True,2024-10-02,Antonov AN-30,726694SA,Tifany,Colombia,Q603WZ,2480,1,-14.4,18473.4,48.0,936.6,17954,2003-11-07,economy
04:22:29,06:38:29,ZMX78695,AI986,65054264,LH-89842-NX-147,7192.05,Sammamish,Brook Park,False,2024-05-21,Airbus A310-300,,Chet,Turks & Caicos Islands,N075TT,3090,1,2.2,47126.0,120.0,909.1,28863,2006-01-01,economy
19:37:26,21:19:26,XNA29213,AI327,63241372,IW-62735-ZB-737,4225.36,Carrollton,San Diego,False,2024-12-28,Ilyushin IL114,,Jessi,Papua New Guinea,M435UV,3072,1,-13.8,57930.2,48.0,963.4,28757,2010-06-18,economy
09:27:25,12:03:25,ICE33823,AI564,68774359,PR-45546-JR-964,6994.73,New York,Diamond Bar,True,2024-11-10,Saab SF340A/B,467266KN,Rene,Tunisia,V752NX,4730,1,-9.8,67052.6,70.0,1254.9,26338,2008-01-18,economy
09:45:34,10:51:34,ZCN59858,AI486,60541564,JV-92027-NG-506,2184.62,Agoura Hills,Cupertino,True,2024-07-23,Pipistrel Sinus,488704BY,Aleisha,Mauritania,D684RT,4336,0,-5.1,58610.2,28.0,1276.3,29638,2010-02-05,economy
02:27:40,04:49:40,PPK33859,AI074,66531602,BO-51426-NE-164,7047.94,Biddeford,Carlsbad,True,2024-07-28,Bombardier 415,906470LM,Dwayne,Niger,P189ST,2603,1,-12.7,23829.8,103.0,902.3,19427,2009-05-04,economy
14:48:42,17:22:42,IER34611,AI371,64755681,GT-51277-KL-903,2526.14,Dubuque,St. Louis Park,False,2024-08-07,Boeing 747-300M,,Kelvin,Australia,T998JU,6380,0,-8.3,65315.2,18.0,1306.7,50859,1999-01-07,economy
05:00:40,05:23:40,AYL67323,AI255,65903842,EY-81809-ER-860,4751.29,Kinston,Hazleton,True,2024-08-26,Yakovlev Yak-42,234226XH,Dudley,Timor-Leste,C769VJ,6134,0,-12.6,69387.6,106.0,1559.1,55067,1998-03-16,economy
08:59:39,10:23:39,OIW17781,AI863,63336693,YN-73597-RM-056,1751.88,Spring Hill,Chicago Heights,True,2024-12-03,Convair CV-240,486606WQ,Maximina,São Tomé & Príncipe,K514EJ,3417,0,-9.8,56240.6,58.0,973.4,27986,2004-09-04,economy
21:27:36,23:31:36,NOT49797,AI804,65906068,JZ-94282-YS-318,5952.13,Palm Desert,Kirksville,False,2024-09-19,Cessna Citation I,,Ellyn,Swaziland,Q097EM,3945,1,-10.1,65481.0,23.0,968.9,28695,2007-11-02,economy
07:28:29,08:11:29,WXE31429,AI360,69767848,GW-75074-ON-641,1553.96,Palmetto Bay,Mobile,True,2024-06-21,Airbus A220-300,917031GV,Cordell,Paraguay,J151MF,4627,0,3.0,55053.6,15.0,1094.7,28358,2006-08-12,economy
04:09:37,06:46:37,NST17664,AI622,60718859,UD-67974-XP-746,1495.72,Boulder,Burbank,False,2024-12-01,Antonov AN-124 Ruslan,,Jeni,Djibouti,D501SS,1710,1,-5.8,25704.9,119.0,849.7,11319,2004-10-01,economy
11:17:30,12:42:30,NBA94349,AI919,64946609,DV-29223-EV-593,6014.26,Coachella,Aventura,False,2024-09-30,Shorts SC-5 Belfast,,Birgit,Jordan,J008CS,4143,0,-5.9,59546.6,24.0,1395.5,30230,2010-05-01,economy
04:09:42,06:18:42,VRF19914,AI715,63890986,QR-31133-ZQ-208,2566.49,Hannibal,Edmond,True,2024-05-19,Convair CV-580,497979HR,Katheleen,Sweden,T374GL,5845,1,-13.8,69441.7,60.0,1317.6,42809,2003-06-26,economy
02:20:26,04:09:26,RAH03325,AI518,64624449,UP-23594-XH-973,1268.15,Minot,Bend,False,2024-11-18,Antonov AN-24,,Arlie,Sierra Leone,I322AE,3419,0,4.0,61778.2,87.0,901.4,29851,2007-12-11,economy
01:03:30,01:38:30,FTL72025,AI361,61185275,VM-62049-GZ-081,2228.12,Beloit,Bellaire,True,2024-12-28,Embraer 190,174715AN,Debbi,Guyana,R143SU,3224,1,-10.5,54387.5,25.0,901.3,27944,2010-02-21,economy
18:53:33,19:24:33,LSK87437,AI497,68990944,JP-03736-NH-360,1120.29,West Des Moines,Lincoln,False,2025-02-09,Lockheed L-188 Electra,,Gustavo,Ecuador,I396QF,2893,1,-10.6,22763.2,60.0,919.1,25358,2002-03-26,economy
01:57:30,02:51:30,LQB22551,AI688,60436135,HY-30680-AO-233,4828.74,Euless,Prattville,False,2024-12-31,Airbus A350-900,,Towanda,Bulgaria,S248KO,3608,0,-10.0,62389.7,55.0,991.1,26475,1999-01-19,economy
02:35:39,02:56:39,GBF18677,AI327,64014474,FK-09878-CI-101,7932.78,Bremerton,South Gate,False,2024-09-07,Airbus A300C4,,Wonda,Uganda,G853ZH,4434,1,-7.0,58119.4,94.0,1199.9,27654,2000-03-24,economy
14:52:33,16:04:33,KHI57416,AI019,61237880,YH-70122-YZ-181,3010.91,Daytona Beach,Tulsa,False,2025-02-08,Bombardier BD-700 Global 5000,,Dudley,Bermuda,W552GZ,612,8,-5.1,7319.2,104.0,585.5,6952,1999-09-30,economy
10:32:33,11:07:33,GXC87609,AI802,69455081,NE-98006-FK-755,7637.95,Menomonee Falls,Thornton,False,2024-09-29,Airbus A330-900neo,,Faviola,Mali,Q532AN,3218,1,-10.5,52512.3,119.0,931.7,27600,2006-05-14,economy
22:29:37,00:45:37,KAV69719,AI314,68396963,YA-79137-XV-305,1014.09,Statesboro,Muscatine,False,2024-09-15,De Havilland DH.114 Heron,,Oneida,Senegal,J749KA,4759,0,8.6,55265.0,48.0,1108.7,27950,2009-05-16,economy
22:10:41,22:41:41,UFZ41821,AI706,67532007,BK-13396-ZP-878,4911.79,Lindenwold,Melrose,True,2024-08-20,Boeing 787-8,542003NE,Rebbeca,Maldives,H213JQ,6399,1,7.3,64812.8,83.0,1681.2,56389,2006-10-05,economy
21:04:40,22:00:40,ZGI91526,AI125,67937702,PB-29808-UN-487,6541.6,El Dorado,Leander,True,2024-11-06,Boeing 737-600,690569BN,Nakisha,Central African Republic,N068JU,2409,0,-12.9,18749.0,104.0,946.0,17006,2007-03-21,economy
00:28:38,00:44:38,RSB93457,AI350,67057092,BN-68880-VE-129,1636.75,Statesville,Arcadia,True,2024-07-31,Airbus A319neo,209270GM,Claude,Antarctica,P538GN,5023,1,-5.4,66861.4,16.0,1089.7,41887,2010-04-21,economy
02:00:32,04:36:32,HFP32257,AI864,65949022,CW-80692-IY-752,6972.0,Grandview,Lauderdale Lakes,True,2025-01-18,McDonnell Douglas MD-11,952195PP,Marica,Estonia,B677TL,3657,0,-13.7,60071.7,90.0,972.3,27235,1998-05-05,economy
20:20:42,23:03:42,VTS29803,AI030,68375080,SJ-74299-EY-550,4878.34,Moscow,Haltom City,True,2024-10-26,LET 410,380607PG,Brant,Turks & Caicos Islands,U655QU,1438,7,4.8,12538.4,94.0,845.3,16228,2009-03-18,economy
07:25:34,07:52:34,YMT63279,AI700,60137477,YZ-38862-YD-976,7722.81,Ferguson,Mission,False,2025-02-23,Douglas DC-9-30,,Elsy,Bhutan,E223KB,4601,0,-13.4,55088.5,42.0,1238.4,28444,2002-06-20,economy
10:09:31,10:55:31,BQE96882,AI670,62684113,UM-05548-RB-169,5467.16,Vernon Hills,McAlester,True,2024-06-14,Douglas DC-9-50,814286TS,Blythe,St. Pierre & Miquelon,F136YY,3474,0,2.9,58016.4,31.0,938.0,27751,2008-08-16,economy
20:28:38,21:45:38,OTH19326,AI752,63036257,ER-42515-BW-372,7361.45,Savage,La Habra,False,2024-11-30,Embraer Praetor 500,,Kasi,Sudan,C940JF,2660,0,-0.9,23354.5,44.0,931.8,24407,2005-02-19,economy
11:22:32,12:45:32,BZX76573,AI736,67097840,PQ-03266-WY-848,2057.26,Faribault,South Pasadena,False,2025-02-15,Boeing 777-300,,Francene,Uganda,R813AP,4475,1,-13.4,68011.0,26.0,1220.7,28711,1999-07-05,economy
00:10:41,02:23:41,KIP35588,AI501,69358982,CU-05892-NZ-429,7846.6,La Porte,San Fernando,True,2024-07-24,Airbus A340-300,531307DN,Marilou,Christmas Island,R190WP,2852,1,-14.4,24768.7,38.0,944.0,23596,1999-09-28,economy
03:25:43,05:03:43,UJW53750,AI233,67181422,XF-97849-ML-638,4613.24,Lumberton,Newberg,False,2024-11-22,Airbus A380-800,,Sixta,Egypt,X007ED,2412,1,-6.6,19226.0,115.0,903.9,17398,2007-06-26,economy
04:31:38,05:35:38,MMG20699,AI897,63027163,OY-60915-EH-783,7262.45,Fairmont,Mount Pleasant,False,2024-08-02,Embraer EMB 110 Bandeirante,,Herbert,Vanuatu,T660WN,2893,0,-10.7,22815.5,37.0,932.2,27882,2010-01-13,economy
23:42:35,01:00:35,AMB77108,AI157,60955304,DQ-78290-EV-221,4417.72,Mamaroneck,Zion,False,2024-06-02,Honda HA-420,,Gary,Japan,C184VS,3099,0,-0.6,57961.1,40.0,962.0,26065,2003-07-20,economy
09:12:34,10:19:34,ZUI62590,AI216,68773677,WL-83969-FJ-800,1925.28,Galveston,Lakewood,True,2024-05-13,Boeing 717,468581JJ,Bethann,Madagascar,X459JQ,4320,0,-6.4,65052.1,92.0,1255.6,25704,2006-01-09,economy
09:45:24,11:40:24,XBF26233,AI390,67552716,CH-97853-NJ-404,3118.84,Port Hueneme,Dublin,False,2024-07-16,Concorde,,Joi,Tristan da Cunha,S195WK,2900,0,-9.7,22625.4,70.0,914.5,21948,2000-05-29,economy
15:22:42,18:20:42,GUY43653,AI693,66028745,YX-92544-MN-150,2726.65,Birmingham,Gastonia,True,2024-06-26,Boeing 727-100,802979JK,Carolynn,Antarctica,X901OT,3341,0,8.7,69906.9,82.0,965.3,28535,2000-09-17,economy
07:28:31,09:58:31,OHF67859,AI394,65837200,DH-59159-BI-116,2042.61,Madisonville,White Bear Lake,True,2024-07-03,Cessna Citation III,801376RE,Hai,Ghana,L039WY,675,6,9.6,7069.5,49.0,596.0,6511,2000-10-26,economy
04:11:31,06:13:31,RHX64006,AI219,60723756,ES-49815-CI-474,3326.22,Boulder,McHenry,True,2025-01-19,Cessna 152,379826NT,Randa,Gambia,B426NN,6432,1,-10.2,61726.9,110.0,1505.6,59320,2010-08-21,economy
16:38:27,17:25:27,NYW00760,AI866,69271675,GI-68956-UD-783,5760.83,St. Louis,Coconut Creek,False,2025-01-16,Boeing 727-200,,Marcene,Laos,Q586AV,4436,1,-5.4,61810.2,51.0,1210.1,25789,2001-07-14,economy
01:36:40,03:09:40,HOL27343,AI010,66659454,JG-67527-GP-482,7518.48,Lubbock,Gallatin,True,2024-12-04,Douglas DC-3,949885ZF,Galina,Mongolia,O563GX,4021,0,-11.9,65805.5,17.0,1228.6,27648,2006-05-24,economy
02:48:38,03:11:38,IDF31727,AI012,61190301,IH-82270-AZ-028,6007.82,Oxnard,Houma,True,2025-01-19,Gulfstream/Rockwell (Aero) Turbo Commander,697331TZ,Patricia,Samoa,Z419MH,3896,0,-11.4,68392.2,53.0,963.4,27402,2006-05-28,economy
12:35:27,14:39:27,EWL03584,AI085,68254136,PG-11566-BU-585,3867.67,Washington,Bethel Park,True,2024-05-26,Canadair Regional Jet 700,837843PY,Chance,Morocco,S944SL,2070,1,-7.6,18320.1,102.0,909.1,15382,2001-08-13,economy
11:15:41,14:13:41,FTX89444,AI079,64191719,FX-40240-KN-342,2706.24,Fort Worth,Lake in the Hills,True,2025-03-01,Douglas DC-6,167907OG,Jamison,Zambia,V022GL,2053,1,-9.8,19116.3,49.0,905.8,16366,2009-06-07,economy
10:57:24,12:11:24,DQR41270,AI655,62388980,IQ-85899-FR-009,6775.91,Ithaca,South Portland,True,2025-01-11,CASA/IPTN CN-235,417162TV,Cameron,Chad,Q359OH,3350,1,9.1,63642.2,92.0,938.0,28572,2005-03-31,economy
22:24:30,00:13:30,GHN37896,AI832,65784883,CK-55083-QF-590,3124.54,Covina,Spartanburg,False,2024-11-22,Boeing 737-300,,Jenae,Bahrain,F021VK,4194,0,-2.4,61489.1,48.0,1318.0,24063,2008-03-24,economy
16:42:28,18:59:28,JKG95691,AI536,65121914,RV-23689-XC-747,3082.49,Porterville,Paducah,False,2024-06-15,COMAC C919,,Vanna,São Tomé & Príncipe,S741JF,1580,1,-14.2,23054.7,65.0,809.5,14428,2008-06-27,economy
17:41:28,18:51:28,PSI89828,AI880,69523382,AU-45223-HW-931,7454.4,Sioux Falls,Niagara Falls,True,2025-01-18,NAMC YS-11,759410RM,Jamee,Armenia,U975KV,1184,7,-5.1,12894.1,56.0,845.6,14537,2003-12-27,economy
01:59:39,04:38:39,WNU11433,AI731,64244966,LX-44981-IC-722,3295.3,Norman,Pascagoula,True,2024-08-05,Bombardier Global Express,243317EX,Ramon,Malaysia,V444LN,4431,1,1.7,67796.7,70.0,1018.6,29894,2008-07-09,economy
21:18:30,22:25:30,FXG39113,AI025,60693694,DL-73015-MG-128,5437.5,Geneva,Riverton,False,2025-01-09,Cessna 208 Caravan,,Scott,Greece,V397AE,2131,1,-6.4,19758.7,76.0,926.5,15995,2005-05-28,economy
10:49:31,12:34:31,QHK02085,AI916,68524086,EU-89742-IU-193,5229.02,Commerce City,Buffalo,False,2024-05-17,Evektor SportStar,,Ian,Guatemala,V703HH,2335,0,-10.2,18882.3,23.0,946.2,16029,2000-10-23,economy
16:14:43,18:23:43,IMC76745,AI776,60699673,XN-39271-IE-281,1453.78,Fairfield,Kentwood,False,2024-11-13,GippsAero GA8 Airvan,,Tanja,Tunisia,L553ME,5459,0,-9.9,66268.7,119.0,1018.2,43357,2008-12-03,economy
02:23:32,04:39:32,GKW91245,AI620,65822839,FH-79580-WJ-409,6518.53,Corinth,Saco,False,2024-08-22,Tecnam P2006T,,Brett,Martinique,P639RA,5433,0,-5.3,55299.2,112.0,1286.9,36083,2003-01-23,economy
09:42:29,12:15:29,NIY42324,AI555,68270820,CT-29545-BB-997,1295.32,Farmington Hills,Bridgeton,True,2024-10-08,Boeing 747SR Freighter,240023TQ,Emil,Timor-Leste,F350YZ,674,3,-7.6,7163.8,99.0,609.7,6651,2010-11-23,economy
23:45:26,01:58:26,TTY94974,AI555,63325138,YE-41484-QJ-313,5745.5,Charlottesville,Burlington,False,2024-09-14,Airbus A220-100,,Annamae,Madagascar,M371AP,2830,0,-11.1,23404.6,66.0,921.3,26536,1999-03-06,economy
14:40:33,15:09:33,RFV94456,AI286,64289227,GW-36191-LZ-676,3992.31,Sammamish,Pocatello,True,2024-08-12,Douglas DC-8-62,435911FU,Osvaldo,Jordan,A682EF,5384,1,-14.8,62209.2,18.0,1140.7,37848,1998-02-15,economy
08:32:25,10:11:25,SXT23815,AI119,68666243,LA-33883-NI-912,5826.7,Garfield,Winter Springs,False,2025-02-12,Boeing 747SP,,Todd,Fiji,I578EB,5477,0,-6.4,68642.5,108.0,1187.3,36616,2008-01-02,economy
08:19:35,09:49:35,RAH67030,AI866,69022708,UR-42352-IX-069,4654.21,Vineland,Murray,True,2024-07-21,Harbin Yunshuji Y12,658911QT,Roosevelt,Bermuda,R801RX,3227,0,7.7,46464.2,117.0,978.9,27138,2010-02-04,economy
02:44:39,04:37:39,VDZ66780,AI247,62949628,FN-02534-MQ-895,1263.42,Columbus,Lake Charles,True,2024-09-27,Antonov AN-74,442644TU,Danial,Finland,Y054ZL,6182,1,-10.2,59550.9,51.0,1210.7,55570,2010-10-07,economy
13:55:33,15:39:33,LNF22579,AI399,62410218,WB-55591-PD-423,4031.6,Bixby,Chaska,False,2024-07-12,Boeing 737 MAX 10,,Jerome,Macedonia,B207KD,4776,0,-13.6,63874.6,93.0,1084.1,26803,2007-04-08,economy
16:09:25,17:34:25,RFA24215,AI418,68408243,MP-30021-QP-847,695.17,Madison Heights,Carlisle,False,2024-12-21,Dassault Falcon 50,,Mana,Anguilla,G866UO,4314,1,-5.5,64872.6,98.0,1287.0,29072,1999-02-20,economy
18:17:24,20:20:24,GIX56115,AI830,60169414,MJ-36389-LJ-129,5972.72,Pembroke Pines,Passaic,False,2024-07-28,Embraer Legacy 600,,Onie,Svalbard & Jan Mayen,N439IZ,2266,0,-9.5,18541.2,57.0,927.2,19736,2001-05-05,economy
21:15:37,23:27:37,QSV08523,AI318,62534870,MF-65917-QI-477,5538.65,Elk Grove,Raymore,True,2024-07-14,Fairchild Dornier 328JET,123985VC,Regine,Mayotte,R489AZ,2486,0,-11.1,19304.9,27.0,949.5,15873,2002-04-05,economy
22:50:37,23:08:37,QEL45738,AI533,65088268,GC-58311-XW-910,5683.01,Eastlake,Racine,False,2024-10-02,Airbus A321,,Debera,French Southern Territories,B644XB,2321,0,-7.4,18916.3,99.0,932.2,18408,2010-02-18,economy
03:00:33,04:46:33,DXC32539,AI190,69573608,NN-45470-XF-350,7816.84,Bartow,Chickasha,True,2024-05-15,Airbus A330-800neo,180087GZ,Kurt,Qatar,P745MK,2581,0,-11.1,23995.5,56.0,943.9,19933,1999-08-08,economy
01:23:42,02:41:42,ZOJ90609,AI271,67150066,GO-02958-CE-292,7493.83,Calumet City,Asheville,True,2024-08-31,Airbus A330-200,232698NF,Ngan,Cook Islands,X607SD,5666,0,-6.5,59627.3,88.0,1240.6,40006,1999-05-11,economy
23:53:35,02:13:35,RHY07054,AI360,64516567,BG-34470-RS-424,4849.93,Buffalo Grove,Starkville,False,2024-10-26,Fokker 50,,Nicky,Senegal,H641FN,3262,0,-12.2,63438.0,64.0,951.3,28053,2005-05-19,economy
12:23:41,12:55:41,KNB68430,AI578,68161936,QE-77207-NQ-129,977.39,Lompoc,Sarasota,False,2024-12-01,Boeing 747-100,,Darrick,Chile,R145OC,1830,1,-1.1,19306.7,63.0,834.7,12265,2003-05-03,economy
20:41:42,21:30:42,UAN30100,AI358,61816917,BE-15991-AA-176,6616.59,Saratoga,Spokane Valley,False,2024-07-08,Shorts SC-7 Skyvan,,Lavette,Grenada,X164ZX,3228,1,-1.5,47591.7,47.0,945.5,29896,2006-07-11,economy
20:00:24,22:43:24,PZA77090,AI166,60720927,EZ-94707-KD-149,4125.52,East Peoria,Oshkosh,True,2024-08-06,McDonnell Douglas MD-87,192024QM,Santina,Cameroon,C562RI,4413,1,7.8,61288.3,20.0,1228.8,27094,2004-03-29,economy
02:28:33,02:47:33,HRJ78052,AI459,62930435,CD-76482-NP-950,3803.65,Spokane Valley,Staunton,False,2024-08-06,Boeing 787-9,,Rusty,Denmark,B607IJ,2615,1,-1.6,23137.6,90.0,926.6,26030,2007-02-11,economy
02:45:24,03:42:24,YHB01473,AI098,67646735,CX-40804-RC-272,1974.81,Logansport,Kennesaw,True,2024-07-10,Airbus A319neo,472669UP,Markus,Ukraine,V762DP,6172,1,-8.8,55264.0,90.0,1464.5,54201,2002-02-24,economy
04:42:43,06:52:43,JGN81774,AI123,68710812,FS-96384-ZX-606,3363.31,Steubenville,Mission Viejo,False,2024-09-21,Shorts SD.360,,Joesph,Jamaica,V890NK,671,7,-5.1,7117.1,65.0,544.9,5841,2001-06-15,economy
03:22:42,05:33:42,BKS54782,AI743,61780805,PA-60137-TJ-415,7870.96,New Brighton,Deltona,False,2024-09-10,Saab SF340A/B,,Pablo,Belgium,T259PE,2039,1,-8.4,19046.1,113.0,925.9,15012,1998-05-27,economy
03:09:24,04:49:24,CAN78044,AI490,66280224,CU-21290-PY-932,3384.87,Independence,Missouri City,True,2025-01-27,Antonov AN-32,922583WB,Marylynn,Netherlands,F034DN,1995,0,-8.7,29429.2,59.0,809.7,13283,2004-02-03,economy
04:19:36,06:02:36,EVG62085,AI108,60004753,CG-23376-XP-469,4777.58,Lowell,Allen,False,2024-09-03,Convair Convair Convair CV-640,,Freddy,Turkmenistan,W680LJ,3715,1,4.4,68455.6,37.0,947.8,25515,2010-12-23,economy
00:53:32,02:12:32,NDW52747,AI393,61545302,DI-03237-PI-857,5631.57,Ashtabula,Buffalo Grove,False,2024-09-12,Boeing 737-700,,Katlyn,Oman,H944MQ,4154,1,3.1,61826.2,72.0,1380.6,29283,2002-09-07,economy
08:41:36,09:54:36,TKK00793,AI229,62736348,NZ-23997-RU-426,6867.01,Georgetown,Loveland,False,2024-12-06,Cessna Citation X,,Cheree,Cook Islands,Q388ZN,6496,0,-8.4,67993.6,95.0,1687.5,55325,2004-10-10,economy
17:19:29,19:50:29,NIH20607,AI196,66631164,JQ-46060-RI-880,5687.54,Villa Park,Palisades Park,True,2024-08-18,De Havilland Canada DHC-2 Turbo-Beaver,040222WE,Tanna,Netherlands,C528QE,1590,0,7.6,22573.3,87.0,807.4,13481,2009-11-23,economy
00:20:26,01:51:26,HPE77976,AI691,64485287,FW-69108-PA-871,7968.92,Spring Valley,North Lauderdale,False,2024-07-05,Boeing 757-300,,Maida,Swaziland,E593TG,888,6,-9.9,7145.4,56.0,573.3,5188,1998-07-01,economy
08:03:36,08:55:36,KDV58348,AI507,63217627,MP-35458-RJ-377,1531.4,Camas,Chaska,True,2025-02-13,Beechcraft Baron,334910ZS,Rivka,Cape Verde,F572FM,1277,8,1.0,15776.8,42.0,813.3,15499,1999-07-04,economy
22:05:34,00:13:34,NNS85624,AI330,60135271,FI-21290-CB-604,7566.38,Simi Valley,Schererville,False,2024-07-29,Boeing 727-100,,Matt,Gibraltar,Z399UM,4425,0,-8.5,62601.2,34.0,1305.6,24510,2003-01-23,economy
12:08:36,14:09:36,MEC93868,AI492,69283419,SE-28137-YC-423,5645.75,Bethel Park,Novato,False,2024-12-09,TL Ultralight TL-96 Star,,Brendon,Taiwan,R723WW,4297,0,-11.2,64339.6,114.0,1228.2,24895,2006-09-23,economy
00:12:27,01:43:27,CYJ90014,AI798,60098759,OY-83047-KS-668,7125.58,Jefferson City,Banning,False,2024-10-13,Ilyushin IL114,,Danika,St. Pierre & Miquelon,T111LA,5449,0,1.0,55121.4,86.0,1177.1,38588,2008-04-05,economy
23:35:27,01:16:27,EYI19882,AI490,61575297,KY-18591-QM-467,6214.73,Scranton,Painesville,True,2024-11-24,GippsAero GA8 Airvan,578265FS,Lakenya,Germany,U570QA,1489,4,-13.7,16809.8,31.0,820.8,16789,2001-08-21,economy
14:37:41,16:16:41,EQF41406,AI177,61838674,DM-48114-QB-376,820.18,Charlottesville,Jacksonville,False,2024-08-20,De Havilland DH.114 Heron,,Latrisha,New Caledonia,R995LL,5024,1,-10.0,56218.9,56.0,1180.0,42525,2008-05-04,economy
04:17:26,05:28:26,IKP93940,AI562,66930410,YI-68968-SL-793,2271.57,Hobart,Gaithersburg,True,2024-10-30,Cessna Citation VII,416408JA,Elicia,Uzbekistan,V103FF,2812,1,-7.7,22857.3,105.0,928.6,23970,2010-09-26,economy
14:32:35,17:05:35,XTU42219,AI037,68236839,QJ-65644-WY-068,6160.68,Bethel Park,Fair Lawn,False,2024-07-14,Pipistrel Virus,,Marco,Kyrgyzstan,K295ER,2147,1,8.6,18778.6,119.0,907.9,19738,1999-03-01,economy
03:13:40,05:32:40,FHF10999,AI709,60720350,PR-82385-LN-654,3087.31,Corvallis,Slidell,True,2024-09-27,BAe 146-300,645640YX,Benton,American Samoa,P143HL,5179,1,-0.2,65700.5,91.0,1125.4,40506,2001-01-01,economy
12:19:34,15:03:34,ZTE22839,AI921,67104634,VT-78123-DQ-589,7146.89,Prichard,Taylorsville,True,2024-09-19,Shorts SD.330,648649FT,Marivel,Kosovo,E814RD,3643,1,0.4,61925.1,55.0,939.5,26085,2010-07-18,economy
02:43:37,03:52:37,VKM83780,AI507,61786381,WP-45488-NA-986,1903.76,Union City,Lauderdale Lakes,False,2024-07-10,Boeing 777-9,,Thomasine,Samoa,L872WN,5166,0,-12.5,55603.2,109.0,1000.3,39839,2010-10-09,economy
22:30:35,00:56:35,YQT95779,AI435,67387530,HY-77718-BF-403,2292.24,Palisades Park,Friendswood,False,2025-02-11,Airbus A320,,Napoleon,South Georgia & South Sandwich Islands,P990NW,1408,2,-7.5,12990.2,16.0,826.4,15790,2006-07-15,economy
09:08:40,11:35:40,FWV45676,AI061,67147415,HN-32034-XP-398,6766.84,West Allis,Saratoga,False,2024-12-17,Boeing 777-9,,Cletus,Gabon,J804HZ,3748,0,-12.7,68927.9,84.0,995.3,27815,2001-03-07,economy
12:48:33,14:51:33,NWI41343,AI309,69410160,JQ-70922-UK-338,3348.84,Plymouth,Encinitas,True,2024-08-04,Antonov An-148,718291YC,Mathew,Bulgaria,H948RK,4570,1,-10.9,55389.5,70.0,1163.4,24156,2000-05-20,economy
07:08:28,08:47:28,UVV74783,AI216,60747885,RB-24165-AM-698,5000.04,Villa Park,Port Hueneme,False,2025-01-28,Douglas DC-9-20,,Justin,Chile,Q409KK,1419,2,-6.4,15275.0,31.0,800.3,13524,2005-02-08,economy
07:24:25,09:42:25,SYI89938,AI793,68016377,AE-03263-HL-138,2708.24,Wenatchee,Santa Ana,True,2024-11-26,Antonov AN-30,496978XR,Collene,Diego Garcia,E496IC,2530,1,7.2,24187.9,108.0,922.5,25541,1998-01-11,economy
00:24:42,00:39:42,ZHG78763,AI646,60646986,DI-10569-MA-897,1013.37,Miamisburg,Sioux Falls,True,2024-12-16,Evektor SportStar,206563SG,Byron,French Guiana,T667DP,4147,0,-7.9,60084.1,84.0,1040.1,29343,2004-07-17,economy
10:00:38,11:13:38,ZGF76399,AI265,68809473,YZ-39697-BN-836,2800.43,Oregon,Xenia,False,2025-02-13,Gulfstream G280,,Shantae,Falkland Islands,D432RT,849,4,-11.9,7172.2,65.0,663.3,7988,2007-05-30,economy
02:06:34,04:36:34,YAU50501,AI213,61804665,DV-04796-VO-936,7961.72,Harker Heights,Passaic,False,2024-08-18,Boeing 747-200,,Patricia,Curaçao,A956KD,5348,1,-13.9,69177.9,94.0,1151.9,41416,1999-10-03,economy
08:14:40,09:18:40,KGL66014,AI141,69108144,YL-16276-WQ-545,4005.7,Chicago Heights,Yonkers,False,2024-12-06,Lockheed L-182,,Glennis,Macau SAR China,V203UH,1455,7,-10.4,13151.4,114.0,836.3,16050,2004-12-22,economy
11:51:41,14:16:41,DSW08488,AI967,66205759,VB-54241-ON-363,7055.41,La Habra,Camarillo,False,2024-07-06,Boeing 777-200 Freighter,,Isidro,South Korea,V986HG,2817,0,-11.9,23609.4,43.0,933.8,23332,1999-12-17,economy
03:09:38,03:28:38,FCP24927,AI110,66601964,BU-70699-SQ-581,3383.13,Upland,San Dimas,False,2024-10-08,Boeing 747-8F,,Drew,United Arab Emirates,F402SQ,695,6,-2.0,7320.1,78.0,505.0,5207,2008-06-17,economy
11:39:26,13:45:26,NUF75860,AI000,69914170,UK-80483-WY-185,2788.54,Libertyville,Ocean Springs,False,2024-09-09,Boeing 747-100 Freighter,,Malik,Cambodia,O738HT,3745,0,-6.6,63547.9,23.0,947.4,25650,2001-02-27,economy
08:35:39,11:22:39,UIF14709,AI392,68917187,TK-19744-VO-973,4304.04,Staunton,Pearland,False,2024-07-26,Fairchild Dornier 328JET,,Johana,Burundi,D867DA,4894,0,1.9,59850.3,103.0,1130.0,28812,2001-03-23,economy
10:46:27,11:27:27,UIZ03589,AI730,67037605,KU-43196-NH-211,4981.15,San Jacinto,San Bernardino,False,2024-10-24,Embraer 175,,Valrie,Haiti,S068OQ,5227,1,-8.7,66845.8,44.0,1032.4,39617,2005-03-04,economy
17:01:38,17:25:38,LLL27117,AI429,60189723,JA-64177-UN-384,3595.89,Coon Rapids,Carrollton,False,2025-02-11,Boeing 737-800,,Barton,Barbados,V304IK,5517,1,-11.9,69110.0,75.0,1392.3,42621,1999-08-15,economy
12:10:39,14:23:39,MHO70469,AI696,63496471,YI-78339-MX-075,3583.16,Anaheim,Auburn,True,2024-11-25,Sukhoi Superjet 100-95,462823MT,Travis,Algeria,N583TG,3654,0,8.0,56979.0,75.0,930.6,29460,2001-09-04,economy
02:53:30,04:03:30,ZGM13984,AI463,63290890,MK-26593-RI-536,4000.27,Ballwin,Lathrop,True,2024-09-27,Airbus A310-200,367932ZP,Jonah,Nigeria,I468ZG,3316,1,-5.9,68195.9,30.0,958.6,29772,2001-01-21,economy
09:38:38,12:00:38,BMB07020,AI199,62137388,SN-12554-GR-124,7382.43,El Cerrito,Klamath Falls,False,2025-02-05,Pilatus Britten-Norman BN-2A Mk III Trislander,,Manual,Israel,S042LK,1629,1,-12.5,20483.0,34.0,809.2,11242,2004-01-04,economy
22:16:43,00:28:43,YXW78851,AI546,64039904,ZV-83753-KD-147,1993.44,North Lauderdale,Fredericksburg,True,2025-01-20,Boeing 747-8I,930593MI,Dia,Palau,H049JB,914,5,-6.6,7187.6,63.0,608.8,5041,2003-01-13,economy
02:54:33,05:17:33,UMO91083,AI578,61189263,AQ-26740-ZF-589,6486.83,Calabasas,Boca Raton,True,2024-06-05,De Havilland Canada DHC-8-200 Dash 8,056747XO,Classie,Åland Islands,X373VX,594,2,5.8,7318.7,38.0,650.9,5942,2003-06-26,economy
11:52:38,12:19:38,ZWR19699,AI657,66421883,DR-47774-PR-800,4355.81,Newton,Cary,True,2024-08-24,Douglas DC-9-30,331747SF,Myrta,Gabon,D758QT,3939,0,4.4,66266.8,100.0,961.0,25317,2009-09-24,economy
09:56:40,11:55:40,KIN69617,AI108,64469289,ZU-27099-YZ-918,1877.18,Lancaster,La Mesa,False,2024-08-07,De Havilland Canada DHC-8-300 Dash 8,,Mervin,Japan,V273DS,4912,0,-13.9,61247.3,70.0,1004.1,24660,2007-12-29,economy
00:09:39,01:43:39,ERY18216,AI576,65834789,PR-03857-LY-162,3987.84,Bay City,Bangor,True,2024-11-15,Ilyushin IL62,886995YS,Evia,Bolivia,W430XT,563,2,-9.6,7044.0,116.0,647.6,6279,2005-12-24,economy
02:04:39,02:36:39,XCL52777,AI835,67636314,HT-40640-DV-478,1443.67,Huntersville,Dana Point,False,2024-06-09,Gulfstream Aerospace G-159 Gulfstream I,,Natashia,Suriname,N962ZP,3313,0,7.0,58238.4,70.0,901.4,25203,2009-05-25,economy
01:07:25,01:53:25,QQX81003,AI386,67953491,IZ-67755-YD-688,4376.77,Godfrey,Weatherford,False,2025-01-02,Cessna Citation X,,Junior,Malta,K105NP,6343,0,-5.5,55978.1,50.0,1217.6,50327,2003-12-09,economy
03:21:28,05:28:28,KCS90421,AI907,62594033,MK-83569-ZH-039,7861.25,Hopkins,Roswell,False,2024-09-15,Airbus A320,,Dee,Slovakia,F608VA,6149,1,0.4,57983.9,24.0,1596.9,54429,2008-12-07,economy
10:48:24,12:58:24,XZO09610,AI614,65447206,XI-36883-VE-808,4331.58,Oakland Park,Tallahassee,True,2024-07-26,Boeing 757-200,301783NX,Ozell,Nepal,C288HI,3896,1,-1.8,63561.1,89.0,973.3,25517,1998-06-18,economy
13:05:27,14:53:27,QWW26376,AI295,67377067,EX-18447-IS-785,4280.1,Lacey,Rowlett,False,2024-09-29,Embraer RJ145,,Hoyt,Indonesia,L186TE,2858,0,-10.7,22523.8,27.0,948.5,21427,1998-05-08,economy
22:26:39,23:41:39,NGG65252,AI563,69360707,TN-30127-RE-023,5943.24,Calexico,Oklahoma City,True,2024-09-11,Ilyushin IL18,988414VE,Ernest,Brunei,O075RG,4969,0,-8.1,56554.9,67.0,1395.5,25536,2008-08-14,economy
07:53:34,09:39:34,UAS33410,AI736,69469094,AM-09348-NC-021,6397.03,Marshfield,Fall River,False,2024-07-11,Gulfstream/Rockwell (Aero) Turbo Commander,,Lorilee,French Guiana,W922XR,5943,1,-11.9,64739.6,102.0,1294.6,44726,2010-09-09,economy
11:58:33,14:34:33,VXG53865,AI703,60951375,XH-52412-YA-357,1416.41,New Braunfels,Bismarck,False,2025-01-06,Junkers Ju 52/3M,,Sanda,Morocco,L440NQ,3323,1,3.4,56968.0,64.0,928.7,25229,2003-05-31,economy
07:17:37,08:26:37,JUD44115,AI071,65663783,CT-36690-YM-294,5305.83,Baldwin Park,Sheridan,True,2024-07-12,"\"Airbus A330-700 \"\"Beluga XL\"\"\"",336983GR,Antonio,Madagascar,G016JH,6474,0,3.3,67093.4,85.0,1742.9,57655,2009-10-05,economy
07:12:41,09:20:41,BQB36857,AI747,67534873,HQ-94729-IY-714,1262.27,Dalton,Oxnard,True,2024-07-04,Douglas DC-10-10,066139RI,Marcell,St. Kitts & Nevis,E894XA,4700,0,-8.2,64536.0,118.0,1035.7,26480,2006-10-25,economy
15:42:32,17:49:32,TTX45469,AI237,62746002,OE-75107-CN-646,7005.9,Parma,Temple Terrace,True,2024-10-09,De Havilland Canada DHC-8-200 Dash 8,852371EA,Sharda,Malawi,S500CS,4074,1,-0.7,69748.9,38.0,1245.5,28990,1999-11-18,economy
21:34:40,23:25:40,KHA72951,AI227,68570424,IC-70975-DB-848,999.45,Rancho Cucamonga,Marina,False,2024-07-07,Boeing 757F,,Maria,Eritrea,D112KI,5411,0,-13.4,55577.1,113.0,1009.4,42841,2000-09-10,economy
11:16:28,13:06:28,DMY79823,AI935,69369799,EF-61761-XC-756,1774.06,North Port,Shakopee,True,2024-11-01,Cessna 162,128132YU,Chi,Australia,J306NJ,4510,1,-14.4,63134.0,59.0,1193.8,30305,2006-01-10,economy
02:29:29,03:37:29,ZQH72391,AI110,67933624,YB-35184-WZ-481,3586.84,Poughkeepsie,Sidney,True,2024-10-28,British Aerospace Jetstream 31,400553AR,Erich,Cambodia,J645TN,567,4,-8.2,7428.1,112.0,708.6,6266,2010-03-11,economy
22:05:39,00:43:39,ARA06000,AI106,69290335,XR-46719-YE-345,6919.92,Galt,Watertown,False,2024-11-29,Boeing 737-800,,Lashandra,Japan,F698VT,3104,0,-12.3,47027.0,41.0,929.7,29922,1998-01-10,economy
07:14:31,08:13:31,EMU75079,AI854,63056399,NH-85393-RD-318,5264.87,Monterey Park,Rohnert Park,True,2024-09-04,De Havilland Canada DHC-6 Twin Otter,693048DO,Amos,El Salvador,Q792AN,3057,1,4.0,52618.0,40.0,928.6,28854,1999-02-27,economy
17:43:27,17:59:27,SBF94223,AI708,60022228,US-28648-VP-213,529.27,Douglasville,Wayne,True,2024-07-23,Airbus A220-100,598266VI,Todd,Cook Islands,Z271OF,5998,1,-14.3,58266.9,18.0,1383.2,41104,2007-10-07,economy
08:45:28,10:22:28,WQO71197,AI847,67433362,UB-48374-SH-003,1381.39,Holladay,Lake Elsinore,False,2024-05-18,"\"Airbus A300-600ST \"\"Beluga\"\"\"",,Marg,New Caledonia,T073VZ,5261,0,-10.4,56234.6,55.0,1303.7,39292,2006-08-12,economy
10:57:34,11:58:34,RBT91026,AI705,62083240,LH-00151-YU-992,6925.91,Smyrna,Mountain View,True,2025-02-09,De Havilland Canada DHC-6 Twin Otter,263121NL,Hannelore,Timor-Leste,D458VN,2592,1,-2.5,22946.8,62.0,948.1,25518,1999-09-08,economy
01:16:24,03:18:24,QTQ11618,AI817,68117900,MQ-82961-CB-928,5394.49,Carbondale,Tinley Park,False,2025-02-16,British Aerospace ATP,,Lowell,Sudan,S347PS,3089,0,2.4,48637.3,64.0,901.0,28723,2002-01-19,economy
16:42:36,17:01:36,CIU90426,AI287,69774566,LU-67091-XQ-756,1131.06,Hendersonville,Raleigh,False,2024-11-22,Douglas DC-3,,Tobias,Cook Islands,I652EM,6003,0,-7.1,57396.4,86.0,1669.5,52433,2007-09-29,economy
04:59:39,05:54:39,BDJ70271,AI319,61962269,EU-80209-SO-623,7839.6,Brooklyn Center,Brook Park,True,2024-12-05,De Havilland Canada DHC-7 Dash 7,665812BX,Exie,France,Q796YU,3615,1,7.7,63410.8,119.0,901.2,28647,2007-07-01,economy
15:45:39,18:45:39,TWI14698,AI430,63751260,JE-52297-BT-685,6414.19,Simpsonville,Colleyville,True,2025-01-16,Airbus A300C4,223686JL,Anton,Cuba,X306BE,2343,0,8.5,18787.3,87.0,941.4,17878,2000-05-08,economy
20:44:34,21:47:34,SNJ63100,AI927,64542418,CM-52985-DT-525,761.79,Huntington Park,Dubuque,True,2024-07-28,Boeing 727-100,362946ON,Colin,Luxembourg,C467CA,4269,0,-1.7,64726.6,72.0,1321.1,28217,2001-05-29,economy
17:50:41,20:11:41,ZST43912,AI792,65064369,XA-00485-AA-244,7443.47,Casselberry,Ada,True,2024-09-07,Grumman G-73 Turbo Mallard,026893CT,Stormy,Bermuda,N614ST,4034,1,-11.3,58384.8,56.0,1076.2,27638,2004-01-28,economy
18:11:42,19:16:42,EUC71124,AI961,60384694,SH-18135-MW-546,5782.6,Davis,Los Altos,False,2024-11-08,McDonnell Douglas MD-90,,Pamila,Ghana,L203TW,5478,1,-14.9,59010.2,45.0,1205.6,35035,2005-11-14,economy
02:42:26,05:07:26,KVB59863,AI438,68333961,RC-17983-TP-821,7701.63,Beverly Hills,Duncan,True,2024-08-02,Cessna 172 Cutlass RG,813947RZ,Branden,Comoros,N821MG,3970,1,-9.8,68211.5,48.0,991.2,28660,2009-02-04,economy
10:16:41,11:12:41,DVH76137,AI365,68911520,HJ-18348-EJ-058,5957.96,Saginaw,Janesville,True,2025-02-20,"\"Airbus A330-700 \"\"Beluga XL\"\"\"",798827WH,Nenita,India,G014UY,6493,1,3.3,66527.9,111.0,1301.0,51881,2008-11-24,economy
15:02:38,18:01:38,KCN69391,AI656,62347150,OH-70376-WB-742,6938.01,Emporia,Bolingbrook,False,2024-11-17,McDonnell Douglas MD-83,,Codi,Uganda,J171NO,1291,4,4.8,17213.1,120.0,800.8,16557,2003-01-18,economy
10:27:26,11:34:26,CGN69669,AI580,61722535,WQ-83615-ZO-002,460.57,Forest Lake,Louisville,False,2024-11-21,Aerospatiale SN.601 Corvette,,Thomas,Andorra,V169EV,1972,1,-7.3,20809.5,66.0,835.0,14554,1998-03-01,economy
19:45:35,19:57:35,QUK79426,AI885,69496117,OI-68128-FV-281,3609.04,Mason,Caldwell,True,2024-10-14,Airbus A340-200,375947JN,Loreta,Oman,K650JZ,2816,0,-9.1,23639.1,52.0,937.1,27422,2010-02-01,economy
13:29:41,15:53:41,AQH65828,AI814,64220922,TN-25866-FZ-741,5835.28,Leawood,Lombard,False,2025-01-09,Airbus A320neo,,Kalyn,Andorra,T540IJ,2880,1,-10.7,23778.8,33.0,908.3,22117,2004-08-19,economy
04:06:26,06:35:26,AVH04635,AI206,65209020,KK-64912-BZ-641,3972.79,Nashville,Stevens Point,True,2025-02-12,Robin ATL,228703VT,Roosevelt,Czech Republic,M466SW,1279,3,-5.0,12022.0,20.0,806.1,12401,1998-10-22,economy
06:50:40,09:02:40,UBZ55278,AI084,60730472,IX-45185-OS-705,6685.13,Yonkers,South Gate,False,2024-12-07,Learjet C-21A,,Thao,Congo - Brazzaville,Y554OV,2665,1,6.3,24436.6,105.0,901.0,19848,2004-01-03,economy
11:09:35,11:40:35,UAJ79906,AI071,65866279,ZN-28128-SE-263,2849.56,Livonia,Baldwin Park,True,2024-05-25,Airbus A318,525013ZB,Loan,Antarctica,K273JU,1318,8,3.9,13172.2,118.0,803.0,13146,2000-07-17,economy
01:28:33,02:09:33,OEU68328,AI926,60537216,QZ-52788-BB-812,2325.25,Phoenix,Wilson,True,2025-02-10,Airbus A320,124736LN,Johanne,Central African Republic,J212OJ,5291,1,-13.5,63983.9,68.0,1022.3,39097,2000-01-17,economy
14:53:30,16:43:30,YTD39700,AI037,63473799,FA-29420-CK-780,5467.45,Napa,Placentia,True,2024-11-23,Boeing 777-9,270047DB,Francis,Lithuania,K020MD,3634,0,0.3,58092.5,81.0,967.3,28430,2007-01-10,economy
14:13:29,15:27:29,MZV18495,AI381,62835725,RK-39768-PM-914,2417.7,Vincennes,Coalinga,True,2024-10-19,Boeing 747-100,468416LW,Muoi,Mali,I572NX,4848,1,-6.7,55008.1,105.0,1234.6,27419,1998-01-11,economy
06:44:26,08:07:26,WPW03996,AI270,68218002,TT-07434-LD-097,4146.58,Lauderdale Lakes,Cuyahoga Falls,True,2024-06-04,Canadair Regional Jet 200,490360FH,Erick,St. Vincent & Grenadines,Z597IX,6229,0,-14.8,59178.6,49.0,1285.7,52054,2004-01-10,economy
20:50:42,22:49:42,REV04626,AI432,69901547,GG-20073-HL-576,871.9,Oakland Park,Brooklyn Center,True,2024-07-28,Douglas DC-6,810396HT,Nicolas,Ecuador,O045UE,2082,1,-14.4,19528.8,67.0,938.2,18305,2006-04-24,economy
02:51:39,05:20:39,HWM02853,AI677,67552495,BY-12728-ZW-488,1786.22,Winston-Salem,Wichita,False,2024-11-13,Canadair Regional Jet 550,,Lonnie,Nepal,E227MO,1729,0,-9.3,21187.9,35.0,850.0,17196,1998-10-16,economy
20:52:34,22:35:34,XSD16605,AI971,66745592,GF-62591-BJ-780,2937.21,Downers Grove,Placentia,True,2024-08-09,Pilatus PC-12,877222PM,Floria,Belgium,D444EZ,1550,0,-10.3,26354.4,74.0,835.8,17152,2004-06-20,economy
05:57:31,06:11:31,GRS57418,AI732,68826541,TQ-85308-AX-741,2871.15,St. Louis Park,Haverhill,True,2025-03-01,Cessna Citation V,300017SV,Silva,Portugal,D337EW,5094,0,-15.0,61124.7,36.0,1162.3,35555,2009-06-04,economy
01:17:42,02:26:42,AOZ62264,AI103,60871880,LT-17344-MR-551,7103.78,Germantown,Valparaiso,True,2025-01-21,Airbus A340-300,005557BK,Pamula,Palau,P462BZ,1199,6,-9.0,13886.5,32.0,803.8,12578,2005-03-28,economy
06:26:32,08:35:32,AUP51407,AI214,68268743,IN-86959-IG-184,3290.41,Hendersonville,Casselberry,True,2024-12-31,Piper PA-28,706314NV,Burton,Russia,Y047DQ,3240,1,-5.3,57705.3,118.0,969.5,29106,2010-01-19,economy
23:36:32,00:30:32,DCI47821,AI275,67312231,AU-18159-QI-269,6215.53,Stevens Point,Richfield,True,2024-11-30,Yakovlev Yak-40,239099BX,Santos,Christmas Island,A752GS,2633,1,-9.7,24212.0,111.0,910.9,26118,2005-10-30,economy
20:31:30,22:42:30,LMZ44293,AI919,64950832,SM-71619-OZ-972,2093.65,Rapid City,Moline,True,2024-10-19,Ilyushin IL114,244378PM,Werner,Gambia,X512BE,4183,1,-5.3,69240.4,100.0,1117.8,28819,2009-01-26,economy
02:42:26,04:27:26,ATZ75354,AI969,65721181,WA-44305-UY-106,3572.48,Warwick,New Hope,False,2024-07-02,Canadair Regional Jet 900,,Evelin,India,V688NK,598,5,5.8,7074.1,38.0,573.9,5379,2008-03-10,economy
08:21:34,08:55:34,CRB34406,AI051,64776469,GS-17051-PH-607,5659.69,Mooresville,Abilene,True,2025-02-23,Saab SF340A/B,066111YI,Cassondra,Mali,T461QP,6388,1,-12.1,68067.0,108.0,1479.0,51882,2001-06-13,economy
08:15:24,10:28:24,KHI52113,AI195,66917976,NZ-72669-XF-490,4587.36,Dania Beach,Apple Valley,False,2024-05-19,Airbus A340-500,,Kymberly,Slovakia,U436NC,744,2,-8.1,7419.4,18.0,684.9,5019,2007-12-16,economy
04:57:33,07:37:33,GPQ44693,AI012,63807118,OM-38223-EB-391,6389.0,Riviera Beach,Oklahoma City,False,2024-12-09,Boeing 767-200,,Jessenia,Finland,B180NR,1746,0,-5.4,18457.6,29.0,821.3,15955,2004-10-19,economy
17:11:38,17:47:38,LLA45836,AI169,60460704,TW-79786-LW-830,6938.63,Prattville,La Vista,False,2024-08-03,Airbus A340-600,,Sueann,Uzbekistan,Q213JW,1623,1,7.1,19169.8,96.0,817.5,10398,2008-02-16,economy
11:34:37,11:51:37,GPM61351,AI681,66184275,KY-48552-NY-103,5341.04,Belleville,Blaine,True,2024-08-11,Embraer Praetor 650,052098MO,Dreama,Cocos,G709EH,4461,1,9.6,68359.0,96.0,1398.8,30626,2008-09-12,economy
05:47:42,06:51:42,OSQ78937,AI934,60289101,PV-10277-VL-231,6476.29,Cleburne,Lawndale,True,2024-11-04,Douglas DC-9-50,470970NQ,Daniell,Uruguay,P297RC,5942,1,-9.8,58346.2,79.0,1130.8,41865,2004-05-12,economy
19:21:27,21:08:27,HWC14256,AI832,61654933,QT-51294-OY-737,2093.68,Dinuba,Westminster,False,2025-02-05,Airbus A330-300,,Curtis,Tokelau,S488BS,5939,1,-7.1,56169.6,63.0,1072.2,42833,2000-10-05,economy
06:22:25,08:02:25,BME77465,AI197,62130954,KX-15267-OY-883,4172.89,Mayfield Heights,Gainesville,True,2024-12-08,Embraer E190-E2,029381MF,Ethan,Libya,S046ZK,3422,0,0.5,63018.7,114.0,954.9,25162,2000-08-23,economy
20:37:42,22:04:42,IEH83862,AI507,63904956,BM-21765-WB-799,4315.37,Southfield,Green,True,2025-01-05,Piper PA-28,325057OG,Annalee,Sierra Leone,T690CG,6461,0,-9.1,67748.1,108.0,1733.8,51079,2001-08-02,economy
10:48:42,13:16:42,MDY91354,AI733,65420701,BR-22176-SA-837,2465.88,Fort Myers,Harker Heights,True,2024-10-02,Boeing 737-200,973973HR,Marty,Argentina,W703DB,4597,0,-8.0,63284.1,96.0,1158.6,30622,2007-01-15,economy
03:50:25,05:07:25,NPH51130,AI462,68362526,DO-83254-TL-510,6025.83,St. Marys,Sterling Heights,True,2024-09-22,Boeing 787-9,225468WT,Barton,San Marino,J936YV,5946,0,-14.3,55088.7,83.0,1101.6,45078,2000-06-27,economy
01:16:24,04:15:24,XJD51770,AI389,61897483,ZA-28647-XP-751,2356.93,Apopka,Warner Robins,True,2024-12-01,De Havilland Canada DHC-5 Buffalo,215969WM,Stuart,Cocos,O560GL,5353,1,-5.7,66272.1,109.0,1339.1,36001,2002-08-09,economy
06:59:40,07:52:40,UZC59102,AI930,63053274,TV-16583-JA-201,3723.65,Euless,Jonesboro,True,2024-10-17,Tecnam P2008,264352IK,Gilberto,Panama,S443SB,1501,1,-13.5,22552.8,61.0,844.1,17741,2006-09-02,economy
06:32:27,09:18:27,QJN75690,AI308,62740044,KO-70112-SZ-815,6824.13,Mobile,West Covina,False,2025-03-06,Ilyushin IL114,,Weston,Central African Republic,L568SY,4916,1,-6.0,59725.4,105.0,1384.4,26267,2006-01-26,economy
22:44:41,23:21:41,QSA28083,AI062,66882402,LH-56289-LB-788,3224.65,Bremerton,Port Hueneme,True,2024-08-28,Boeing 737 MAX 8,017835RP,Bradford,Greenland,I794HF,3014,1,4.1,59221.0,70.0,912.1,25280,2005-05-08,economy
06:37:31,07:37:31,GHV02991,AI789,65448759,ZK-26056-OI-661,5608.84,Albert Lea,Bellwood,False,2024-05-30,Antonov AN-72,,Raeann,Israel,N100TW,5816,0,-10.3,68082.0,19.0,1388.2,40764,2009-10-17,economy
18:51:29,21:20:29,WGM20574,AI259,61872139,DV-19868-PB-876,7246.38,Galveston,Carrboro,False,2024-06-15,Shorts SC-5 Belfast,,Jacques,Malawi,C575TG,5775,0,-6.1,67331.2,97.0,1218.8,44782,2010-04-07,economy
23:42:43,01:24:43,DVD98669,AI898,63126662,RB-67448-BZ-637,2879.82,Orange,Chaska,False,2025-02-19,McDonnell Douglas MD-90,,Nolan,Christmas Island,F652AE,3014,0,5.1,41193.6,89.0,959.5,26542,2000-06-21,economy
09:52:34,12:15:34,UHO32124,AI643,62034598,QA-35609-TW-604,7753.39,Ypsilanti,South Holland,True,2024-11-08,Pilatus Britten-Norman BN-2A Mk III Trislander,209383QE,Dione,St. Barthélemy,O171GQ,3793,0,4.4,56668.2,57.0,949.4,26153,2001-09-28,economy
09:51:27,12:42:27,NEE80353,AI705,69234393,EN-24301-MK-819,1659.93,Michigan City,West Memphis,False,2024-06-06,Douglas DC-10-30,,Glen,Ukraine,T221YI,2829,0,-13.9,23766.9,115.0,947.6,19913,2004-01-13,economy
13:01:33,13:12:33,STB93612,AI469,67673551,DZ-82145-ZK-330,3396.76,Martinez,Newberg,True,2025-01-11,Dassault Falcon 2000,845388UQ,Nakesha,Western Sahara,B398SJ,719,7,6.4,7190.5,38.0,743.6,5104,2007-04-25,economy
07:10:33,10:07:33,NMQ15985,AI089,63976983,VO-22864-HH-782,2132.65,Mercer Island,Elizabeth City,False,2024-06-13,Embraer EMB 120 Brasilia,,Jarod,Palestinian Territories,P374WQ,3733,1,-11.8,66306.8,26.0,906.2,26567,2001-10-25,economy
08:42:41,09:01:41,WWG95405,AI631,66544897,BT-41707-HR-924,1592.12,Temple City,Elizabeth City,True,2024-11-09,Bombardier BD-700 Global 5000,971574NU,Mitchell,Haiti,F254NI,4135,0,-6.0,55687.2,87.0,1057.4,29935,2000-04-16,economy
08:55:32,09:08:32,BBK39721,AI550,60083280,PN-70334-JP-443,6370.9,University City,Springdale,False,2024-07-16,Team Rocket F1,,Stacee,Bermuda,T830ZK,6275,0,-5.8,68237.9,114.0,1505.4,50848,2009-03-01,economy
23:21:25,01:02:25,ZSL14426,AI216,66017177,QR-45140-ER-708,6557.78,Weston,Apple Valley,True,2025-02-10,De Havilland Canada DHC-8-300 Dash 8,299510YT,Denyse,Gabon,O080HB,4963,0,-5.0,55637.4,45.0,1046.2,30314,2000-06-29,economy
15:29:28,16:07:28,EOE20710,AI048,68749167,RC-54854-JB-858,869.86,Lumberton,Montrose,True,2025-02-17,Boeing 757-300,555888ZT,Trevor,South Africa,V317FU,4271,0,7.1,57306.9,66.0,1391.3,26224,2008-06-16,economy
17:21:39,17:36:39,HMF65999,AI675,66557807,WN-10302-AK-500,6877.61,Oakley,Prattville,True,2024-12-13,Saab SF340A/B,364300BZ,Ivan,Serbia,B103IL,2950,0,-14.1,24372.1,86.0,912.9,24668,2002-05-04,economy
00:25:35,03:15:35,HGV00663,AI985,69903710,LM-28546-RC-297,7310.38,Soledad,Bountiful,True,2025-02-26,Fokker 70,937238TD,Barton,Northern Mariana Islands,P385NZ,3371,0,-13.0,55615.4,59.0,998.0,25263,2006-08-12,economy
11:41:38,13:00:38,UKZ64048,AI296,60651850,SX-12909-OD-298,7102.31,Hollywood,Pleasant Hill,True,2025-03-06,Cessna Citation V,680354KT,Courtney,Senegal,L321NH,5575,0,-8.4,55344.4,87.0,1328.6,45884,2003-09-03,economy
08:05:43,10:19:43,ZFQ98347,AI966,65363992,QN-79647-QR-346,3702.4,Novato,South Gate,True,2024-06-23,Cirrus SF50 Vision Jet,783473FD,Jamie,Timor-Leste,D738OO,4659,1,-6.7,60690.5,49.0,1059.7,26562,2005-06-04,economy
04:19:39,07:17:39,WKH59649,AI183,61104114,JH-11566-CY-439,6856.53,Orange,Bayonne,True,2024-10-04,Airbus A321neo,291930UA,Diego,Liberia,S485NT,2218,1,-13.2,19990.4,99.0,910.6,17722,1998-07-28,economy
04:37:41,05:13:41,ZNB08065,AI033,65738935,GG-19066-OT-446,6230.11,San Mateo,East Point,True,2025-01-26,Boeing 767-400ER,300801QD,Tawny,Australia,L710GK,3297,0,-11.9,61454.2,28.0,969.6,27186,2000-10-16,economy
03:26:33,03:48:33,TOZ83175,AI669,61500432,UI-98232-JP-958,5310.49,Biddeford,Belton,True,2024-10-03,Embraer Legacy 500,152115AD,Margeret,Malaysia,C147AC,1204,8,-5.9,16954.5,22.0,817.4,13421,2005-09-28,economy
14:12:25,14:59:25,MDU68512,AI122,62426229,MJ-23399-WB-232,4020.54,Logan,Waukegan,True,2025-03-06,Pipistrel Virus,245316SI,Ruthe,Gabon,Q218OK,1049,5,-8.0,13717.2,102.0,848.5,10283,2003-03-03,economy
09:35:35,11:48:35,NME89568,AI969,69920386,LO-26764-MK-855,1465.18,Searcy,West New York,True,2024-12-10,Partenavia P.68,299976ND,Steve,Somalia,H143BE,680,4,3.4,7011.7,92.0,588.0,5843,2004-05-06,economy
16:46:27,19:04:27,DZH16631,AI198,64374545,IK-70061-YD-079,6171.25,Independence,Coon Rapids,True,2024-10-03,Saab SF340A/B,243439XE,Rayford,Estonia,Z276ZE,3063,0,-9.1,42105.9,104.0,966.0,28116,2005-05-14,economy
06:44:32,08:16:32,LED08413,AI796,69282540,OD-96122-QU-233,3592.95,Erie,League City,False,2024-06-15,GippsAero GA8 Airvan,,Malik,Latvia,M359NS,2147,0,-6.4,19290.6,93.0,926.8,15412,2000-11-25,economy
02:49:31,03:49:31,OHY47002,AI709,63622855,TJ-03296-JK-339,7369.93,Lexington,San Pablo,True,2024-08-25,Airbus A330-300,479452BM,Tyisha,Bangladesh,J525DI,5712,0,-5.0,61541.1,23.0,1377.8,40403,1999-08-18,economy
03:59:34,06:54:34,XYH59719,AI486,63091869,RH-04330-AJ-859,3094.35,Mountain View,Modesto,True,2024-11-03,Embraer 190,019124GN,Homer,Åland Islands,B115XT,866,5,8.1,7036.4,16.0,743.5,7263,2003-04-26,economy
01:17:35,02:29:35,DYO57309,AI721,62533861,NS-10942-XJ-413,6968.6,Lake Elsinore,Shelby,False,2025-03-06,Boeing 737-800,,Wayne,Djibouti,P049GN,5758,0,-11.5,63329.1,41.0,1119.1,41080,1999-06-21,economy
12:54:30,15:12:30,CGC08264,AI350,61344977,TT-50931-CA-665,3584.21,Benicia,Provo,True,2025-01-22,Boeing 737 MAX 9,293354DF,Xochitl,Colombia,S786BP,6403,1,-0.4,61522.8,51.0,1574.8,53125,2004-07-26,economy
01:46:26,02:04:26,LKM30467,AI779,69760885,FC-84841-SN-439,3428.61,Shelby,South Portland,True,2024-06-13,Convair CV-240,342394IY,Tiny,Bosnia & Herzegovina,V090ON,775,4,-10.9,7283.9,34.0,728.7,6478,2004-11-26,economy
22:21:39,00:32:39,ZUZ62340,AI745,61379600,OZ-03938-BY-976,7465.26,West New York,Willmar,True,2024-12-21,Tecnam P2010,962044VE,Verline,Chile,Z024UO,1909,1,-13.8,26008.6,77.0,836.1,10583,2008-10-26,economy
11:48:27,13:46:27,XMU27331,AI410,69039521,FV-86096-LV-622,6997.19,Bartlesville,Coralville,True,2024-09-01,Tecnam P2012 Traveller,151283YB,Caterina,Thailand,N817CW,2965,0,-11.6,23927.4,15.0,938.0,27543,1999-11-12,economy
06:55:27,08:17:27,HUG51510,AI729,62212082,LC-41966-DC-797,1375.5,Danville,Attleboro,False,2024-05-30,Airbus A320,,Corie,Fiji,P837GK,553,4,-13.2,7107.8,72.0,737.2,5096,2003-12-21,economy
08:21:32,10:37:32,KGG10376,AI739,67570930,EW-10911-ZR-301,5805.38,Overland Park,Sayreville,True,2024-08-05,McDonnell Douglas MD-82,790423EU,Candie,Réunion,Y391KP,3002,1,-10.8,48113.8,60.0,901.4,25553,2007-07-04,economy
10:45:28,12:08:28,EOH94833,AI537,63946081,BH-71468-BW-350,5217.99,Vicksburg,Gadsden,True,2025-02-17,Airbus A318,618995TS,Truman,Falkland Islands,Q219GV,5374,1,-11.9,63288.6,53.0,1358.6,36791,1998-12-22,economy
01:02:31,01:32:31,FJX49060,AI976,60614635,XR-19209-JI-475,2488.63,Salt Lake City,Superior,False,2024-11-01,Embraer E195-E2,,Rebecka,Faroe Islands,U741GM,6375,0,-11.4,63233.3,77.0,1269.8,52502,2010-02-05,economy
10:26:29,12:28:29,QBQ84585,AI568,69848376,YQ-19807-FP-331,3058.55,South Gate,Colorado Springs,True,2024-06-05,Cessna 182 Skylane,480651JO,Gordon,Uruguay,Y588IF,5928,0,6.0,65864.2,77.0,1235.4,45340,2004-05-25,economy
23:34:25,00:50:25,JZN69400,AI024,62426684,IO-36336-CN-575,7382.24,Sherman,San Luis,True,2024-10-25,Boeing 747-200,652618EO,Brett,Macau SAR China,B632YU,5941,1,-11.4,61147.3,69.0,1207.1,44607,2005-09-30,economy
18:41:35,20:25:35,SKP41473,AI468,68960286,YB-45157-MU-078,1868.21,Edgewater,Tarpon Springs,False,2024-06-29,Airbus A319neo,,Abraham,Oman,N895UD,2903,1,-8.7,23274.7,100.0,947.5,23457,2001-05-15,economy
21:16:34,00:16:34,CZD84696,AI375,60353309,EZ-49074-XA-275,2484.75,Hutchinson,Mequon,False,2024-07-01,Piper PA-28,,Shirely,Armenia,H787YG,1753,1,-8.4,20911.8,44.0,838.1,15230,2000-11-26,economy
10:19:39,13:07:39,JGO95011,AI521,64154720,LM-35941-FS-949,1509.74,Brunswick,Yuba City,True,2024-11-01,Embraer RJ135,073633UJ,Jefferson,Venezuela,V794KR,1416,5,-13.2,12800.5,118.0,801.1,17722,2003-07-16,economy
17:43:36,18:15:36,WLI74693,AI857,69570060,XZ-46333-FV-249,1529.09,El Monte,Wauwatosa,False,2025-03-04,Boeing 757-300,,Billy,Chile,D024GT,3367,0,1.1,56599.2,21.0,931.5,25382,2004-06-02,economy
09:13:40,11:32:40,IJN56115,AI803,61088543,TH-61144-SJ-754,2980.17,Culver City,Christiansburg,True,2024-10-09,De Havilland Canada DHC-7 Dash 7,255998KT,Elwanda,Mozambique,F056NC,3215,1,-5.7,41622.7,88.0,997.9,26194,2002-06-09,economy
14:45:26,17:12:26,YHG98169,AI479,69285073,DI-87957-VX-868,7904.65,Palm Bay,Harrison,False,2024-06-26,British Aerospace Jetstream 31,,Dulcie,Nauru,P750QP,910,6,-14.3,7306.4,65.0,579.6,6001,2005-06-01,economy
00:36:36,01:43:36,CLC23728,AI640,61059052,PB-19526-DP-933,3489.14,Faribault,Sycamore,True,2024-06-22,Embraer EMB 110 Bandeirante,032808QU,Oretha,Guyana,N007EE,2461,0,4.2,18579.4,69.0,908.9,18806,2001-04-29,economy
08:41:37,08:55:37,NQB78988,AI258,66471792,UI-25166-EU-360,2910.0,Mission,League City,False,2025-03-08,Airbus A220-300,,Gerard,South Sudan,R169KC,2818,1,-14.3,24448.7,30.0,937.0,21519,1998-01-06,economy
11:44:26,13:52:26,ZKO63698,AI255,60630634,CV-03683-NW-583,6709.07,Lockport,Vincennes,True,2024-11-13,Fairchild Dornier Do.328,442449EK,Kendrick,Tajikistan,M609CG,2153,0,7.2,19273.9,55.0,901.7,15192,2002-04-22,economy
19:40:37,21:35:37,FOS96717,AI226,61247322,NN-60696-RH-383,3132.11,Pottstown,Arnold,True,2024-12-15,Boeing 777-200 Freighter,807509AU,Bill,Panama,U388YI,4123,1,-7.4,63116.1,48.0,1277.7,24444,2006-05-09,economy
08:51:41,10:42:41,DTX74053,AI849,63225846,AF-90100-CN-577,3743.25,Bethel Park,Modesto,False,2024-12-23,Airbus A300-600,,Levi,British Virgin Islands,K381ED,4234,1,2.8,55516.7,51.0,1308.8,24824,1998-06-27,economy
01:48:31,04:31:31,JQA13047,AI554,64498214,YY-18448-IN-848,905.16,Wilsonville,South St. Paul,False,2024-11-24,Avro RJ85,,Jessie,Canada,O967AI,1133,5,0.2,15728.4,33.0,812.6,14822,2000-10-14,economy
11:53:29,12:39:29,BLJ32716,AI407,61403046,GU-13211-BJ-720,2959.47,East Cleveland,Yucca Valley,False,2025-01-29,CASA/IPTN CN-235,,Audrea,Somalia,C782WY,3702,0,-6.4,64097.0,119.0,924.6,26018,2009-09-14,economy
00:47:32,01:44:32,BFY81972,AI691,61483478,CY-79419-YM-264,6682.13,Millbrae,Toledo,False,2024-11-14,Airbus A310-300,,Shemeka,Ghana,M662KI,6305,0,-7.6,63734.9,39.0,1240.2,52404,2005-12-30,economy
08:25:30,09:16:30,VDQ06285,AI171,65823579,AY-21014-JJ-989,3551.14,Faribault,Murrysville,False,2024-09-01,Boeing 720B,,Maire,Cyprus,P028ME,2703,0,-12.0,23652.3,100.0,919.6,19945,2006-04-10,economy
06:20:42,08:46:42,LTC79383,AI624,62071576,PA-44161-PN-088,721.49,Vancouver,East Providence,False,2024-10-24,Boeing 787-8,,Haywood,Faroe Islands,T851DB,1221,3,-1.6,12845.3,117.0,803.1,15286,2000-02-23,economy
12:08:24,13:23:24,RVB39955,AI096,68912805,GQ-81548-OE-013,7089.25,Chanhassen,Juneau,True,2025-02-26,Cessna 210 Centurion,456069TM,Kenny,Guam,C023NE,953,7,8.4,7120.9,27.0,685.3,5051,2006-10-30,economy
19:04:39,19:33:39,ZCB96015,AI819,61965485,PB-92667-EZ-157,1155.67,Beaverton,Waterloo,False,2024-11-03,Antonov An-148,,Deja,Iraq,K475RA,2159,0,0.7,19573.0,66.0,930.6,17478,1999-09-02,economy
15:55:34,17:27:34,TFW01796,AI006,69037754,ZG-49825-CR-907,2054.28,Eagle Pass,DeSoto,True,2024-06-01,Boeing 737 MAX 7,006229UX,Arron,Gabon,I516QM,2293,0,-9.6,19459.7,73.0,926.7,16267,2007-04-06,economy
21:37:27,22:10:27,JAX93384,AI183,64264956,ND-90005-AM-674,3198.31,Chambersburg,West Covina,True,2024-10-13,Ilyushin IL62,112062AO,Bill,Guinea,Z544IP,1727,0,-6.7,27924.0,91.0,816.8,12832,2005-06-27,economy
03:06:40,04:27:40,SFV08419,AI686,63123705,SF-32876-UJ-396,4498.75,Pelham,Point Pleasant,False,2024-11-07,Lockheed L-1011 Tristar,,Felipe,Western Sahara,X476XU,1336,5,5.4,16261.9,119.0,840.3,14716,2005-03-20,economy
02:55:31,05:01:31,VSM98037,AI097,68485397,TR-23118-LH-342,683.25,Cupertino,Shoreline,False,2024-05-17,Airbus A220-100,,Christena,Guinea,H106CK,2456,1,-10.5,18025.3,92.0,908.9,16844,2010-08-12,economy
05:31:31,07:57:31,HPU54007,AI255,64112049,UT-80085-IJ-999,5584.42,Vista,Johns Creek,False,2024-09-04,Boeing 737-700,,Toccara,French Guiana,S899RB,3704,1,2.8,63265.1,18.0,944.1,25784,2007-04-14,economy
07:57:31,09:34:31,VDM87744,AI546,63867136,ZX-34046-ZO-567,868.08,Paragould,Post Falls,True,2025-02-27,Cessna Citation CJ3,324551WE,Bulah,Bhutan,L715TX,1086,3,-1.6,17580.9,74.0,817.0,13879,2004-08-07,economy
03:00:39,03:49:39,GOG11516,AI296,66713367,HN-74979-PR-388,3809.31,Wilmington,Colorado Springs,False,2024-05-14,Airbus A380-800,,Jacquiline,Solomon Islands,L165ZZ,3923,0,6.4,61428.1,40.0,971.5,28595,2002-06-11,economy
06:46:33,09:42:33,ZPZ35603,AI421,65474262,EH-11306-PU-455,7083.01,Altoona,Pittsburg,False,2025-01-04,Douglas DC-10-10,,Maye,New Caledonia,L702YK,2012,0,-13.9,19522.0,102.0,936.5,17474,2002-08-08,economy
19:45:38,22:16:38,EHK12080,AI790,61576820,GK-27107-QW-997,3470.4,Thousand Oaks,Glen Ellyn,True,2024-09-16,De Havilland Canada DHC-2 Turbo-Beaver,374315PU,Versie,Guatemala,X660BW,2518,0,-1.1,24808.9,112.0,927.1,22307,2002-12-07,economy
12:38:41,13:48:41,NZU20101,AI784,66992396,XR-08149-ZD-374,7525.18,Kent,Bethlehem,False,2024-06-06,Aerospatiale SN.601 Corvette,,Piper,Iran,W559IZ,763,3,3.6,7080.2,103.0,691.5,6906,2005-09-03,economy
15:28:31,18:27:31,BJV72313,AI750,61827763,GP-43721-XJ-213,6090.83,Stephenville,Cerritos,True,2024-11-09,Tecnam P2006T,683286YY,Yessenia,Cameroon,W993IU,4804,0,-13.3,56427.4,102.0,1395.1,25006,2000-08-07,economy
16:09:42,17:06:42,YEO59333,AI719,66194145,JH-90027-HP-989,1624.61,Attleboro,Bryan,True,2025-01-01,TL Ultralight TL-96 Star,155692CP,Lewis,Sudan,T598LH,4272,0,-8.4,62412.5,36.0,1234.3,28561,2001-03-03,economy
09:44:42,10:51:42,KUU28095,AI648,66845828,VT-32599-YB-166,4573.65,Fair Lawn,Corvallis,False,2024-06-18,Avro RJ85,,Gus,Canada,L618TR,919,8,-12.1,7067.6,68.0,700.0,7625,2008-02-10,economy
19:01:36,20:25:36,VWG08527,AI947,67854620,ON-08565-ST-165,3979.3,Decatur,Virginia Beach,False,2024-12-21,Boeing 777-200 Freighter,,Esteban,Serbia,A639RH,3385,0,-7.2,61769.3,90.0,933.2,25672,1998-11-20,economy
02:48:30,04:43:30,PYF19212,AI658,63377244,EB-62178-WK-738,5387.82,Fayetteville,Lenexa,False,2025-02-13,British Aerospace Jetstream 41,,Alease,Gibraltar,N455FN,4651,1,8.6,59480.4,39.0,1088.5,29864,2003-04-15,economy
23:31:31,00:24:31,RLG65601,AI906,66719557,PK-86395-SG-540,6987.12,Holly Springs,National City,True,2024-10-17,Embraer RJ135,334867EA,Marvella,Sudan,C857UE,2561,1,-12.9,22772.9,31.0,903.8,20897,2001-02-08,economy
20:45:43,22:50:43,WRL56486,AI838,67007322,OK-18994-ZT-552,4369.18,Woodburn,Winston-Salem,False,2024-11-07,Curtiss C-46 Commando,,Kennith,U.S. Outlying Islands,Q696HR,4222,1,4.0,62552.4,81.0,1211.1,24570,2001-03-07,economy
04:28:37,05:31:37,JBD87631,AI573,60600291,NK-70666-ZJ-976,6488.33,Payson,Corsicana,True,2024-09-27,Boeing 747-400,294996JH,Shirl,Finland,H099XU,3547,1,-8.6,57946.3,100.0,939.4,29955,2001-09-24,economy
15:46:42,17:47:42,OXA99717,AI307,68038486,DT-42419-NX-366,1821.21,Hobart,Maple Grove,False,2024-12-23,Antonov AN-72,,Justin,Macedonia,V449SB,3942,1,-8.6,61357.2,51.0,966.1,26904,2001-09-11,economy
11:33:30,11:51:30,XWI53629,AI521,62567224,YQ-24078-OQ-937,1864.73,Detroit,Jersey City,True,2025-01-31,Antonov AN-124 Ruslan,836042UE,Adam,Ascension Island,J244XW,3266,1,9.2,62381.5,115.0,933.7,29994,2003-08-17,economy
11:37:42,12:53:42,XAL48030,AI666,68250628,XY-62908-CN-163,2673.65,Johnstown,Redmond,False,2024-05-15,De Havilland Canada DHC-5 Buffalo,,Alethea,Russia,K422GP,5787,0,-13.3,67920.7,83.0,1352.2,41431,2005-03-03,economy
07:10:34,07:32:34,ZPM37375,AI296,68716219,XC-58657-JR-779,7234.87,Owasso,Cartersville,True,2024-12-09,Canadair Regional Jet 900,374225TN,Shanelle,Moldova,K406UT,1258,2,-14.7,16576.2,88.0,801.6,16841,2001-06-11,economy
04:45:41,06:00:41,WVY75278,AI682,62867396,HH-61489-HB-805,1672.5,Walker,Appleton,False,2024-07-20,Boeing 777-300,,Noble,Finland,B717EJ,5299,1,-0.7,60607.9,47.0,1133.6,39526,1999-12-31,economy
08:17:26,10:04:26,AXG52326,AI059,62085414,BZ-06953-GV-602,1635.45,North Miami,Fort Lauderdale,True,2024-06-26,Robin ATL,787353RW,Rocco,Faroe Islands,Q746ZY,723,6,-14.0,7351.6,120.0,536.4,5597,2010-12-23,economy
12:19:28,14:53:28,WQP26851,AI470,69219595,EI-48810-WV-695,5714.49,Sayreville,Sycamore,False,2024-10-16,Boeing 737 MAX 7,,Jamaal,Fiji,F289OS,2183,1,-12.5,19430.3,98.0,923.4,16412,2010-07-03,economy
14:00:35,15:18:35,RUG70740,AI512,63979764,YR-49611-FD-608,6448.94,Wyoming,Vista,False,2025-01-24,Avro RJ100,,Lannie,Serbia,S669QB,4869,1,2.7,62733.8,112.0,1093.3,28520,1998-07-17,economy
08:58:25,10:28:25,OGS22629,AI051,65883726,PJ-29010-KY-949,4054.75,Bayonne,Paris,True,2024-07-02,Dassault Falcon 2000,349434IV,Florance,New Zealand,A634WL,3970,1,-1.9,64536.4,81.0,939.0,28766,2008-11-04,economy
21:53:26,00:35:26,KKW51981,AI612,69271158,AL-60426-FK-807,2332.69,Englewood,Lafayette,False,2024-08-29,Convair Convair CV-600,,Dwain,Israel,N024WX,4712,1,-12.4,69586.9,75.0,1010.1,25611,2001-02-28,economy
10:08:39,10:19:39,BDY40770,AI874,68283998,WZ-38887-FK-899,2593.82,Owensboro,Mission,False,2024-11-02,Convair Convair CV-640,,Willena,Mexico,E174VU,6107,1,-13.0,61065.4,42.0,1428.4,57075,2000-01-13,economy
12:26:33,12:57:33,HNJ15413,AI693,61981865,QL-92890-RX-084,3567.96,Muskogee,Terre Haute,True,2024-11-05,De Havilland Canada DHC-6 Twin Otter,489593LX,Levi,United Kingdom,B743RJ,3950,1,-10.1,64893.0,69.0,984.7,26738,2002-10-23,economy
08:33:41,08:57:41,PPW93407,AI400,68052758,LS-70232-WU-242,1910.63,Lansing,Monroeville,False,2025-02-16,Canadair Regional Jet 900,,Tilda,Cameroon,L191PO,6162,0,-7.5,56987.6,37.0,1797.5,50671,2001-06-02,economy
04:18:25,05:19:25,QQY22843,AI739,65481232,YJ-66017-ER-343,5461.05,Jonesboro,Hillsboro,False,2024-07-05,Boeing 727-200,,Pauletta,Bahrain,C887UC,5776,0,-8.9,64407.9,73.0,1221.3,42481,2004-01-24,economy
04:43:33,06:14:33,AYD19621,AI738,64808719,XG-08076-CX-385,677.21,Hastings,Camden,True,2024-06-01,Cessna Citation I,226791KP,Maisha,South Sudan,T289AH,3768,0,1.8,68251.6,23.0,998.2,28175,2010-07-28,economy
18:55:29,20:58:29,XWX83377,AI248,62102892,OK-05037-SP-126,1956.14,Los Banos,Shoreview,False,2024-07-04,Diamond DA62,,Marget,Costa Rica,R015BP,785,7,-6.0,7365.3,22.0,607.4,5383,2004-07-21,economy
14:06:40,16:21:40,ZBZ87325,AI622,67341345,EU-02402-VC-777,2843.93,Palisades Park,Woburn,False,2024-09-12,Learjet 36,,Risa,Somalia,Z599HQ,3186,1,0.3,55055.3,77.0,900.8,27504,2008-04-24,economy
07:34:27,08:06:27,QPT76674,AI119,66142863,JR-83924-XA-820,702.06,Aventura,Springboro,True,2024-10-04,Boeing 747-300M,640041WS,Marquis,Moldova,T831IE,4096,0,-9.0,69995.9,18.0,1175.8,24711,2007-12-29,economy
11:38:28,13:45:28,FAC44059,AI052,69654654,YT-69041-DK-275,1329.23,Valparaiso,Barstow,False,2024-09-02,Embraer Lineage 1000,,Dudley,American Samoa,C633MQ,1356,3,-11.5,14853.1,88.0,839.3,13838,1999-06-08,economy
17:16:27,18:04:27,INW67142,AI026,68682466,YY-04454-MX-117,7256.23,Pontiac,Harvey,True,2024-07-30,Antonov AN-140,777013LL,Rupert,Iraq,U729VW,2285,0,-5.4,19089.7,66.0,917.3,15284,2001-10-15,economy
13:25:37,14:51:37,PGT30742,AI616,69115646,FQ-87868-XJ-056,706.3,Enid,Dodge City,False,2025-02-09,Boeing 747-8I,,Bennie,Greece,R277OM,1120,5,6.2,15306.6,31.0,848.1,13686,2005-03-29,economy
10:28:26,11:01:26,PJY09943,AI848,66589753,WT-96229-HQ-353,4543.77,Garfield Heights,Fuquay-Varina,True,2025-02-24,Airbus A340-300,142218UA,Alexander,Samoa,J415DK,1448,5,-10.7,17939.1,23.0,813.4,16448,2010-04-29,economy
14:20:32,14:31:32,ZJI52140,AI933,67621377,JT-39738-YL-174,483.73,Jeffersontown,Hannibal,False,2024-11-25,Boeing 747-100,,Shu,Latvia,R531NV,6279,1,3.2,65376.4,44.0,1658.5,55874,1999-03-30,economy
07:27:34,09:44:34,ASG06640,AI547,60315297,AI-04654-CV-791,3448.81,West Springfield,Manhattan Beach,False,2024-08-13,COMAC C919,,Charles,Canary Islands,X577ZB,5420,1,-7.8,55154.8,119.0,1250.0,40157,1999-02-26,economy
07:16:34,10:15:34,JKC80347,AI872,67229140,SS-61685-JQ-869,667.78,Huntersville,Chicopee,True,2024-10-03,Gulfstream V,291624QT,Cristobal,South Sudan,G646ON,4398,1,-11.4,64402.8,36.0,1292.6,27837,2001-02-20,economy
04:06:42,04:26:42,PXC99250,AI847,67138215,EN-05768-QG-507,3865.31,North Little Rock,San Diego,True,2024-11-19,Shorts SC-5 Belfast,652692YH,Isadora,Libya,U269YY,1272,6,-6.7,15678.5,36.0,846.0,17023,2000-02-20,economy
09:49:41,12:38:41,LJY81199,AI933,61262076,LW-30278-OX-278,3294.17,Bentonville,Carson,True,2024-05-31,COMAC C919,389292XK,Eli,Canary Islands,C670WU,6396,1,-0.2,62342.7,73.0,1306.0,57853,2003-05-22,economy
00:36:25,01:07:25,UOL23247,AI524,60705626,XA-55660-UI-439,1311.64,Lincoln,Waukegan,False,2025-01-31,Douglas DC-3,,Jacques,Christmas Island,F290JQ,571,5,-8.0,7024.6,53.0,719.6,5853,2001-03-16,economy
09:41:38,10:15:38,HNW39814,AI529,63785200,AF-42020-DP-950,3291.41,Riverbank,Odessa,True,2024-06-29,Dassault Falcon 7X,350116WJ,Lady,Hungary,B841LE,3846,0,7.6,62115.1,19.0,979.3,25045,2001-01-04,economy
23:25:37,00:46:37,ETY59000,AI895,65904399,FM-89428-BK-439,4304.22,Santa Rosa,Mandan,True,2024-05-29,Airbus A380-800,129940NU,Romelia,Côte d’Ivoire,U254AU,2023,1,-13.4,19525.5,100.0,934.9,16814,2007-11-17,economy
17:02:26,18:28:26,AOQ53488,AI749,60679988,EW-37970-PY-564,2003.27,Hilton Head Island,Beverly,False,2024-06-05,Sukhoi Superjet 100-95,,Linwood,Barbados,S111DP,5809,1,-8.6,60973.8,87.0,1089.1,41222,2003-08-21,economy
23:42:32,01:29:32,VLS07356,AI123,62546791,WW-69983-IP-055,2754.71,Wichita Falls,Brunswick,True,2024-07-25,Pipistrel Sinus,194199MK,Yolande,North Korea,W169AU,2215,1,1.3,19004.4,78.0,905.1,17692,1999-12-17,economy
08:37:33,09:40:33,HEJ17934,AI164,67229776,VJ-68119-MM-542,2190.97,East Palo Alto,Farmers Branch,True,2024-12-09,Mitsubishi Mu-2,703740IU,Len,New Zealand,T762SZ,6171,1,-6.6,61848.8,94.0,1479.2,55346,2009-02-14,economy
08:58:38,10:17:38,RHA91525,AI511,65419092,ZF-57143-XK-217,2805.79,Temple City,Bridgeport,True,2024-09-30,De Havilland Canada DHC-8-100 Dash 8,865334QF,Louie,French Polynesia,A703LV,4563,0,-12.6,67787.9,63.0,1367.3,24455,2000-09-22,economy
04:26:27,05:59:27,KEP41489,AI848,68001404,RX-05573-UT-787,1627.16,McHenry,Vincennes,True,2024-09-09,Antonov AN-140,950389WR,Jasper,Bosnia & Herzegovina,H095IP,2936,1,-10.3,24562.8,63.0,918.9,27213,2009-01-11,economy
22:32:41,00:56:41,NEN28671,AI837,64087068,QF-88112-RN-046,729.61,Terrell,Mission Viejo,True,2025-01-01,Antonov AN-12,644968FQ,Vern,Guyana,U026XO,3655,0,-5.6,69143.2,28.0,904.4,26661,1998-07-22,economy
11:56:25,13:52:25,RUQ98849,AI785,66486389,NY-99298-FK-661,454.38,Sheboygan,Grand Rapids,False,2025-01-04,Cessna Citation II,,Edgardo,Bhutan,X692TB,6295,1,-6.1,61410.7,23.0,1675.0,53376,2002-06-19,economy
02:51:41,04:54:41,AMW66884,AI233,65373550,KI-80821-QQ-296,622.27,Naples,Odessa,True,2025-01-05,Pilatus PC-6 Turbo Porter,738194VZ,Tomoko,Iceland,Q910WK,5168,1,-6.3,69508.1,93.0,1235.1,42305,2002-04-15,economy
00:28:40,03:00:40,YQY04382,AI094,62011387,EY-19366-SA-852,5163.95,Revere,Greenwood,True,2024-09-20,De Havilland Canada DHC-5 Buffalo,983323EU,Leonard,Vietnam,L712MD,753,6,-12.9,7314.7,17.0,651.8,6175,2006-07-04,economy
14:57:30,15:26:30,FDG18014,AI265,69126429,BL-04728-OJ-657,5989.94,Westmont,Bloomingdale,True,2024-05-26,Boeing 720B,990667YB,Adelle,Sudan,S125UG,4200,0,-12.8,65598.5,45.0,1043.1,25275,2005-12-25,economy
20:57:42,22:49:42,YSB07651,AI994,67289766,XI-75935-PA-305,2380.96,Iowa City,Ocean Springs,True,2024-08-31,Pilatus PC-12,363945HW,Zenobia,Barbados,P392KT,6404,0,-5.1,59048.0,73.0,1495.2,58714,1998-08-04,economy
22:46:25,01:27:25,XGP04343,AI653,61229510,JB-00760-ON-312,3468.4,Centerville,McKinney,True,2024-07-16,Learjet 36,832773SI,Kiera,Taiwan,B577DF,4806,1,3.7,65690.9,20.0,1153.1,28732,2003-09-17,economy
07:03:34,08:14:34,UKA85411,AI266,68918146,HT-79300-XS-191,4838.27,De Land,National City,False,2024-11-26,De Havilland DH.114 Heron,,Samual,Switzerland,G240FB,3528,1,-1.2,63052.6,101.0,972.2,29405,2004-08-22,economy
00:55:43,03:26:43,FOF60139,AI295,63239087,AI-22520-NH-418,7092.54,Ruston,Weirton,False,2025-01-13,Cessna Citation CJ3,,Clifford,Cape Verde,Q824ZB,5002,1,-13.1,55819.4,64.0,1230.8,41480,2006-11-12,economy
08:28:26,10:51:26,EOD19342,AI312,63021271,AE-61483-QQ-876,6770.68,Johnson City,Eureka,True,2024-12-22,Boeing 777-300,218053PW,Yanira,Tristan da Cunha,H765TV,2132,0,-7.5,19479.4,32.0,922.8,16074,2009-09-21,economy
07:00:26,09:15:26,NAS18063,AI808,64079954,CI-83013-SZ-534,5755.28,Benicia,Campbell,False,2024-08-27,Boeing 767-400ER,,Blythe,Palestinian Territories,K771GX,2565,0,4.9,24679.2,37.0,919.2,20200,2002-07-09,economy
15:09:36,16:19:36,JWM22019,AI629,62130706,RV-67522-ZW-632,1351.47,Coppell,Holly Springs,True,2024-12-16,"\"Airbus A300-600ST \"\"Beluga\"\"\"",997579ZN,Tawna,Jamaica,U277XV,1165,2,8.0,13907.5,84.0,809.4,13740,2001-07-19,economy
12:14:33,14:38:33,TNR23351,AI837,60533242,OS-22084-ZS-705,3817.45,Hazel Park,Pleasant Hill,True,2024-09-10,Pilatus Britten-Norman BN-2A,238469OJ,Bradley,Mongolia,I091UM,3287,1,-8.6,68181.9,85.0,985.4,26961,1998-01-12,economy
05:21:38,06:58:38,MLX04120,AI590,68059498,AS-21108-YX-357,6337.67,Union City,Santa Clarita,True,2025-01-15,Cessna Citation I,740220PR,Val,Mayotte,Q876OK,4238,0,3.7,67257.0,37.0,1270.9,28567,2007-03-01,economy
12:27:29,13:08:29,PBL74411,AI505,67660407,WK-03014-GJ-059,6237.94,Corona,Warrensburg,False,2024-11-15,Airbus A318,,Pura,Guam,X072BF,1004,3,-11.9,14557.3,27.0,848.4,13501,2008-12-03,economy
18:44:28,19:39:28,YVI40300,AI044,66511137,MO-43290-CJ-798,7607.71,Maywood,DeSoto,False,2024-09-05,Gulfstream G280,,Margart,Hungary,Y980VV,5142,0,-11.9,62359.7,18.0,1273.6,42406,2006-02-26,economy
09:03:41,09:56:41,OOZ90154,AI755,66858821,LV-91060-YI-107,691.21,Parkersburg,Carson,True,2025-02-13,Fokker 70,309016RV,Terrilyn,Benin,T959EX,2598,1,-0.6,23797.9,105.0,911.5,21477,2010-08-14,economy
08:18:36,09:26:36,QQS28918,AI981,61981563,QZ-14186-LD-324,6861.6,Chula Vista,Santa Fe Springs,False,2024-08-21,Yakovlev Yak-42,,Len,Japan,A293OO,3882,1,-1.0,66415.5,108.0,943.3,25839,1998-09-12,economy
22:15:25,00:48:25,ZRL41869,AI026,60545213,US-03868-DA-888,1482.8,Bolingbrook,San Diego,True,2024-11-17,De Havilland Canada DHC-8-100 Dash 8,554122EE,Donte,Malaysia,L681AB,817,6,10.0,7336.1,85.0,599.4,7379,2004-08-18,economy
11:55:34,13:22:34,ULI38456,AI167,62510265,VK-30794-GI-256,6934.38,Aliso Viejo,Kearney,False,2025-02-21,Cessna 208 Caravan,,Marleen,Croatia,R408WU,5118,0,3.5,62696.1,73.0,1114.2,39046,2002-02-18,economy
06:52:34,09:32:34,MVQ78190,AI445,60410939,OY-19964-JU-082,3031.64,San Bernardino,Blythe,True,2024-10-29,McDonnell Douglas MD-88,505017DI,Jamee,Tanzania,Y222IT,5851,1,-0.0,68123.6,86.0,1266.5,46515,2008-01-09,economy
09:28:35,10:44:35,VKX14104,AI812,60104511,HG-93155-XQ-870,3495.73,Cedar Park,Huntington Park,True,2024-11-07,De Havilland Canada DHC-5 Buffalo,680121HQ,Margarito,Western Sahara,G725KR,4116,0,6.5,61188.4,18.0,1224.1,24157,2004-12-03,economy
06:04:43,08:33:43,NWF45888,AI427,69861168,FB-78963-LZ-796,2692.99,Coppell,Griffin,False,2024-08-09,"\"Airbus A300-600ST \"\"Super Transporter\"\"\"",,Delaine,Philippines,U148OA,5928,1,-13.2,66090.6,96.0,1364.1,45261,2008-12-02,economy
12:07:35,12:43:35,VOJ61697,AI772,69459642,IW-46467-KS-412,6093.89,College Park,New Bedford,False,2024-07-24,Canadair Regional Jet 1000,,Ferdinand,Martinique,V418SY,1992,0,-14.9,26412.4,22.0,809.0,10437,2008-05-04,economy
11:51:25,14:15:25,BCU51104,AI736,60628620,ZI-68975-SO-918,651.47,Simpsonville,Napa,False,2024-07-09,Sukhoi Superjet 100-95,,Antione,New Caledonia,H012OH,1223,6,-7.3,16974.1,110.0,821.4,16572,1999-11-11,economy
00:10:43,02:17:43,XFS25531,AI083,65999419,NY-71722-IS-511,3278.42,Wheat Ridge,Myrtle Beach,True,2024-12-04,Shorts SC-7 Skyvan,429330YW,Eilene,Afghanistan,D234AS,4441,1,-8.2,57702.1,23.0,1292.3,25300,2000-10-19,economy
08:30:28,09:16:28,EDH63174,AI330,64099722,XK-33315-ZV-815,5781.49,Phoenix,New Bedford,True,2025-02-03,Antonov An-148,707393UO,Evita,Brazil,E066QQ,1387,2,-8.4,17486.7,50.0,841.8,15911,1999-02-02,economy
10:59:27,12:47:27,SMF33196,AI047,66189433,JH-05853-NR-617,3866.82,Mill Creek,Corsicana,True,2024-11-23,Boeing 747 LCF Dreamlifter,575449CG,Concha,Burkina Faso,N417JW,5586,1,-11.2,58461.9,64.0,1003.0,43449,1998-02-08,economy
08:00:29,10:36:29,BPQ84270,AI661,63356977,II-21704-LP-302,7171.13,Dania Beach,Laredo,True,2024-09-27,Evektor SportStar,060098FT,Noel,Mexico,X003WG,6487,0,-6.6,55746.4,94.0,1611.8,53067,2003-10-27,economy
01:37:33,03:09:33,RJY94897,AI497,68120016,KB-22004-BE-318,861.06,Del City,Kettering,False,2024-12-26,Partenavia P.68,,Ellan,Central African Republic,S883SN,4023,1,-11.5,56169.0,54.0,1305.0,28450,1998-10-03,economy
14:14:42,15:24:42,SOL70605,AI917,61170204,GO-02160-TQ-692,5318.96,Jamestown,Apopka,True,2024-10-18,Antonov An-148,284810VD,Elvina,Lesotho,O991NY,1886,1,9.2,28514.8,82.0,805.2,16502,1999-01-30,economy
20:42:31,21:50:31,WKZ05041,AI156,64108467,IQ-90103-XI-431,7302.15,Jersey City,Toledo,True,2025-02-06,Convair CV-580,785866NH,Katharina,Bahrain,X520RK,716,2,-13.9,7239.0,40.0,577.1,5720,2004-03-24,economy
10:55:24,11:19:24,RWT16497,AI465,68247687,LL-27367-VJ-320,1504.04,Savannah,Newburgh,False,2024-05-18,British Aerospace Jetstream 32,,Josue,Palau,J552EW,2436,1,-5.2,19553.0,83.0,944.9,16379,2006-08-14,economy
18:37:26,20:44:26,SUA72999,AI710,60755680,IB-71364-WR-610,6327.17,El Dorado,Beavercreek,False,2025-02-28,Fokker 50,,Ernest,France,D856MK,2468,1,-1.4,19071.5,99.0,913.7,16940,1998-06-02,economy
10:23:24,11:27:24,YBV23142,AI330,69374785,XK-63650-ET-479,1374.84,Fort Worth,Homewood,True,2024-08-24,Cessna Citation Excel,213004RC,Lyndon,Chad,I500MF,838,4,9.9,7362.7,41.0,634.1,5749,1999-05-31,economy
20:32:26,21:50:26,HDH60428,AI410,63805761,GH-68465-TG-168,4049.97,Maple Grove,Maricopa,True,2025-01-01,Ilyushin IL18,234294YZ,Florencio,American Samoa,R914KJ,2550,1,6.9,24737.8,78.0,912.0,22394,1999-10-24,economy
22:56:29,23:19:29,AIM80026,AI962,67407999,FD-49080-YY-467,5556.7,Bartlesville,Lake Charles,True,2024-12-25,Airbus A330-800neo,062276CY,Krystin,Malawi,Z081HY,1981,0,1.7,24521.2,114.0,825.6,11201,2000-07-05,economy
23:35:42,00:57:42,PZT54133,AI341,66067440,NZ-17820-YD-492,1621.26,Willmar,Munster,True,2024-11-10,McDonnell Douglas MD-11F,964039PF,Melodi,Syria,P973OT,3652,1,-9.8,59458.0,80.0,925.5,28070,2005-04-02,economy
11:53:38,14:31:38,AMH51104,AI778,64215324,EP-14413-AG-613,2273.66,Grandview,Marysville,False,2024-07-28,Gulfstream G650,,Yulanda,Tanzania,V930RJ,1221,4,7.7,14197.2,42.0,829.8,15143,1998-04-23,economy
17:28:42,17:58:42,NUB25663,AI970,67310735,KU-52197-FP-174,3115.2,Fort Lee,Pocatello,True,2024-06-30,Piper PA-44 Seminole,942019EA,Erline,Iceland,N719UD,1578,0,-7.5,24369.8,37.0,808.6,14533,2004-12-01,economy
11:59:32,12:22:32,MOZ79350,AI334,61480629,WK-43725-IS-868,7337.09,Weston,Rialto,True,2024-10-26,British Aerospace ATP,479137AJ,Theresia,French Polynesia,I912JG,2682,1,2.5,23039.7,107.0,907.7,22203,2007-05-24,economy
05:40:42,06:38:42,OQJ98264,AI302,69828608,QX-13196-BV-221,2208.36,Monterey,Norton Shores,True,2024-10-28,De Havilland Canada DHC-5 Buffalo,251780EY,Lavenia,Antarctica,X334SG,1915,1,7.4,21764.5,41.0,839.9,10025,2007-05-09,economy
09:12:39,10:50:39,VOO06006,AI037,61513285,QL-22553-MR-751,2478.17,Westbrook,Blue Island,False,2024-06-07,Tecnam P2012 Traveller,,Anneliese,Malaysia,L512BS,3293,0,-6.0,59933.7,94.0,948.3,25630,2008-12-21,economy
00:04:24,00:37:24,YFP71866,AI673,63960252,DN-26627-DE-297,2640.25,Revere,Summit,False,2024-08-03,Boeing 747-400M,,Emmanuel,Anguilla,T457ZW,2709,1,1.7,23546.8,48.0,934.6,24877,2009-09-30,economy
05:35:26,06:21:26,IEX27010,AI250,68602564,BE-36076-YW-944,1091.18,Hampton,Farmington Hills,False,2025-02-25,Boeing 747SR,,Mckenzie,Congo - Brazzaville,E632XH,757,8,-13.2,7287.6,116.0,673.4,7022,1998-08-07,economy
20:17:31,21:13:31,GKC62857,AI857,66867226,EQ-38921-JQ-354,7725.19,Zion,Bridgeport,False,2024-06-05,Cessna 172,,Lon,Northern Mariana Islands,B263CD,4648,0,-8.3,58505.4,70.0,1053.8,27114,2004-04-03,economy
04:32:28,05:14:28,NLI39745,AI642,60852294,ZX-32776-JB-310,5649.97,Douglas,Union City,True,2025-02-15,Airbus A340-300,606047RI,Mark,Falkland Islands,L019EU,6229,1,-13.1,60354.8,102.0,1762.1,52956,1998-08-26,economy
11:27:28,12:18:28,CSE34519,AI877,69790987,AK-68441-QC-486,4072.48,Fountain,Freeport,True,2025-02-15,Airbus A330-900neo,331234VM,Tisa,Poland,C925QQ,2437,0,-0.9,18931.7,33.0,938.3,15841,2008-02-28,economy
10:21:36,11:41:36,ACG44501,AI301,67396817,JC-98272-TI-054,7546.89,Burlingame,Waltham,False,2024-12-15,Shorts SC-7 Skyvan,,Kevin,Romania,K662EY,6333,1,2.7,63966.7,111.0,1289.1,57567,2004-10-05,economy
08:38:40,09:10:40,RET42135,AI558,64444752,XO-45417-WJ-014,5807.78,Brooklyn Center,Waco,True,2024-10-02,Boeing 747-8I,977765MY,Arnoldo,Macedonia,F013OE,2423,0,1.4,19844.7,51.0,921.5,16884,2003-03-30,economy
02:05:35,04:48:35,RBQ34138,AI030,69935422,KH-01341-QM-228,2524.61,Nicholasville,Atascadero,False,2025-02-05,Airbus A340-600,,Jeremiah,South Korea,A779JT,2116,1,-6.3,19812.7,39.0,932.5,18513,2005-09-22,economy
18:52:39,21:52:39,HXT67836,AI401,66935938,YF-93634-TY-302,1682.45,West Valley City,Elk Grove Village,False,2025-03-03,Diamond DA42,,Ngoc,Liechtenstein,O509WB,2080,0,-8.6,19967.5,77.0,920.0,17395,2005-05-11,economy
06:23:35,09:18:35,VCD10659,AI027,64854089,YE-37250-PP-367,2016.53,Talladega,Milwaukie,False,2025-02-12,Boeing 767-200,,Burt,Niger,H759WW,2182,0,-5.5,19243.1,31.0,920.1,19896,1999-05-22,economy
17:50:26,18:15:26,MUA73371,AI758,65645805,MZ-99885-WV-659,3761.23,Forest Park,Weatherford,False,2024-05-30,BAe 146-200,,Hai,Macau SAR China,W657AG,4265,1,-5.2,60300.3,101.0,1086.2,26655,2008-06-09,economy
02:04:31,03:52:31,RPG68849,AI039,65831526,WM-78399-ZU-356,5697.27,Garfield,Midvale,False,2024-10-08,Tupolev Tu-144,,Perry,Croatia,A686TO,4952,1,-8.5,55900.8,69.0,1236.5,24363,2005-06-14,economy
13:33:24,15:09:24,WBF03038,AI136,63835775,QO-11811-GN-049,6696.68,Lafayette,Spokane,False,2024-10-26,Boeing 767-200,,Herschel,Slovenia,A053PF,3789,0,-7.2,56087.8,20.0,929.5,26455,2004-09-13,economy
03:32:28,05:18:28,AQM18637,AI209,69652475,XJ-07091-JQ-837,739.31,San Jose,Moorpark,True,2024-06-17,Cessna 177 Cardinal RG,191416VQ,Ramiro,Solomon Islands,D869DL,4727,0,1.5,63709.4,109.0,1385.0,30726,2010-04-13,economy
18:25:36,20:06:36,RIH09429,AI731,62589828,WQ-04604-PK-448,7717.24,Durango,Roswell,True,2024-08-21,Grumman G-73 Turbo Mallard,103842PY,Stefan,Macedonia,G747EQ,6489,1,9.6,58904.2,111.0,1650.6,57428,2003-06-13,economy
20:40:39,21:22:39,OZC25424,AI255,66937540,MQ-07640-YS-482,4441.09,Redding,Hialeah Gardens,True,2024-11-25,Boeing 747-300,658890CY,Darrel,Spain,O312FB,1650,1,-10.7,24431.4,65.0,815.0,10252,2008-01-31,economy
18:20:24,19:40:24,EVB54488,AI439,67080601,EO-66743-LI-543,1983.17,Talladega,Arcadia,True,2024-11-03,Embraer Phenom 300,955271MK,Billye,Serbia,I602MR,5030,1,-5.6,67047.4,89.0,1017.0,44813,2002-10-28,economy
23:43:24,00:47:24,LOI80980,AI003,61303459,TJ-68654-HI-106,5065.34,Port Chester,Shreveport,True,2024-11-25,Boeing 737 MAX 8,479286MT,Adriene,Tristan da Cunha,K196ZT,3323,0,7.5,66947.3,64.0,950.7,28771,2010-10-26,economy
08:25:43,10:23:43,JTC09039,AI126,66798060,XC-01504-PI-428,2809.1,Kansas City,Henderson,True,2025-02-07,Fairchild Dornier 328JET,263996WM,Coletta,Guadeloupe,N537NM,1821,0,-7.8,24680.7,105.0,830.0,15941,2002-03-30,economy
01:18:33,03:56:33,AWH04297,AI644,68033515,EJ-55750-QB-716,3531.05,Eagle Pass,Rancho Mirage,True,2024-10-13,Embraer RJ140,777028PS,Cory,Panama,E860KQ,1740,1,-11.9,25177.2,106.0,841.0,16343,2002-03-18,economy
01:58:30,04:22:30,XOR07999,AI497,68152598,NK-86669-RG-574,3926.35,Stanton,Windsor,False,2024-08-28,Robin ATL,,Kristofer,Moldova,K720JB,2900,1,-11.4,24322.0,74.0,910.4,23646,2009-04-10,economy
00:07:31,03:05:31,FKJ61088,AI411,64878108,IY-89530-EN-557,1450.81,Arroyo Grande,Riverton,False,2024-08-20,Cessna Citation CJ4,,Maurita,Guam,R619ET,5222,0,-9.2,60049.0,68.0,1017.6,39078,2004-03-25,economy
14:35:31,16:34:31,NZX26872,AI754,65831916,HL-43720-ZR-656,2603.13,Grand Forks,Elko,True,2024-12-23,Boeing 767-300,600534OD,Lewis,Niger,C850MJ,3120,1,-12.3,43129.8,46.0,951.4,27677,2009-07-03,economy
21:56:34,22:10:34,VWF94238,AI793,68919275,DL-99888-PZ-636,5202.09,Victorville,Bozeman,False,2024-08-11,Piper PA-31 Navajo,,Paris,Tokelau,L231MP,6009,1,-6.0,58278.0,77.0,1371.8,58157,2010-04-29,economy
16:51:39,19:13:39,UYS38140,AI686,67133220,JJ-37665-MG-024,4014.58,Forest Lake,Lorain,False,2024-07-09,Fokker 50,,Lyman,Latvia,S071KH,663,2,2.9,7095.2,45.0,546.9,6656,2002-10-05,economy
02:07:34,02:25:34,AHF66619,AI541,64897828,ND-16866-UG-559,6352.16,Galveston,Midvale,True,2024-09-04,Airbus A350-900,267011AL,Weston,Bolivia,D269OQ,2865,0,-11.3,23892.8,120.0,931.8,26834,2002-05-13,economy
23:28:31,01:49:31,DCQ21968,AI326,68966627,TT-49292-JU-871,494.44,Bridgeport,Radcliff,True,2024-12-18,McDonnell Douglas MD-87,200581BS,Deangelo,Grenada,Y837QT,4172,1,-7.4,64052.9,90.0,1306.3,26861,2006-09-30,economy
21:08:28,00:03:28,LTI95877,AI503,69196782,XR-88657-KV-663,7159.6,Cape Girardeau,Camas,True,2025-02-17,Airbus A300C4,813828VC,Adan,St. Pierre & Miquelon,D103SP,2538,0,-13.2,23929.8,32.0,939.9,25582,2004-05-29,economy
05:31:42,06:51:42,TDN37773,AI484,67880318,DP-41880-AL-227,2813.81,Barberton,Newberg,False,2025-01-26,Boeing 757-300,,Micheline,Iran,M589BF,3674,1,-13.8,65114.8,110.0,956.6,29154,2010-05-17,economy
04:30:33,04:59:33,KFQ53674,AI001,68167554,IH-33102-BE-637,6851.81,Laramie,Salisbury,True,2024-10-27,Shorts SD.330,510807YO,Babara,Uzbekistan,T023YF,3695,0,-10.1,62292.0,34.0,945.4,29486,2001-04-18,economy
23:48:33,00:42:33,VQG01821,AI717,62432217,NT-58604-PK-428,7638.52,Chickasha,Hot Springs,False,2024-05-16,Douglas DC-6,,Jae,Puerto Rico,G933CJ,1818,1,-2.1,26558.0,72.0,811.7,12680,2004-12-15,economy
03:06:38,04:49:38,IXQ80960,AI430,68483249,LV-40952-LM-735,3204.2,Grandville,Federal Way,True,2024-07-24,McDonnell Douglas MD-81,435927XU,Homer,Guyana,L143FT,5446,1,-7.3,59614.3,89.0,1214.1,39085,2001-05-01,economy
20:38:37,21:43:37,YVL42788,AI518,67439256,HZ-27898-JK-074,3628.91,South Elgin,Goleta,False,2024-10-25,Canadair Regional Jet 700,,Clarence,Sweden,R135LS,6087,1,-10.1,55741.5,87.0,1535.8,53407,2002-04-27,economy
07:02:27,09:25:27,HEL43943,AI396,67342208,HC-28710-TV-827,6927.25,Grove City,East Moline,False,2024-12-03,Airbus A300B4,,Alonzo,Senegal,J276QG,2833,1,9.6,23976.7,19.0,923.2,25189,2005-07-22,economy
11:01:30,13:39:30,IIU05170,AI727,69213673,WZ-20564-RL-844,2534.76,Safety Harbor,Richfield,True,2024-10-26,Embraer Praetor 500,136552BN,Sean,Japan,U190HR,3328,0,2.1,67335.0,69.0,929.3,29548,2001-05-27,economy
00:07:40,02:10:40,RQA28119,AI320,60194366,SQ-43311-VM-620,5290.18,North Las Vegas,Norfolk,True,2024-08-01,Junkers Ju 52/3M,628447GI,Kandace,Martinique,N883QM,3164,1,9.5,55226.5,61.0,969.4,27005,2009-06-23,economy
00:37:38,02:42:38,PAS63772,AI160,67953398,SO-34761-VS-020,542.4,Mount Pleasant,Maricopa,True,2024-10-02,Douglas DC-8-62,580828UM,Elias,Togo,J681RX,1416,2,-11.9,13448.9,29.0,811.9,15379,2010-04-27,economy
07:55:30,08:26:30,OLK24467,AI402,69390749,YV-68880-TG-322,6775.23,Iowa City,Cypress,True,2025-02-20,Dassault Falcon 2000,574540VI,Francis,Dominican Republic,W080AF,763,8,-12.7,7432.7,117.0,573.0,6335,1998-10-21,economy
00:40:36,01:43:36,KWR26932,AI112,61481756,XK-64840-KG-339,4549.25,Burbank,Hurst,False,2024-10-21,Cessna Citation CJ3,,Dede,Fiji,N532AJ,949,8,-9.9,7431.2,67.0,608.8,7776,2008-11-08,economy
12:51:34,15:30:34,AFN41287,AI467,66550697,VV-04098-QI-466,1021.44,West Memphis,Salinas,False,2024-09-27,Embraer Legacy 450,,Rudy,Liechtenstein,G907YZ,4159,1,2.8,66042.7,96.0,1204.0,30623,2001-07-23,economy
05:59:41,08:37:41,LXX29043,AI462,60030052,UO-34558-WY-423,7298.54,Rosenberg,Copperas Cove,False,2024-05-28,Tecnam P96,,Frederic,Argentina,M345GB,3126,1,-0.1,43765.2,103.0,928.3,26664,2007-08-15,economy
21:32:25,21:58:25,BWR13120,AI258,68021298,OJ-68072-ED-631,7319.19,East Cleveland,Park Ridge,True,2024-07-31,Boeing 777-8,680377FK,Marlin,Portugal,V358JZ,894,3,2.0,7153.8,27.0,673.3,5382,1998-01-24,economy
03:22:43,03:45:43,UZJ71060,AI655,68055674,FE-02637-NQ-155,481.9,Pleasant Grove,Mercer Island,True,2025-02-20,Douglas DC-8-50,246185DU,Ronald,St. Barthélemy,C693CI,2300,1,8.6,19941.4,78.0,949.5,17672,2003-09-12,economy
02:27:39,03:32:39,WRV62401,AI162,69649024,SR-85402-RX-933,5575.0,Moorpark,Bismarck,False,2024-12-19,Saab SF340A/B,,Ivan,Netherlands,D870MA,676,8,-5.3,7187.5,87.0,530.3,5688,2008-05-31,economy
02:59:39,05:20:39,XGM47239,AI569,68188457,ST-70059-BR-562,998.12,St. Clair Shores,Tifton,True,2024-09-12,Convair CV-240,729782OV,Lucius,Guatemala,K054GW,2326,1,-5.5,18027.2,76.0,926.7,17410,1999-07-15,economy
17:46:25,19:57:25,CHZ81539,AI710,67651711,NF-91307-HA-447,3569.31,Williamsport,Stanton,False,2024-08-20,Boeing 747-400M,,Kirby,Gabon,L082IT,5354,0,1.6,62988.6,69.0,1354.6,43798,2004-10-27,economy
11:23:37,11:45:37,CNH84070,AI643,68861039,XV-88841-PV-338,7099.04,Belleville,Moraga,True,2024-08-30,Cessna Citation II,904207SK,Svetlana,Gambia,Q916NY,5446,1,-14.2,58000.5,26.0,1185.4,43706,2000-07-04,economy
04:56:32,06:51:32,PFS75425,AI240,63516074,RA-05952-BR-694,1990.99,Melbourne,Delano,False,2025-02-12,Cessna Citation Sovereign,,Forest,Solomon Islands,E052OD,6028,1,-9.9,60121.6,45.0,1264.9,50038,2001-06-30,economy
03:46:30,06:02:30,QLR75807,AI191,61648012,IC-15070-DB-767,6690.89,Lombard,Tampa,True,2024-12-06,Embraer RJ135,164277XY,Eilene,Mozambique,W458IQ,4350,1,-9.8,66260.6,81.0,1335.7,24020,2006-11-05,economy
21:32:43,23:42:43,KRM38615,AI731,65332094,SS-46875-BO-484,3928.28,Olympia,Avondale,True,2024-05-30,CASA/IPTN CN-235,300295LX,Fairy,Bahrain,W577HT,2422,1,-0.4,19262.5,40.0,913.0,15950,2002-09-02,economy
17:06:26,18:02:26,JMB65915,AI026,66810354,SQ-45439-AF-454,1929.56,Salisbury,Plainview,False,2024-08-25,Airbus A320neo,,Verlene,Spain,H488YK,6006,0,3.5,67640.8,96.0,1336.6,57300,2001-06-14,economy
00:48:42,02:10:42,VTC49547,AI736,65230221,ZL-28049-GH-383,4808.16,Bethel Park,St. Cloud,True,2024-07-25,Cessna Citation III,643335RI,Elin,Sudan,W866QU,4334,0,-0.6,61325.0,15.0,1176.5,24416,2004-08-04,economy
03:47:39,04:25:39,XGD24612,AI665,65053544,TM-44479-YZ-758,3506.23,San Juan Capistrano,Miramar,False,2024-11-06,Diamond DA42,,Tyler,French Southern Territories,N470JT,3320,0,4.0,67226.4,107.0,964.3,27646,2010-08-26,economy
10:42:34,12:46:34,KVP87104,AI181,67114578,NX-21202-MU-697,3934.09,Saginaw,Norwood,True,2024-09-05,"\"Airbus A300-600ST \"\"Super Transporter\"\"\"",327594BH,Rubie,Monaco,M116YU,6159,1,-13.1,69458.6,116.0,1723.7,53046,2003-05-29,economy
02:15:27,03:21:27,BCY68654,AI488,64549747,CV-94555-VX-977,4631.32,Owensboro,Macomb,True,2024-10-29,De Havilland Canada DHC-5 Buffalo,556975BM,Jamaal,Comoros,J521MK,2956,0,-10.3,22605.5,51.0,930.2,27337,2005-06-03,economy
12:30:28,12:46:28,ZXA43826,AI751,64760427,LJ-05686-JV-694,2069.28,Gilroy,Long Branch,False,2024-08-01,Embraer 195,,Cristobal,Turkmenistan,B710UO,4037,0,-6.6,55116.8,16.0,1373.4,26027,2006-12-12,economy
19:41:36,20:11:36,PRH62565,AI637,60307529,PJ-54889-CC-282,3525.57,Highland,Pittsburgh,True,2025-02-10,De Havilland Canada DHC-6 Twin Otter,285902AF,Matt,Gibraltar,K639HQ,1223,3,4.9,14766.2,116.0,824.2,17453,2008-12-29,economy
16:15:34,17:27:34,UPZ99717,AI545,64414680,BR-73734-AI-384,4524.67,Carteret,Shawnee,True,2024-11-22,GippsAero GA8 Airvan,439892ID,Rafael,Lebanon,C586TF,3400,1,-1.0,58847.2,65.0,990.3,28932,2004-07-28,economy
13:22:31,16:00:31,OTC25665,AI137,63448444,JI-39131-VJ-457,4127.49,Sioux Falls,Manchester,False,2024-10-17,Learjet 60,,Carylon,Tonga,Y727IG,3585,1,8.8,64081.8,43.0,990.7,28518,2000-09-17,economy
18:06:28,19:06:28,DKL19844,AI756,64579394,ES-19090-MO-454,814.53,Angleton,Southlake,True,2024-12-16,Lockheed L-1011 Tristar,842329BS,Pearlene,Germany,K480XQ,4210,1,-14.9,66811.1,89.0,1080.2,30286,2007-06-15,economy
07:41:41,09:21:41,UWX25726,AI460,66341212,JX-53858-FC-775,7885.9,Warner Robins,Bend,True,2024-09-16,Beechcraft 1900,700489SV,Nyla,Iran,Z469XP,2092,0,9.8,19352.6,28.0,919.8,19516,2001-04-23,economy
03:34:33,06:20:33,BBI31576,AI367,61059972,BR-03133-UZ-058,4084.98,Zanesville,Milford,True,2025-02-02,Pilatus PC-12,978053PL,Rosy,Norway,B784XY,3301,1,-10.5,66680.1,73.0,963.7,29497,2005-03-08,economy
04:06:28,04:18:28,GLR69847,AI124,63792677,CP-96032-JE-499,2611.66,North Richland Hills,Shelbyville,False,2024-12-08,Embraer 170,,King,Sierra Leone,D998ON,1303,3,-8.1,14990.3,66.0,813.9,13721,2007-08-28,economy
05:30:31,06:22:31,VVK47839,AI890,64612215,JT-87230-EW-755,7371.88,Santa Fe Springs,Visalia,False,2025-02-09,Boeing 737-200,,Winfred,Myanmar,Z573GG,2378,0,-6.4,19539.5,29.0,905.0,15762,2002-01-05,economy
02:27:35,04:50:35,SYQ35996,AI569,66891825,PE-27354-UJ-459,3147.6,Clarksville,Marysville,False,2024-11-13,Boeing 747-400,,Meridith,Yemen,N461KQ,6048,1,-12.8,69564.8,72.0,1272.5,54981,2001-11-01,economy
16:15:25,17:27:25,LCL06675,AI364,66245583,PC-94943-AJ-107,573.77,Moses Lake,Ardmore,True,2024-12-29,Saab SF340A/B,733681QE,Preston,Austria,V455DQ,2827,0,-8.5,23275.8,97.0,946.5,23204,2010-06-04,economy
04:03:24,05:58:24,JBE45390,AI810,65984710,UR-74896-JY-775,655.81,Addison,Portage,False,2024-12-03,Boeing 747-200F,,Babette,Curaçao,Y024WS,2879,0,-14.8,23788.3,119.0,918.2,21911,2010-10-31,economy
15:19:37,17:15:37,DTC52387,AI388,62082476,WG-29397-QZ-643,737.48,Northglenn,Burton,True,2024-12-21,Cessna 152,927611OI,Caterina,Armenia,F837LO,1951,0,9.1,21922.9,61.0,821.3,16993,2005-12-01,economy
20:58:24,21:20:24,CYZ41124,AI306,61980258,YY-46581-BG-498,3545.07,Faribault,New Braunfels,False,2025-03-08,Piper PA-44 Seminole,,Pearle,St. Barthélemy,N074SC,4212,0,-14.4,66997.5,32.0,1166.6,29092,1999-11-03,economy
23:05:32,01:58:32,AVK83826,AI082,65735471,LH-62560-LG-731,6401.0,West Lafayette,Snellville,True,2024-06-20,Fokker 70,840296NI,Frederica,Ukraine,L759RN,4917,0,9.2,59518.6,81.0,1031.6,29735,2000-08-14,economy
20:55:36,21:41:36,OMS54812,AI042,69653386,NJ-97825-YM-073,6188.79,Chelsea,Morristown,False,2024-08-20,Boeing 747-100,,Mozella,Bosnia & Herzegovina,M816BT,3157,1,-8.7,52348.5,109.0,996.8,29212,1998-10-12,economy
08:14:25,08:48:25,CWO96701,AI803,64994649,HT-27388-QL-464,821.72,Newberg,North Canton,True,2024-08-09,Canadair Regional Jet 900,760321NT,Benito,Bolivia,S426DM,1990,1,-9.4,16013.8,102.0,840.1,12834,2008-01-17,economy
05:18:25,07:51:25,YIP23705,AI891,62642870,ZD-98060-HD-744,974.81,Hoffman Estates,Williamsport,False,2024-07-07,Canadair Challenger,,Piper,Turks & Caicos Islands,Y523CB,2478,1,-6.0,18701.6,103.0,939.5,17494,1999-03-11,economy
02:30:37,04:45:37,IPR30957,AI540,69344681,GY-01593-AN-760,5943.5,Corsicana,Brooklyn Center,True,2024-08-04,Tecnam P2002 Sierra,663726GS,Jacqulyn,Suriname,A935MC,4019,0,-11.5,57259.7,30.0,1289.4,29304,2003-10-12,economy
13:44:28,16:23:28,DCR96506,AI148,60781956,ZU-00176-NV-537,6919.64,Chesapeake,Montgomery,False,2024-09-13,Antonov AN-74,,Vincent,Spain,J491GI,1306,2,-6.6,16884.3,28.0,814.6,14676,2007-03-18,economy
03:51:30,06:49:30,XFT58285,AI028,68879513,ON-19195-VK-377,3666.69,Erlanger,Brook Park,False,2024-06-11,Cessna Citation VII,,Katrice,Finland,P838MQ,4362,0,5.8,69916.0,63.0,1101.8,30325,2003-12-05,economy
21:12:35,23:55:35,BMK27915,AI348,68287318,VA-02579-PY-644,7742.82,Caldwell,Slidell,True,2024-10-07,Airbus A300-600,071103ZQ,Dick,Seychelles,G737LD,5785,1,-1.8,67154.4,31.0,1124.0,46415,2005-08-23,economy
20:30:35,22:39:35,JSE99488,AI031,60061694,UJ-50565-ZQ-228,620.34,Bethany,Wilkinsburg,False,2024-09-21,De Havilland Canada DHC-2 Beaver,,Tonda,Slovenia,Q551ZM,3596,1,-10.1,55462.5,110.0,969.0,26270,2002-10-29,economy
18:27:39,21:27:39,FIO89668,AI634,60221950,QK-11000-OI-358,7211.85,Seal Beach,North Ogden,False,2024-10-27,Boeing 727-100,,Cher,Angola,V034IJ,4376,0,-13.8,63897.6,86.0,1028.2,27401,2001-03-26,economy
13:32:31,15:10:31,QFA39319,AI163,62351277,EM-61470-NN-142,1961.55,Elmira,Blue Springs,True,2025-02-05,"\"Airbus A330-700 \"\"Beluga XL\"\"\"",282264SB,Cleo,Cambodia,L270NO,5825,0,-5.1,56020.7,81.0,1242.5,40994,2003-02-08,economy
09:21:40,10:18:40,GCR50689,AI738,64826980,SU-89328-CF-526,4848.0,Zanesville,Fair Lawn,True,2025-02-28,De Havilland Canada DHC-2 Beaver,842219LL,Arnetta,Uruguay,B726MY,5513,1,-14.6,65340.7,73.0,1070.1,46081,2005-12-04,economy
13:35:37,15:33:37,XXG45787,AI610,67063087,NY-80447-NC-248,3577.16,Temecula,Inglewood,False,2024-10-19,Airbus A300-600,,Frances,Costa Rica,E261RT,4089,0,-13.2,66545.8,65.0,1307.0,25259,2004-05-01,economy
15:54:38,16:27:38,VDE69953,AI358,65190522,SJ-34592-AK-457,5085.87,North Canton,Midwest City,False,2024-05-18,De Havilland DH.114 Heron,,Quiana,Malta,C435NH,2978,1,-13.1,23957.0,62.0,924.4,19797,2005-06-08,economy
05:51:28,06:14:28,UZO81964,AI241,68285220,NE-21778-FR-465,2661.44,Holladay,Montgomery,True,2024-09-14,Ilyushin IL86,485706IL,Moshe,Albania,K121PX,4620,1,-13.7,56122.1,64.0,1019.3,28177,2009-01-14,economy
22:49:41,23:00:41,GIW72559,AI034,67151924,CJ-83012-CI-672,1018.21,Menomonee Falls,Ellensburg,False,2024-11-02,Saab 2000,,Jesenia,Vietnam,M729BY,1463,7,-13.2,14347.1,109.0,842.9,13638,2007-02-10,economy
00:26:26,00:57:26,WDV23215,AI718,67491996,EM-87961-MD-150,7547.88,Sunnyvale,Twin Falls,False,2024-09-17,Boeing 737-300,,Wes,Belgium,A696DJ,5051,0,-10.9,65497.6,107.0,1355.0,41426,2006-09-08,economy
00:00:33,02:46:33,BZY32881,AI225,62528353,DF-36914-OL-024,1176.81,Panama City,Wilkinsburg,False,2024-09-24,Socata TB-20 Trinidad,,Lauren,Ceuta & Melilla,V177KC,5721,1,-5.3,56801.0,55.0,1163.6,41383,2009-09-22,economy
13:53:28,15:12:28,KHL89255,AI133,63459006,UG-81793-UV-231,1703.96,Johns Creek,Frankfort,False,2024-10-10,Boeing 767-400ER,,Pedro,San Marino,Y078TT,1039,5,-5.1,14270.3,76.0,821.4,10072,2010-01-04,economy
07:59:43,09:53:43,OPC88948,AI222,64520050,GI-49464-FY-706,7705.73,Downey,Mesa,False,2025-02-20,Ilyushin IL96,,Ervin,Norfolk Island,T741LR,3116,0,-5.3,53738.1,27.0,981.9,26430,2008-04-21,economy
22:39:36,23:20:36,AKH99137,AI965,62236386,HW-52150-RF-720,4083.65,Brownsburg,Hampton,False,2025-02-28,Embraer RJ140,,Mui,Eritrea,M947LE,1847,0,9.0,20754.4,44.0,843.4,17685,2005-07-20,economy
04:35:25,04:59:25,DQK54241,AI534,69896488,YA-99260-HK-456,7610.3,Alsip,Palo Alto,True,2024-08-10,NAMC YS-11,214513UN,Chere,Niger,P145YI,5382,1,-9.4,57705.9,90.0,1246.0,36057,2002-04-07,economy
11:56:35,12:17:35,ODA52036,AI261,62070932,JD-91683-DI-794,4843.09,Oxford,Duncanville,True,2025-02-03,Airbus A340-300,473923ZJ,Marlon,Indonesia,I045LA,5248,1,3.8,57820.8,53.0,1291.7,38963,2009-03-15,economy
14:27:28,14:52:28,RAA75738,AI361,60447515,MJ-53911-DV-524,5197.34,Azusa,Hickory,True,2024-06-20,Antonov AN-124 Ruslan,787165JG,Garfield,St. Helena,U456XZ,2143,1,-1.8,18950.4,116.0,906.6,16402,2007-08-01,economy
04:23:42,07:09:42,JOW93434,AI533,63778214,UG-31502-GW-918,2350.29,Cincinnati,Memphis,False,2024-09-05,Airbus A340-600,,Raymundo,United Arab Emirates,X777RC,4412,1,-11.5,60705.3,42.0,1378.7,28073,2010-11-04,economy
03:29:37,04:31:37,RVZ02378,AI995,63128912,AJ-70057-VN-110,3025.57,Pflugerville,Mountain View,True,2024-11-29,Piper PA-31 Navajo,279612CC,Anisha,Cyprus,S399KF,6141,0,-1.9,66438.3,90.0,1277.2,51220,2008-04-28,economy
01:47:39,03:45:39,EAL23116,AI455,60586793,ZP-07315-SR-093,5395.25,Norwalk,Quincy,False,2024-09-07,Convair Convair Convair CV-640,,Suzann,Dominica,S593RP,2132,1,-13.2,18112.0,50.0,929.2,17404,2005-08-22,economy
04:53:41,05:45:41,FNC96475,AI909,66016770,CX-42150-OR-021,3302.61,Sunnyvale,West Mifflin,False,2024-07-19,Airbus A330-900neo,,Rene,Tristan da Cunha,W812TW,5047,0,4.8,62529.1,69.0,1209.7,37640,2010-01-28,economy
03:42:35,05:49:35,PHJ74455,AI532,63659375,FP-12724-UJ-172,6991.65,Weston,Agawam,False,2024-09-23,Tecnam P2012 Traveller,,Ismael,Vietnam,G029BK,2274,1,-13.0,19459.6,26.0,942.0,16470,2000-08-18,economy
05:56:38,06:28:38,WVH91310,AI599,68751864,FD-29318-FW-199,1203.63,Palmetto Bay,Concord,False,2024-10-06,Airbus A318,,Dong,French Polynesia,H283XX,4068,1,-11.3,67375.7,18.0,1091.4,25580,2000-05-18,economy
01:36:35,02:13:35,QBD93248,AI070,66930251,ED-53816-BG-351,6231.66,Sycamore,Portage,False,2024-10-08,Gulfstream G280,,Desmond,Turkmenistan,U400ZJ,5035,0,-12.0,60362.0,118.0,1264.1,35274,1998-08-09,economy
14:09:38,16:45:38,BJT82875,AI144,64239843,IN-84139-DS-681,1443.88,Muskegon,North Charleston,False,2024-11-04,Gulfstream G280,,Wilson,Latvia,B278BF,2938,0,-6.7,23263.0,98.0,938.8,21617,2007-11-29,economy
07:08:28,07:46:28,KNQ26420,AI305,67109393,QD-87593-WI-941,6774.12,Bristol,Boynton Beach,True,2024-11-13,Douglas DC-9-10,676854EJ,Ronald,Egypt,V321SC,4233,0,5.7,60574.3,30.0,1223.5,30327,2002-12-24,economy
11:36:31,11:48:31,BNO93898,AI271,69868312,UY-71956-XE-838,803.6,Weston,Chester,True,2025-02-03,Tecnam P92 SeaSky,751980JT,Duncan,Caribbean Netherlands,X745VV,1064,8,-13.3,15655.2,109.0,811.6,13109,2001-08-08,economy
02:16:28,03:17:28,VQF87093,AI357,66886528,MX-79063-EV-198,1360.18,Rocky River,Cabot,False,2024-11-19,ICON A5,,Eddy,Swaziland,J044QD,4274,0,-12.7,56977.7,80.0,1373.1,27724,2007-05-02,economy
02:09:40,04:08:40,PGI37192,AI820,68406939,AL-09430-ST-154,1159.34,Hilton Head Island,Wilmington,False,2024-10-28,De Havilland Canada DHC-5 Buffalo,,Matt,Morocco,T290YT,1087,2,-7.6,17793.8,103.0,820.6,11259,2009-07-02,economy
01:15:24,01:27:24,ZNU05152,AI954,67552692,BX-53208-RM-119,7151.71,Pasadena,Lino Lakes,True,2024-10-24,Pipistrel Taurus,678935RV,Raelene,Colombia,J884YX,3792,1,2.3,55892.6,71.0,903.0,29651,2001-06-20,economy
08:00:26,08:41:26,OCJ32772,AI075,61624074,HF-98936-GK-428,6423.18,Fairborn,Mount Pleasant,True,2024-10-10,Embraer RJ145,977848MJ,Stanley,United States,U266TP,1742,0,2.5,26690.3,112.0,848.2,11046,2003-07-17,economy
06:39:30,07:05:30,LGC50448,AI967,64284066,QN-60575-TJ-539,6708.01,Salina,Elko,False,2024-11-29,Pilatus PC-12,,Sulema,Maldives,A336WA,4814,1,-5.5,59469.8,52.0,1210.3,30644,1999-01-24,economy
04:56:37,07:46:37,EAQ08937,AI658,65101739,TY-05287-TR-385,3854.09,Johns Creek,Washington,False,2024-11-25,Boeing 737-400,,Clarence,Fiji,G311GC,1023,2,4.1,12621.9,118.0,830.7,13473,2007-02-14,economy
00:27:30,02:39:30,JXW91982,AI447,62845449,WC-40128-PW-417,3879.21,Woodridge,Agawam,True,2024-06-04,Concorde,078768ID,Bobby,St. Pierre & Miquelon,B444QJ,3888,0,-7.1,55658.5,82.0,978.8,27760,2003-12-01,economy
01:07:38,01:19:38,JPK51568,AI880,65419993,FG-95965-MW-906,4159.13,Rio Rancho,Bixby,True,2024-09-30,Boeing 737-600,621836UV,Taisha,Canary Islands,V280IW,3729,1,-10.1,57777.3,38.0,958.2,25280,2004-12-06,economy
00:12:24,02:24:24,WJK92517,AI214,62458246,QT-69183-KT-869,7220.76,Beckley,Carson City,False,2024-06-24,British Aerospace Jetstream 31,,Eusebia,St. Helena,Y179XC,3368,1,2.7,61050.8,68.0,931.3,29455,2003-11-16,economy
05:47:29,06:20:29,JWS25741,AI475,61010184,YQ-65029-VI-775,1241.05,Independence,Rutland,True,2024-05-29,Gulfstream IV,515807ZP,Lamar,U.S. Outlying Islands,J194CA,6327,0,7.8,66087.3,99.0,1282.0,51632,2004-12-02,economy
03:29:33,05:50:33,PIP32025,AI070,63040960,RS-45677-WH-326,7176.12,Hazleton,Fairhope,True,2024-12-10,Boeing 767-400ER,836658BY,Herb,Turks & Caicos Islands,G319XL,5777,0,-10.2,63971.0,18.0,1250.9,45267,2004-05-12,economy
20:27:33,21:54:33,ZRJ91422,AI757,67772891,DX-57589-OX-027,2159.17,Palos Hills,Huber Heights,True,2024-08-08,Boeing 737-400,542415CB,Natashia,Trinidad & Tobago,N760OA,6195,0,7.4,66139.2,51.0,1500.7,52380,2005-04-05,economy
12:53:35,15:32:35,HCE98158,AI006,64704232,QH-72506-BP-946,7850.11,Plantation,Alliance,False,2024-06-24,Boeing 777-200ER,,Jerold,Estonia,U270AL,6366,1,-10.1,60201.1,80.0,1217.7,50118,2007-12-30,economy
14:57:33,17:23:33,ZFB65865,AI163,60790411,OC-04130-CZ-859,7511.85,Wausau,Manhattan Beach,False,2024-12-18,Tecnam P92 SeaSky,,Zackary,Vatican City,D554QN,5110,1,9.8,61379.6,106.0,1390.4,36314,2006-05-26,economy
17:13:30,19:44:30,MDA88077,AI681,69099959,WM-85724-EP-048,2908.88,Leavenworth,Peabody,False,2024-06-03,Boeing 747SR,,Sook,Seychelles,N920YV,4927,0,-2.3,64687.6,117.0,1044.0,26622,2010-06-17,economy
16:41:43,17:41:43,RKN47410,AI828,60275473,CZ-59244-EJ-117,2844.2,Tigard,West Chester,False,2024-06-09,Shorts SD.330,,Bennett,United Kingdom,L745LQ,4930,0,-11.0,69110.7,92.0,1120.8,26679,2010-11-10,economy
04:41:32,05:15:32,XZQ33285,AI207,62946503,KD-74989-AF-266,4014.74,Charleston,Chanhassen,False,2024-07-22,Pilatus Britten-Norman BN-2A Mk III Trislander,,Sang,Canada,P950XH,1456,6,-2.2,17092.1,68.0,843.5,15409,2010-12-31,economy
10:30:36,10:59:36,BMZ67030,AI362,65437998,KI-19466-OG-192,3826.7,Menasha,Manhattan,False,2024-10-11,Boeing 747-400,,Kiera,Papua New Guinea,W291OY,1557,1,-5.3,27794.2,115.0,803.1,10151,2001-08-07,economy
06:18:34,07:16:34,XAM51175,AI278,67066521,KJ-92252-DS-113,1375.51,South Lake Tahoe,South St. Paul,False,2024-05-30,Embraer E190-E2,,Ria,Guam,C745VQ,5411,1,6.9,66277.8,36.0,1184.0,40262,2001-12-12,economy
04:45:40,04:58:40,OQU84122,AI089,68930665,VP-75315-QU-431,5645.37,Dania Beach,Inver Grove Heights,False,2025-01-22,Tecnam P2012 Traveller,,Tashia,Puerto Rico,K263WI,4939,1,3.7,55078.4,81.0,1183.5,25581,2001-03-24,economy
21:05:43,21:57:43,DFG30507,AI910,62788968,HW-89107-UE-971,2817.87,Schaumburg,Arroyo Grande,False,2024-08-25,Fokker 50,,Petronila,Gibraltar,G086TN,5781,1,-2.3,57086.5,32.0,1257.2,41684,2002-05-28,economy
08:56:38,11:43:38,YOW45377,AI710,62964402,UD-39850-RN-818,5526.94,Oakdale,Coronado,True,2024-09-08,Canadair Regional Jet 100,351486HH,Rudolph,New Zealand,B784NA,2235,1,7.6,19741.4,46.0,918.3,16791,2006-10-29,economy
17:36:25,18:20:25,IEU51344,AI985,68267359,LJ-36731-KD-950,5211.83,Douglas,Hickory,False,2025-02-25,Ilyushin IL62,,Junie,St. Lucia,B981RP,2211,1,-10.5,19675.5,61.0,942.0,19381,2005-07-20,economy
08:11:34,08:58:34,LRD22531,AI497,64145884,UT-79948-UB-452,7849.04,Liberty,Medford,False,2024-11-27,Curtiss C-46 Commando,,Damien,Armenia,R816MD,6360,0,-9.3,60502.3,21.0,1313.0,55398,2003-06-16,economy
05:27:28,08:18:28,XGJ11993,AI848,66668529,XB-63340-GA-719,5135.71,Tracy,East St. Louis,True,2025-01-24,Piper PA-46,874923XM,Esteban,Antarctica,D086ZL,4712,1,-9.6,57489.6,50.0,1318.2,25855,2000-02-20,economy
13:31:29,16:23:29,IFE89581,AI276,68919921,AN-91602-VM-229,780.29,Lake in the Hills,North Tonawanda,False,2024-06-04,Embraer E190-E2,,Hal,Slovakia,M295HZ,4530,0,-8.3,55788.3,76.0,1173.2,27888,2008-07-29,economy
20:17:35,20:51:35,FMD27404,AI988,69226219,VO-28204-FZ-434,3632.08,San Clemente,Dalton,True,2024-10-31,British Aerospace Jetstream 31,873189AS,Kurtis,Moldova,M350BA,4713,0,2.2,58024.3,92.0,1224.9,24711,2006-12-16,economy
03:06:43,04:51:43,XTH47987,AI278,64245049,OT-71004-VW-290,7615.58,Kentwood,Wildwood,False,2024-10-12,Boeing 747-100,,Glinda,Tuvalu,E891AK,6109,1,-12.9,61419.2,94.0,1712.2,56810,2009-06-04,economy
16:23:37,16:56:37,BOF45308,AI848,66709749,MA-04344-BW-962,3730.99,Broadview Heights,Paducah,False,2024-07-21,Tecnam P2008,,Jann,Niue,I350WD,5139,1,-14.5,64954.7,91.0,1360.1,37931,1998-03-14,economy
15:16:26,15:53:26,QWB01281,AI054,60203709,FO-41927-BC-264,5274.78,North Augusta,Norristown,True,2024-11-02,Canadair Regional Jet 1000,017775KQ,Sharda,Botswana,R417OC,1097,7,-12.3,13428.7,94.0,844.6,13617,2008-11-20,economy
06:06:40,07:31:40,AXA83391,AI577,67841997,DM-93171-EP-579,3349.61,Columbus,West Sacramento,True,2025-01-04,Gulfstream G280,920206IL,Divina,Anguilla,M021PY,4990,0,-9.0,57684.8,74.0,1165.6,28725,2003-10-12,economy
02:27:34,04:25:34,JNT28003,AI411,60972013,TL-42104-AC-661,4371.55,Brookings,Manchester,False,2024-07-29,Socata TB-20 Trinidad,,Thomas,Guatemala,I611OR,1212,3,3.8,15095.5,27.0,849.1,10377,2010-04-03,economy
10:53:29,13:32:29,ORH95774,AI801,68117322,UC-59852-AP-852,3463.19,Greenville,Apple Valley,True,2025-02-12,Airbus A330-300,894717ZS,Homer,Antigua & Barbuda,L482FD,2324,0,-8.5,18510.0,32.0,922.7,16642,2001-12-24,economy
00:33:24,02:56:24,IFX29177,AI115,62879016,FY-01702-DJ-380,1333.31,Clarksville,El Centro,False,2024-12-28,Tupolev Tu-204,,Nikole,São Tomé & Príncipe,H296TG,2540,0,7.7,24171.8,20.0,904.9,23510,2003-06-01,economy
06:21:37,06:48:37,QEC93720,AI188,60977625,JA-12950-OH-535,5165.44,Johns Creek,Stamford,True,2024-11-02,Pilatus PC-6 Turbo Porter,237060TN,Marquitta,Congo - Kinshasa,A120YM,2004,1,-11.5,18387.2,32.0,937.3,16784,2001-04-09,economy
01:32:33,03:01:33,IUP00796,AI295,64423679,UI-51128-KQ-751,7973.97,Pflugerville,Wichita Falls,True,2024-09-05,Pilatus Britten-Norman BN-2A Mk III Trislander,628246HC,Akiko,Jamaica,T968HP,5020,1,-14.9,57913.9,85.0,1022.6,41305,2000-04-15,economy
03:39:39,05:24:39,YNK27710,AI421,69167953,NU-71401-DC-528,3416.05,Beaverton,Benicia,True,2024-10-30,British Aerospace Jetstream 31,456389XK,Launa,Equatorial Guinea,Q529WQ,1052,8,-11.1,16880.7,25.0,812.5,11061,2001-08-27,economy
18:00:42,19:58:42,VVS28451,AI358,64020848,SB-88263-NG-527,4106.88,Highland Village,Grand Forks,False,2024-09-29,Convair Convair Convair CV-640,,Salvatore,Cape Verde,C934CY,3738,0,-11.8,61242.7,62.0,940.3,26419,2002-01-17,economy
21:01:33,21:16:33,KYC45538,AI178,68068005,JY-00047-LA-205,5304.29,Texas City,Bay City,True,2024-11-21,Bombardier BD-100 Challenger 300,175960GV,Terry,Liberia,F402QY,2407,1,8.4,19676.3,76.0,900.5,16118,2002-02-18,economy
23:13:28,23:31:28,BGG86412,AI077,63670619,UN-53294-NZ-744,6454.07,Williamsport,Thousand Oaks,True,2025-02-21,Fokker F28 Fellowship,335480WC,Marshall,Turks & Caicos Islands,U020XX,3355,0,1.5,66110.7,40.0,900.4,28472,2006-11-04,economy
03:50:27,04:40:27,WSZ79586,AI979,65028621,KF-63457-AJ-797,2347.71,Eagle Pass,Pearland,False,2024-07-01,De Havilland DH.114 Heron,,Ka,Ghana,K767SO,6492,0,0.2,56256.6,113.0,1464.5,53547,2007-03-30,economy
07:57:41,08:42:41,UEE31292,AI617,63222277,FD-23874-YJ-470,7886.7,San Angelo,Riviera Beach,False,2024-11-25,Airbus A319neo,,Elina,Lithuania,G879YL,5941,0,-5.3,67415.2,58.0,1327.0,47573,2009-04-28,economy
11:44:30,13:45:30,MCE32139,AI792,68294769,OI-90760-PU-433,3577.53,Radcliff,Northport,True,2024-06-13,Aquila A 210,737146WY,Elease,Jordan,N894DD,2795,1,7.8,24298.7,74.0,942.9,25102,2006-06-11,economy
11:50:34,13:59:34,TXQ60941,AI195,67122665,PV-78960-PZ-475,2620.35,Cranston,Spring Valley,False,2025-01-12,Cirrus SF50 Vision Jet,,Lovetta,Denmark,Q497WQ,1542,0,-8.8,24674.3,102.0,817.9,12890,2005-03-02,economy
08:12:32,10:33:32,PAN78173,AI528,61790700,NE-82174-JE-475,7642.86,Ottumwa,Monterey Park,True,2024-10-14,Pilatus Britten-Norman BN-2A,030953NS,Darren,Tajikistan,I323QD,4878,0,6.4,60491.7,77.0,1094.8,29080,1999-12-20,economy
08:47:35,10:40:35,MJE70903,AI207,68311192,QM-91187-FN-976,4133.53,Universal City,Garfield Heights,True,2024-10-12,COMAC C919,656521GV,Trinidad,Singapore,R616ZV,4467,0,-10.0,60433.6,22.0,1002.2,26895,2003-05-09,economy
16:49:39,19:23:39,JTM29020,AI920,69819465,BW-37946-YN-001,7476.48,Naugatuck,Muskego,False,2024-11-24,Pilatus PC-6 Turbo Porter,,Efrain,South Sudan,B353IX,1347,8,-7.8,12384.0,43.0,847.3,11468,2006-10-26,economy
10:25:37,11:58:37,NFB29892,AI596,66455865,XC-40409-LE-802,5774.71,Perth Amboy,Dayton,False,2024-09-23,Boeing 737 MAX 7,,Sean,Hungary,E193BX,1532,1,0.2,21357.9,93.0,820.4,12009,1999-01-03,economy
13:06:42,14:57:42,PTG20856,AI817,60202882,SF-64556-TD-768,1009.23,Sayreville,Dolton,False,2025-01-22,Boeing 737 MAX 7,,Maynard,Bhutan,A993GJ,1086,8,-9.0,17964.3,60.0,825.5,14968,1998-12-23,economy
14:37:32,16:53:32,TLN22545,AI869,67702900,PX-48305-MJ-193,6786.82,Yukon,Garland,False,2025-01-07,Diamond DA62,,Isaura,St. Pierre & Miquelon,D448AP,6274,1,-5.2,58728.8,47.0,1751.8,54679,2008-02-19,economy
08:22:31,08:47:31,HJU62730,AI305,65696775,RB-56948-PJ-928,468.01,Monroeville,Sioux City,True,2025-01-25,Boeing 747-200M,781708KZ,Timothy,Lebanon,O430FZ,3807,0,-12.3,55827.8,43.0,958.7,28547,2004-05-08,economy
22:43:37,23:03:37,YGS42928,AI529,68403034,ZC-94227-UK-333,3605.03,Euclid,Ridgecrest,False,2024-11-26,Lockheed L-1011 Tristar,,Jackson,Suriname,A259AR,1579,1,-10.0,29031.8,17.0,840.0,13632,2001-03-05,economy
07:34:27,08:20:27,RBF51349,AI927,69083662,DR-45397-BJ-061,1423.03,Murrysville,Rosenberg,True,2024-11-01,McDonnell Douglas MD-11C,316044LD,Arturo,Somalia,U096SD,1545,1,-6.5,18837.6,33.0,838.1,10670,1998-07-12,economy
12:59:42,14:40:42,WMK11216,AI122,65910919,EZ-93035-TB-961,7054.11,Highland,Delaware,False,2024-05-23,Pipistrel Taurus,,Wendell,Congo - Brazzaville,F320BH,1571,1,-14.3,25206.4,57.0,833.3,14655,2000-12-19,economy
23:30:39,00:41:39,DIK97373,AI606,60120214,VU-81672-XC-871,2098.53,Fort Dodge,Waxahachie,False,2025-01-05,McDonnell Douglas MD-82,,Marya,Paraguay,R211PE,3778,0,-9.3,69438.8,69.0,945.3,28358,2003-09-20,economy
11:53:27,14:24:27,SDR97188,AI047,67224720,OF-02534-WF-236,6840.12,West Sacramento,Duluth,False,2024-07-04,Cessna 210 Centurion,,Virgil,Ghana,K609VW,757,4,-14.3,7281.6,81.0,521.4,6338,2001-11-11,economy
08:54:27,11:25:27,KWC12621,AI226,67463223,DH-79280-EK-853,7370.09,Bellwood,Dumont,False,2024-08-05,Embraer Phenom 100,,Celine,Venezuela,L716AP,5135,0,-8.7,69609.6,43.0,1158.4,44022,2007-10-27,economy
07:31:29,08:42:29,WET73433,AI914,61867211,ZQ-43342-FI-467,2614.42,Cabot,Mesquite,True,2024-11-29,Yakovlev Yak-40,385482TM,Romaine,South Africa,O001DP,800,7,-8.4,7408.0,34.0,510.7,6248,2004-01-05,economy
21:01:36,22:07:36,ZFQ02415,AI050,67827142,QN-42048-NA-187,3344.47,Olive Branch,Lafayette,True,2025-01-07,Yakovlev Yak-40,830463LQ,Garfield,Pakistan,Y203XA,4084,0,-6.2,68092.1,85.0,1397.8,24231,2005-01-18,economy
20:42:27,23:11:27,SNR25144,AI628,62770444,MH-81390-PD-123,5484.76,Southfield,Menlo Park,False,2025-02-07,Embraer RJ145,,Woodrow,Montserrat,H439QJ,3088,1,8.3,45204.8,82.0,926.9,26767,2001-12-15,economy
06:35:38,08:15:38,ICT89245,AI198,62580501,PG-87920-YY-435,3497.32,Olive Branch,Davis,False,2024-05-25,Diamond DA42,,Chance,Diego Garcia,M485DA,4145,0,7.0,63572.9,66.0,1238.5,26322,2006-09-25,economy
19:45:27,20:55:27,SIB14328,AI451,67275244,KI-63161-WU-630,5581.94,Crystal Lake,Marlborough,False,2024-05-13,Tecnam P96,,Teddy,Rwanda,M230EN,3339,0,-10.1,59531.4,16.0,929.6,28824,2005-12-29,economy
04:51:36,06:11:36,RAN58662,AI711,61874104,YF-16354-NS-756,4118.5,Calabasas,Donna,True,2024-11-11,Boeing 787-9,024434VC,Kristofer,Romania,R997SV,1397,5,-14.2,17977.8,75.0,829.2,17450,2001-03-04,economy
23:49:37,00:46:37,FEV27696,AI923,63150636,CI-48189-QU-260,5115.21,Chattanooga,Sunnyvale,True,2024-06-22,Fokker F27 Friendship,416923QW,Asuncion,Laos,G491BE,4181,0,-9.9,67592.0,82.0,1152.1,24052,2006-03-22,economy
08:45:37,10:48:37,ATH66475,AI673,63767128,HE-45163-CP-198,3636.88,Fort Worth,San Clemente,False,2024-12-22,Partenavia P.68,,Bradley,Colombia,Q112HU,1092,7,-1.9,12080.1,37.0,813.9,15299,1998-06-03,economy
02:42:36,04:51:36,YLI54244,AI690,67511793,MJ-76803-QU-428,7793.14,San Juan Capistrano,Bethany,False,2024-12-16,Douglas DC-9-20,,Milo,Samoa,W004EU,4168,1,9.1,66726.2,104.0,1283.7,26786,2008-08-20,economy
03:37:25,05:50:25,CVG90385,AI017,62271398,LF-36575-LE-522,3352.21,Pittsburg,Ogden,False,2025-03-02,Boeing 747-100 Freighter,,Jamee,North Korea,B630OY,3808,1,5.9,63970.5,85.0,979.6,28679,2007-01-17,economy
05:35:37,06:48:37,VXF35903,AI793,68981677,JH-89725-VG-465,1011.7,Pleasanton,Valdosta,True,2024-10-25,McDonnell Douglas MD-90,373324VX,Dagmar,Gambia,E365NU,986,3,-7.0,7337.8,38.0,577.7,7957,2009-03-31,economy
23:34:38,23:45:38,QGE38636,AI534,69659299,NH-03787-AD-782,2421.13,Muncie,Papillion,True,2024-06-09,Tecnam P96,583119IR,Broderick,Réunion,J531KH,5961,0,-7.6,63642.4,41.0,1357.8,43433,1999-04-06,economy
03:28:36,06:23:36,FBV51471,AI858,64318400,HW-41745-VP-215,5829.3,Warren,Middletown,True,2024-06-29,Convair Convair CV-600,676406GY,Cesar,Panama,T518BJ,2551,1,-7.4,23039.0,56.0,917.8,21715,2010-10-22,economy
03:51:29,06:14:29,IKI50562,AI140,61430151,ZM-70221-BI-521,3691.82,Chelsea,Cleburne,True,2024-09-09,Airbus A340-200,564715DP,Erminia,United States,L654TH,4488,1,-1.2,61101.5,61.0,1260.4,24346,2009-02-23,economy
16:44:39,17:22:39,JVM05745,AI027,64556979,QA-98042-CC-454,5392.17,Rahway,Arlington Heights,True,2024-06-19,Ilyushin IL96,410630WO,Genaro,Dominican Republic,W387JD,4538,0,7.7,58125.3,56.0,1076.5,28759,2003-12-09,economy
09:29:28,10:32:28,SGY14996,AI523,67869965,CK-91077-RT-173,5101.2,Desert Hot Springs,Safety Harbor,True,2024-11-05,Boeing 747-8I,146691VY,Homer,Macedonia,F473DO,1513,0,-8.5,26521.6,116.0,820.6,16865,2004-03-18,economy
09:05:39,11:16:39,NKX02544,AI857,61003650,KN-82989-PA-521,6574.36,Kennewick,East Lansing,False,2024-09-30,Embraer Legacy 450,,Izetta,Ghana,T560AZ,1499,5,9.9,12551.3,64.0,816.9,13503,2003-03-13,economy
09:17:25,10:26:25,JMQ12913,AI592,61312083,SF-57681-FG-147,4507.18,Tyler,Bangor,False,2024-09-10,Boeing 787-8,,Ermelinda,Taiwan,H361EH,4919,1,-9.0,64992.0,45.0,1015.9,26241,2000-12-03,economy
02:51:42,04:05:42,ZMA62503,AI887,60310032,KT-19762-BZ-172,3705.03,La Verne,Waynesboro,False,2024-05-28,Piper PA-31 Navajo,,Thomas,Slovakia,V405CY,3179,1,-13.5,52854.1,89.0,973.3,28777,2006-03-18,economy
08:49:33,11:10:33,XRV97009,AI607,69725963,UY-80346-RV-442,2913.06,Rock Springs,Moscow,False,2024-06-01,"\"Airbus A330-700 \"\"Beluga XL\"\"\"",,Brad,Czech Republic,K698WJ,2105,0,9.2,19033.1,119.0,927.4,15197,2004-04-10,economy
04:04:40,06:29:40,DQE79335,AI047,65709173,BH-68196-AI-705,3271.4,Kalamazoo,Baton Rouge,False,2024-05-31,Embraer Lineage 1000,,Robin,Sint Maarten,D562DU,5397,0,-13.7,60283.3,19.0,1020.9,38680,2005-08-24,economy
05:37:33,08:11:33,LNS64635,AI012,64988955,IA-21555-OQ-725,6471.18,Vineland,Woodstock,False,2024-12-25,Boeing 767-200,,Ulysses,Ceuta & Melilla,G795CE,3440,1,5.9,68872.6,30.0,935.2,26697,2008-06-30,economy
23:48:31,00:25:31,ODF86418,AI228,66722477,IM-63600-GO-102,680.32,Yakima,Burton,False,2024-11-23,Fairchild Dornier Do.228,,Jonelle,Macedonia,F731BY,4253,1,-14.9,65050.2,97.0,1157.4,29134,2008-02-24,economy
05:14:30,05:32:30,CZI51225,AI603,68591964,CT-06870-FS-298,6031.47,Chicopee,Colorado Springs,True,2025-02-03,Convair Convair CV-640,571605MP,Ted,Sri Lanka,H141CW,5510,1,-12.5,68372.6,97.0,1334.0,42598,2003-12-19,economy
12:04:29,12:58:29,GGW35264,AI425,67233051,DS-21276-EJ-610,7984.59,Mason City,Livermore,False,2024-08-15,Embraer EMB 110 Bandeirante,,Daron,Czech Republic,N397EK,1413,7,-11.5,14480.7,66.0,840.0,15661,2003-12-28,economy
06:03:27,08:06:27,RFC69856,AI924,67971701,AK-64089-VI-954,7768.05,Gurnee,Boulder,False,2024-09-05,Canadair Regional Jet 200,,Crystle,Oman,Z608IS,802,3,-10.8,7464.5,105.0,653.3,7609,1998-01-30,economy
08:22:27,09:11:27,HRZ72326,AI823,61167979,TF-72269-LT-485,7205.92,Texarkana,Ocean Springs,False,2025-03-02,Airbus A330-300,,Joey,Nigeria,X618TN,3356,1,-6.9,59593.7,116.0,997.9,28459,2007-11-28,economy
10:17:30,12:22:30,QRG04695,AI825,65700995,RB-93411-SW-632,7391.17,Neenah,Caledonia,True,2024-10-20,Boeing 777-200ER,935985UI,Yun,Kazakhstan,O307DI,2409,1,-1.7,18648.9,51.0,940.0,15219,2009-04-19,economy
14:25:32,16:14:32,SQN92578,AI722,69692264,PD-12607-UM-458,2517.36,West New York,Mobile,False,2024-07-10,BAe 146-200,,Dennise,Djibouti,S378SW,521,6,3.7,7000.5,105.0,533.0,5527,2000-07-22,economy
21:49:34,23:16:34,IHC10893,AI567,65556818,EK-70780-HS-735,5646.2,Hinesville,Folsom,False,2024-06-11,Boeing 747-100,,Chung,Mali,H848DB,877,3,-5.3,7090.9,61.0,746.2,7258,1999-11-12,economy
04:43:39,06:53:39,SDN54593,AI011,66293381,JZ-61954-GL-523,1803.31,Hickory,Beckley,True,2025-01-09,Cessna Citation I,017168OE,Stan,Cook Islands,J596GC,6282,0,-6.0,66906.9,90.0,1715.7,59132,2005-06-05,economy
09:53:25,12:38:25,DVX13714,AI246,69140838,HG-02521-LD-566,6297.54,North Miami Beach,Missouri City,False,2025-02-19,Pilatus PC-6 Turbo Porter,,Elmo,South Sudan,A276VN,1328,8,-12.7,13927.4,89.0,809.3,15962,1998-12-19,economy
07:42:27,09:49:27,PAV22650,AI386,65055813,RM-93142-QY-213,4810.92,Prichard,Cottonwood Heights,False,2024-08-25,Embraer Phenom 100,,Normand,Gibraltar,B194CH,3963,0,-9.5,62614.7,93.0,979.6,28710,2009-11-08,economy
12:51:30,15:51:30,RSM20208,AI491,63981840,RC-87077-FA-647,2154.0,Wentzville,Natchez,False,2024-08-13,Embraer Praetor 600,,Percy,Equatorial Guinea,J372UI,4922,1,8.1,62910.3,93.0,1151.7,27749,2003-10-07,economy
20:19:39,21:02:39,VGJ77334,AI697,67253463,LM-54348-GL-112,3508.16,Sevierville,Antioch,False,2024-12-24,Boeing 767-200,,Junior,Dominica,X382OP,4182,1,-11.6,67674.6,82.0,1176.3,26754,2009-10-30,economy
01:20:36,03:49:36,FDU33739,AI843,62552333,WS-07873-WT-044,4171.95,Indianapolis,Santa Clarita,True,2024-10-08,Airbus A321,966860SB,Jeanett,Brazil,Q155ZJ,6486,1,-13.0,63496.9,111.0,1268.4,54409,2008-11-26,economy
06:16:24,06:41:24,ESS52372,AI680,65440132,DU-70507-RC-805,2139.79,Dublin,Anderson,False,2024-10-08,Pilatus PC-6 Turbo Porter,,Willis,Canary Islands,I847RJ,4042,1,-6.9,59582.2,54.0,1004.2,27323,2010-04-14,economy
03:42:42,04:57:42,REZ14250,AI764,61593449,BQ-43528-SF-558,1000.64,Oakdale,Rome,False,2025-01-16,Douglas DC-8-62,,Gary,South Georgia & South Sandwich Islands,L227OX,4045,0,5.5,64715.7,32.0,1130.6,26228,2009-04-28,economy
11:35:35,12:31:35,GYK86982,AI163,65272864,BX-27711-GX-684,3926.06,Lake Zurich,Portage,True,2024-12-19,McDonnell Douglas MD-11F,556050OW,Buster,India,C629WN,4336,1,-8.6,66523.2,120.0,1151.0,24127,2002-06-12,economy
02:08:37,02:46:37,QDK85994,AI847,61584047,TV-93674-KC-228,4650.88,Shakopee,Trotwood,False,2024-08-18,Sukhoi Superjet 100-95,,Rex,Dominican Republic,B147GP,3583,1,7.3,57766.7,87.0,960.4,29887,2000-08-09,economy
21:46:37,23:10:37,OQQ97660,AI451,62037272,IM-27342-BR-163,6716.55,Park Ridge,New Bern,True,2024-08-13,McDonnell Douglas MD-11F,423017JJ,Preston,Egypt,X615AV,4682,1,-6.9,60448.5,79.0,1305.1,24468,1999-03-14,economy
10:50:41,11:50:41,KQN45781,AI561,63631286,RJ-67323-WV-799,7385.01,North Platte,Torrance,True,2024-07-20,Embraer RJ145,288620OE,Shavonne,Ukraine,S826VN,4782,0,7.4,67223.7,120.0,1066.8,28381,1998-06-11,economy
12:38:41,14:53:41,RDH72467,AI705,68802740,JP-30847-WI-581,1505.51,Fullerton,Federal Way,True,2024-06-03,Cessna 162,670336BV,Israel,Montenegro,Y232VT,2768,1,-5.2,24840.0,19.0,945.0,26051,2001-04-13,economy
01:23:34,02:10:34,LAA56042,AI414,63320410,YT-31368-AF-393,7928.78,Reno,Grapevine,True,2024-11-20,Piper PA-46,067579UB,Maurice,Malta,H559OU,5918,0,-11.1,55439.0,96.0,1190.3,45095,2003-07-25,economy
20:39:37,22:15:37,RRN10521,AI801,65932025,WS-69277-ZC-250,969.32,Baldwin,Eagle,False,2024-06-23,Douglas DC-6,,Camie,Serbia,U130OB,2987,1,-6.8,23688.0,81.0,919.1,27837,2001-05-14,economy
03:48:32,06:06:32,CAS93627,AI887,64969220,SR-23024-VL-376,7348.67,Cicero,Compton,True,2025-02-12,Boeing 737-900,443191MQ,Meda,Uruguay,R233KL,597,3,-14.1,7362.9,87.0,590.2,6206,2007-09-19,economy
09:07:36,11:59:36,HZY42198,AI910,67220857,CD-68645-JF-082,5463.26,Haverhill,Darien,True,2024-09-19,Fokker 70,018124TS,Fransisca,Australia,O768OS,6017,1,-10.4,69254.7,96.0,1390.7,54977,2002-06-15,economy
03:02:27,05:17:27,XBQ47247,AI455,68331171,CM-72262-JX-974,6479.63,Shelton,North Ogden,True,2024-08-17,Gulfstream IV,335294OI,Lucius,Djibouti,K328JJ,5720,1,2.8,61765.0,59.0,1386.4,45408,2005-06-13,economy
01:41:27,01:51:27,MHE48791,AI292,67575778,YL-40067-FA-557,6136.95,West Valley City,Arroyo Grande,False,2024-06-05,Beechcraft 1900,,Maryam,Nauru,D313XA,4463,0,4.0,66957.8,65.0,1004.5,26678,2008-09-03,economy
02:54:40,04:21:40,DQP42709,AI259,67228092,OX-76642-YD-584,6150.87,Sandy Springs,Crystal,False,2024-09-28,Boeing 767-400ER,,Monroe,Jersey,H509JE,3242,0,-9.7,48401.7,56.0,935.4,27799,2007-01-30,economy
19:06:34,20:36:34,JDO49188,AI949,68452735,NJ-84784-AC-825,4008.35,Pawtucket,Flint,True,2024-10-19,Tecnam P92 Echo,365271UC,Fredrick,Niger,E592FH,6431,0,-12.6,66133.5,28.0,1629.4,50012,2003-12-27,economy
07:59:38,08:39:38,HTR71845,AI891,60842200,DR-62465-AY-113,5950.04,San Angelo,Rolla,False,2025-01-31,Concorde,,Alessandra,Guinea-Bissau,K978NC,1582,1,-0.1,20789.1,19.0,845.1,13043,2003-11-15,economy
00:53:29,01:45:29,RYD57623,AI954,66345028,RV-04843-IO-429,7189.8,Elmwood Park,Ferguson,True,2024-06-20,Bombardier Global Express,214799IH,Evelyne,Congo - Brazzaville,R157VC,995,3,-14.7,7058.9,36.0,521.1,5420,2008-10-22,economy
02:44:40,03:10:40,PFE92865,AI832,65057706,QL-47235-KW-797,3160.01,Duncan,Bolingbrook,False,2025-03-05,De Havilland Canada DHC-4 Caribou,,Fabian,Gibraltar,W870TS,2382,0,9.4,18921.8,73.0,915.2,16144,2007-09-21,economy
01:49:29,02:44:29,UYG88642,AI538,67873211,NU-43615-VG-908,6711.95,Westbrook,Salt Lake City,True,2024-11-23,Airbus A300C4,970051AO,Victor,Iraq,U750KB,5259,1,-9.3,63818.4,117.0,1119.7,44942,2002-06-18,economy
04:51:43,06:45:43,ZGM31317,AI755,61785366,BZ-99263-XE-823,6215.77,Homer Glen,Cary,True,2024-10-18,Tupolev Tu-214,678636WS,Chau,Ethiopia,G569CG,2377,0,8.7,18765.8,47.0,903.4,18168,2007-04-03,economy
23:08:29,01:18:29,BJL58231,AI159,66359723,GO-80749-OG-329,4128.38,Clearfield,Fairfield,True,2024-12-19,McDonnell Douglas MD-11F,781616GY,Penni,Czech Republic,Z379UI,6499,0,-6.8,62714.6,57.0,1691.6,53672,2002-07-31,economy
08:55:37,10:39:37,DAI10623,AI651,69525772,CA-87160-ST-656,7642.74,Laredo,Coon Rapids,False,2024-11-12,Embraer Lineage 1000,,Darnell,Timor-Leste,B620KI,2246,1,-13.5,18046.2,112.0,942.4,17793,2000-01-27,economy
20:55:27,22:52:27,PXN21668,AI365,69451661,CJ-70991-ZJ-307,3689.39,Emporia,Carson City,True,2024-09-10,Gulfstream/Rockwell (Aero) Turbo Commander,003762WY,Darren,Estonia,G948GK,1113,7,-11.5,16659.1,21.0,839.0,15382,2006-08-05,economy
23:25:35,00:17:35,MXT07925,AI644,68006595,LS-73524-FY-130,7921.63,Carson,Evans,False,2024-07-20,De Havilland Canada DHC-6 Twin Otter,,Stan,Diego Garcia,H171VU,3494,0,-2.0,59090.3,28.0,974.9,27805,2000-01-17,economy
12:11:39,14:26:39,NJC56071,AI007,61346890,KO-30518-AJ-500,664.04,Riverside,Forest Lake,False,2025-01-29,Boeing 767-200,,Herschel,Belgium,L240VM,5472,0,-7.6,58091.7,79.0,1022.5,36678,2003-11-07,economy
03:13:37,04:43:37,VBX25537,AI035,67838909,ZR-72922-HK-734,5323.77,Mount Vernon,Chapel Hill,False,2025-01-19,De Havilland Canada DHC-2 Turbo-Beaver,,Curt,Andorra,B983AC,2604,0,-8.9,23918.5,63.0,919.1,19398,2008-10-14,economy
10:44:38,12:33:38,IHP81361,AI221,61322211,IJ-21140-KD-149,4144.52,Troy,Elgin,True,2024-09-21,Aquila A 210,007586XC,Henry,Curaçao,J481OJ,5710,1,-9.4,60629.0,15.0,1337.7,45663,2005-11-28,economy
19:17:37,22:11:37,GPG87371,AI088,60039539,NK-16325-BI-847,5786.39,Arroyo Grande,Syracuse,True,2024-05-27,Airbus A330-300,091109RR,Luetta,Cocos,C059CO,3278,1,-7.5,64996.9,85.0,992.9,27909,1999-10-12,economy
17:45:27,18:30:27,CZR38484,AI017,63650860,EC-05147-WY-806,2507.32,University Place,Glenview,True,2024-05-24,Airbus A318,772558VY,Antonia,Brunei,Q206GV,4033,0,0.5,59556.0,57.0,1367.7,28615,2004-08-21,economy
01:08:39,02:13:39,WRY67646,AI716,63342446,PA-03866-KX-437,1148.62,Galt,East Orange,True,2024-07-02,Douglas DC-10-10,021123XE,Marlana,Ethiopia,Q931XN,842,5,-12.1,7484.1,62.0,697.4,6129,2007-02-23,economy
00:04:40,02:04:40,RHU85965,AI629,64400849,CA-24719-HE-940,1635.72,Visalia,Lake Havasu City,False,2024-09-01,Embraer Praetor 500,,Derek,Samoa,D590OI,4659,0,-6.9,61026.3,59.0,1214.4,25803,2001-04-29,economy
18:06:25,18:45:25,BXO27035,AI569,67407045,MF-30565-GZ-255,5591.86,Pekin,Lawndale,True,2025-01-14,Gulfstream/Rockwell (Aero) Commander,115762AF,Lavonna,Equatorial Guinea,Q881CU,1983,1,-13.9,16115.6,78.0,845.1,15124,2001-01-28,economy
14:36:30,15:00:30,TIA87254,AI913,62383337,OG-55533-LJ-117,5465.21,La Verne,Barnstable Town,False,2024-12-10,Ilyushin IL18,,Donnie,Malawi,A695TL,3034,0,-8.9,49229.0,89.0,927.5,25077,2001-07-07,economy
09:22:40,10:12:40,PAE09504,AI016,66288527,NA-83576-DN-996,4098.74,Reedley,Royal Palm Beach,False,2024-12-11,Pilatus PC-12,,Beula,Mozambique,E457KU,2546,0,0.7,23779.4,49.0,913.0,21558,2004-06-21,economy
19:39:34,20:46:34,GIZ90901,AI728,62757224,MK-78283-EM-498,5896.95,Reedley,Kaysville,True,2024-12-07,Douglas DC-8-62,885511PU,Cedric,Bulgaria,W093NR,3243,0,-2.0,59505.9,91.0,961.4,27389,2004-01-03,economy
21:07:28,00:00:28,VRC96722,AI450,63788993,AH-03141-YB-501,698.29,Kent,Tiffin,False,2024-11-20,Embraer Lineage 1000,,Casimira,Niue,S503PO,5786,0,3.5,63268.9,45.0,1297.6,47318,2010-09-08,economy
23:54:37,01:18:37,MPX39278,AI444,63623019,WS-33500-WJ-244,2763.63,Newnan,Englewood,True,2024-06-17,Pipistrel Sinus,339126PA,Jospeh,Turkey,B253TT,1698,1,-13.6,29917.3,47.0,841.8,10341,2002-05-29,economy
21:42:41,22:05:41,FNO50755,AI457,68099354,PE-39916-VM-909,5870.57,Converse,Northfield,False,2025-01-30,Cessna Citation Excel,,Carylon,U.S. Virgin Islands,K619YV,2094,1,-9.4,18898.9,78.0,946.4,17378,2009-04-03,economy
14:23:35,16:24:35,FQL31973,AI562,68995108,ZL-09223-JU-929,4194.34,Peabody,Gilbert,False,2024-12-20,Junkers Ju 52/3M,,Ezequiel,Palestinian Territories,K937CQ,3175,1,-6.9,56996.1,58.0,917.2,29938,2010-01-31,economy
04:06:26,05:24:26,OMS76070,AI543,61547170,JK-80128-FP-489,5238.29,North Ridgeville,Roanoke,False,2025-02-28,Shorts SD.360,,Jude,Central African Republic,Q884JZ,704,2,-9.4,7195.4,41.0,674.7,5452,2002-08-12,economy
13:11:40,16:06:40,WAL22228,AI898,64129269,MD-83527-BP-396,7412.82,Durant,Calabasas,False,2025-03-08,British Aerospace Jetstream 32,,Alphonse,Guadeloupe,X031VE,1920,1,-12.1,16630.8,23.0,839.6,17482,2007-01-24,economy
05:32:36,08:00:36,WME15889,AI484,60540777,SB-95332-OF-398,5104.46,McMinnville,Cocoa,True,2024-09-28,Airbus A340-600,310158JH,Gordon,Maldives,E904AX,4809,0,9.5,58480.4,46.0,1205.8,28927,1998-01-22,economy
23:08:38,01:33:38,RIG85257,AI436,69291318,BX-69414-VO-219,789.69,Sulphur,Euclid,False,2024-07-27,De Havilland Canada DHC-8-400 Dash 8Q,,Weldon,Barbados,T882MW,5953,0,-14.9,56793.3,82.0,1214.5,43737,2010-01-21,economy
13:12:26,15:57:26,ZUY58168,AI253,60848633,TE-55690-AE-229,7973.9,Tulsa,Pontiac,False,2024-09-19,Antonov AN-124 Ruslan,,Edyth,U.S. Virgin Islands,I545FO,1132,7,-10.2,12280.9,61.0,839.9,10808,2006-03-15,economy
12:08:27,12:57:27,XWJ20128,AI575,64576230,JE-54416-JV-145,3429.35,Yorba Linda,Goldsboro,False,2024-06-23,Partenavia P.68,,Bradly,St. Kitts & Nevis,D194TT,2377,1,5.6,18595.7,116.0,947.4,15901,2010-04-01,economy
17:04:38,17:36:38,CKE65035,AI243,63400127,XU-05914-DB-840,4346.54,Morristown,Perth Amboy,True,2025-01-26,Boeing 747-100,409689ZO,Tanner,South Africa,S291AC,905,7,8.4,7430.3,17.0,559.9,6909,1998-11-03,economy
21:46:34,00:11:34,JFP32075,AI544,62729564,MV-30923-UV-005,3376.59,La Porte,Doral,False,2024-06-22,Convair Convair CV-600,,Jerome,Bahrain,J365AF,3306,0,-7.2,68256.8,29.0,929.9,28415,2004-07-02,economy
10:46:37,12:48:37,MZP70345,AI310,63180686,MH-10026-AD-556,921.52,Vista,Rockville Centre,True,2024-12-14,Boeing 747-400M,505442FN,Branda,Chile,G877NW,2233,1,0.6,18628.8,57.0,906.7,16673,2004-10-08,economy
01:50:24,03:09:24,RKO13869,AI812,60429186,BT-26224-NE-157,3581.57,Muscatine,Puyallup,False,2024-10-29,BAe 146-200,,September,Italy,L182AF,4046,0,-14.4,65403.6,113.0,1157.9,29858,2008-08-16,economy
19:18:30,21:58:30,OWT62749,AI010,64210674,PR-45387-XC-571,3779.89,Scranton,Urbana,True,2025-02-09,Douglas DC-10-10,725071HK,Laronda,Papua New Guinea,B492DF,758,2,3.8,7404.5,46.0,629.0,6728,2005-01-08,economy
17:47:31,19:53:31,EJE94567,AI584,68944721,RA-47534-VH-500,1408.63,Port Orange,Thomasville,True,2025-03-07,Learjet C-21A,615930ZY,Brad,Cook Islands,P147KO,1624,1,-9.3,21029.2,26.0,817.4,14815,1998-11-17,economy
13:05:38,15:40:38,SVV37618,AI327,60902479,ZC-97783-JD-994,2223.93,Berwyn,East Cleveland,True,2024-07-02,Douglas DC-6,607076GJ,Hobert,Sudan,P929UQ,3167,1,-13.9,53789.2,52.0,921.3,25587,2006-07-29,economy
05:29:28,06:10:28,ZNI69050,AI291,65358336,HY-85628-AN-652,3136.27,Elk Grove,Goldsboro,True,2025-02-13,Antonov AN-26,053204TU,Ria,Curaçao,W546YQ,4603,1,-6.7,67755.4,52.0,1369.0,25296,2008-05-03,economy
21:07:42,22:28:42,WKW09243,AI448,64050175,AV-64131-HY-581,7665.74,Loveland,Sugar Hill,False,2024-11-08,Boeing 727-100,,Evia,France,D148VW,992,5,-12.0,7426.9,90.0,625.7,5948,2003-12-12,economy
16:30:29,18:34:29,TFR42767,AI371,69676251,XF-04234-MZ-274,1627.68,North Miami Beach,Marshfield,True,2025-01-09,British Aerospace ATP,955043HO,Wilfredo,Israel,R270XP,2032,0,-5.9,19082.2,91.0,933.8,19541,2008-12-17,economy
08:21:30,10:23:30,REC43451,AI208,65027151,NQ-38237-LJ-867,5068.4,Edina,Saginaw,True,2024-07-23,Boeing 777-200 Freighter,432600KL,Jayna,Czech Republic,R926HW,5881,0,-9.5,61004.7,37.0,1184.3,44285,2002-05-27,economy
09:55:35,10:19:35,SAB08747,AI313,63921643,RG-53225-YM-374,7501.45,Mukilteo,Rolling Meadows,True,2024-08-07,Cessna Citation CJ2,074797IZ,Alfonso,Morocco,N811HF,5470,1,2.3,64162.9,109.0,1089.4,35612,2003-11-29,economy
15:43:30,16:49:30,YYC17580,AI761,61335033,JD-70929-DV-527,6986.94,Burlingame,Newport,True,2024-05-28,Douglas DC-9-50,994832AE,Ariel,Iran,N338ND,6029,0,-7.6,55297.0,84.0,1587.5,57154,2008-07-15,economy
10:45:28,11:34:28,FED71260,AI966,67228344,IE-00582-YL-239,5699.22,Inver Grove Heights,Perrysburg,True,2024-05-13,Piper PA-28,329738OC,Lyman,Argentina,X273BF,5886,1,-14.4,69999.5,40.0,1015.9,42740,2002-05-10,economy
01:02:39,03:38:39,YEI53196,AI552,61923998,NS-77263-VH-612,3081.27,Crest Hill,Goodlettsville,False,2025-01-25,McDonnell Douglas MD-11F,,Telma,Saudi Arabia,K203BP,2822,1,-11.3,23597.7,87.0,915.8,26011,2006-01-23,economy
02:33:30,04:52:30,UNP51836,AI216,67722928,KU-41603-DS-466,5660.93,Burien,West Lafayette,False,2025-02-01,Embraer EMB 110 Bandeirante,,Ricardo,Indonesia,V481CA,1841,0,-8.1,24626.6,38.0,802.7,11127,2007-03-26,economy
10:59:26,13:49:26,AXL78028,AI575,68976865,FV-16133-LX-457,5176.36,Cambridge,Delray Beach,True,2024-12-16,Boeing 747-200M,082912HA,Wally,Tuvalu,E850ME,1295,6,-14.5,12125.2,119.0,835.9,12610,2007-05-23,economy
05:43:27,07:22:27,INT02269,AI053,61587137,IZ-05644-WU-824,5854.54,McMinnville,Manassas,True,2024-05-24,Douglas DC-9-10,459822SG,Bruce,Benin,D183DG,4542,1,4.9,63403.7,38.0,1221.9,27908,2008-03-29,economy
04:01:43,04:47:43,HJN05408,AI353,65314007,TA-76637-VP-095,3510.64,Bartlesville,Eagle,False,2024-12-07,Convair Convair CV-600,,Kelley,Pitcairn Islands,X640VY,5634,1,-8.1,55653.1,45.0,1281.2,44077,2001-10-27,economy
22:51:29,23:38:29,VZN68823,AI413,64072161,LQ-85878-JB-408,7437.96,Oro Valley,Kentwood,False,2024-09-23,Fokker 50,,Sammy,Marshall Islands,F279GX,864,4,-5.4,7274.4,87.0,500.5,6358,2007-03-27,economy
16:19:25,19:10:25,BRM39321,AI312,62180621,OM-64761-CW-446,2271.93,Harrisburg,Coronado,True,2024-10-27,Pilatus Britten-Norman BN-2A Mk III Trislander,433681CJ,Genaro,Romania,P186MT,590,5,0.6,7155.2,84.0,512.3,5782,2010-06-07,economy
23:31:32,02:04:32,NQY13292,AI919,62748295,DG-34013-RL-363,5940.54,Goodyear,Eureka,False,2025-01-20,Airbus A340-300,,Lenita,Moldova,K123IX,5911,0,9.8,64074.3,27.0,1226.4,40684,2007-01-13,economy
02:23:30,03:19:30,DBR05621,AI881,68220083,TU-18231-CK-570,6191.47,Lake Zurich,Bellwood,True,2024-10-10,Airbus A350-1000,349607JA,Val,French Southern Territories,X522CM,6207,1,-7.8,59526.5,81.0,1478.2,53143,1998-01-26,economy
22:12:30,23:26:30,HSD85252,AI034,69212094,FV-40034-CY-053,7759.18,Sandy Springs,Frisco,True,2024-12-28,Boeing 747-200F,029989LM,Jeffrey,Guam,V617AZ,2771,1,-0.5,22970.4,70.0,920.9,20464,2004-07-29,economy
10:11:26,12:53:26,HML10533,AI388,64527849,BO-20588-XV-945,3969.97,Slidell,Kannapolis,False,2024-11-23,Antonov AN-24,,Chauncey,Suriname,L432GL,4919,0,-12.7,66937.1,53.0,1142.2,24258,2000-02-23,economy
11:47:27,12:02:27,MZV56237,AI431,62566741,XW-74289-FZ-784,5031.51,New Brunswick,High Point,False,2024-06-07,Canadair Regional Jet 1000,,Ray,Hong Kong SAR China,U268HT,3411,1,-11.7,61622.7,65.0,916.8,29656,1998-02-11,economy
19:13:31,22:05:31,FOX70445,AI664,69637854,NR-87831-WK-295,5947.68,Pico Rivera,Annapolis,False,2024-09-26,McDonnell Douglas MD-82,,Chere,Sint Maarten,J542ZF,3744,1,-6.9,56128.7,38.0,918.4,27812,2010-08-28,economy
17:05:34,19:21:34,KKM82391,AI528,66827011,ES-87266-MW-736,2935.97,Greenfield,Indianapolis,False,2025-02-07,Boeing 737-700,,Brain,Thailand,A441ZE,5792,0,-13.7,62357.9,90.0,1150.2,41002,2003-05-02,economy
01:39:41,02:05:41,SIZ08156,AI091,60959381,FD-51372-YY-289,3543.36,Hazelwood,San Luis Obispo,False,2024-05-31,Boeing 777-200 Freighter,,Lane,Diego Garcia,P382VF,1563,1,-10.8,20010.0,103.0,838.1,10799,1998-07-17,economy
06:33:42,08:50:42,VGX96657,AI748,69434806,CT-23383-VQ-730,5078.55,Shreveport,Carbondale,False,2024-10-01,Canadair Regional Jet 550,,Cinderella,Vietnam,N820MY,2262,0,-7.9,18617.1,19.0,924.1,15525,2010-08-20,economy
00:25:42,01:41:42,UGU98758,AI266,68516045,QD-42288-KR-253,5447.75,Melbourne,Wichita Falls,False,2024-09-20,Airbus A310-300,,Joana,Svalbard & Jan Mayen,C486DX,3279,1,5.1,64705.6,102.0,903.0,28622,2010-05-18,economy
15:38:29,16:25:29,JLN35390,AI998,68084688,LK-74155-CG-603,2428.29,Lodi,Wylie,False,2024-06-08,Airbus A340-300,,Season,Brazil,O876NH,5013,0,-13.3,60742.5,22.0,1128.4,41819,2007-08-06,economy
03:34:30,04:05:30,XQP09447,AI939,65087642,CH-21095-FN-923,1870.8,Selma,Glendora,True,2024-10-28,McDonnell Douglas MD-11,301019EF,Gwenda,Nicaragua,P339DS,1273,3,-9.6,12067.1,35.0,843.6,16877,2008-01-25,economy
17:09:29,20:05:29,EEL53895,AI927,65537703,MB-76846-TO-709,5488.82,Evanston,Hurst,False,2024-05-17,Boeing 737-600,,Carmelo,Central African Republic,I900AP,5166,0,-1.0,59793.4,69.0,1015.3,42655,2002-02-11,economy
03:09:38,06:03:38,PMV68567,AI174,61394371,JJ-66199-YJ-302,4838.38,Owatonna,Miami,True,2024-05-31,Canadair Regional Jet 700,613172IU,Deloras,Albania,W837WT,1996,1,-8.9,18440.5,90.0,813.1,13118,2000-02-15,economy
06:13:32,09:10:32,GGX65311,AI889,63119773,YF-20188-UD-019,1392.84,Douglasville,Friendswood,False,2024-10-22,Gulfstream G280,,Claude,Gambia,C713MS,547,8,-5.2,7462.6,80.0,534.2,7457,2009-12-05,economy
10:53:26,13:00:26,MEF83041,AI878,69076738,AI-14258-PI-243,4243.42,Niagara Falls,Orlando,True,2025-01-20,Airbus A350-900,335685DJ,Isidro,Tuvalu,P916IU,5976,0,-12.9,69520.5,109.0,1178.8,45203,2010-06-06,economy
05:22:38,07:33:38,OFM25041,AI146,69571625,YM-27572-VC-193,5458.25,Rock Island,Loma Linda,False,2025-03-01,Douglas DC-8-50,,Regine,Jersey,V417CH,779,4,-12.8,7138.4,32.0,740.0,5693,2005-10-19,economy
04:44:33,06:01:33,HJY15916,AI140,63892865,IE-86631-QP-676,7004.88,Searcy,Bethlehem,False,2024-06-02,Cessna 162,,Anibal,Cayman Islands,C912US,2620,1,-11.2,23764.0,32.0,922.2,21522,2005-08-24,economy
12:26:25,14:00:25,SPO65963,AI327,61233796,KA-18295-LK-747,7581.66,Hilton Head Island,Steubenville,True,2024-09-04,Tecnam P92 Eaglet,272721UY,Refugia,Israel,G088NN,3553,0,-10.2,66748.7,117.0,956.4,29890,1999-01-13,economy
05:11:36,07:03:36,JRF95871,AI229,65598165,JU-73377-OC-884,3454.98,Santa Clara,New Bedford,True,2024-12-05,Cessna 182 Skylane,581719YZ,Bethanie,Christmas Island,T121ES,4416,0,5.0,65054.2,37.0,1053.1,30880,2000-06-01,economy
16:23:33,16:48:33,XGF84628,AI254,65020743,UR-88124-FX-770,4699.67,LaGrange,Beaumont,True,2024-10-31,Fairchild Dornier Do.328,835884LA,Fletcher,Samoa,R287LK,633,8,-8.2,7200.8,35.0,629.8,7904,2003-08-06,economy
12:43:27,13:17:27,KAP93910,AI920,62339058,YD-64234-ZD-745,3484.86,Mountlake Terrace,Abilene,False,2025-02-28,Tecnam P2008,,Sheba,Djibouti,J476UE,6089,1,-1.3,55040.1,39.0,1486.7,54539,2009-01-15,economy
16:00:26,18:11:26,PLU06841,AI993,63475109,WI-61730-ED-248,5314.29,Plymouth,Ellensburg,False,2025-03-07,"\"Airbus A330-700 \"\"Beluga XL\"\"\"",,Etha,Samoa,X980AT,5180,0,-7.7,65978.8,70.0,1090.2,43811,2004-01-22,economy
00:54:40,01:26:40,GXM23870,AI776,65949621,DH-24534-VB-172,1786.98,South San Francisco,Natchez,True,2024-11-19,De Havilland Canada DHC-8-300 Dash 8,854186OT,Leonore,Bahrain,R476HX,2111,0,-8.1,18960.7,21.0,910.1,15660,2004-08-09,economy
06:26:29,06:42:29,YAI50626,AI726,60337352,SZ-44999-KT-383,4435.19,Gainesville,Pleasantville,True,2024-05-13,Piaggio P.180 Avanti,568047DN,Eric,Liechtenstein,I520BO,4536,0,-7.2,69723.2,74.0,1249.5,28387,2008-05-03,economy
11:28:26,13:42:26,QBD24315,AI184,62454875,FO-63412-YK-455,2653.96,Homer Glen,Lakeville,True,2024-11-27,Airbus A330-900neo,056082RJ,Desmond,Mozambique,S643GM,1773,1,8.6,24247.1,31.0,831.7,10063,2002-04-09,economy
12:28:26,14:05:26,NHF17584,AI176,66293097,MW-25907-ZI-252,6621.62,Dothan,Waterloo,False,2025-02-26,Embraer Lineage 1000,,Elfrieda,Monaco,H427IV,1152,7,6.2,16729.6,19.0,831.8,14876,1999-06-17,economy
06:48:24,09:45:24,EDE27391,AI382,66346397,SX-09662-ND-053,662.98,Coachella,Vancouver,True,2024-05-17,Airbus A321neo,273811GP,Harmony,Western Sahara,P923KE,2398,1,-14.5,19786.8,23.0,924.2,17243,2002-10-26,economy
09:30:34,10:07:34,CRN94595,AI212,69288860,AZ-18467-ZU-413,1558.59,Tallmadge,Midwest City,True,2025-02-13,Douglas DC-9-20,286213HD,Emilio,Cayman Islands,U865BY,3269,1,-14.2,64351.3,35.0,948.4,26961,2009-11-20,economy
20:47:41,23:12:41,KEB38647,AI003,69157419,IQ-57193-UY-991,1373.04,Miami Beach,Auburn,False,2024-12-09,Cessna Citation I,,Shyla,Greece,E806CI,2667,1,-1.2,23728.3,24.0,944.9,24932,2010-12-05,economy
05:31:37,08:15:37,DCL67198,AI481,63168976,FY-80324-CJ-464,6007.12,Euless,Austin,True,2024-09-15,Cessna Citation Mustang,337181KI,Trevor,St. Lucia,P628SF,5385,1,-1.9,58866.3,87.0,1376.7,43749,2001-04-17,economy
12:48:28,15:34:28,QBM76937,AI736,61693185,XU-65128-SZ-903,7897.85,Issaquah,Midland,True,2025-01-10,Ilyushin IL96,937621IU,Tarah,U.S. Outlying Islands,G455EN,4735,1,-8.4,64870.8,65.0,1191.2,28384,2010-07-10,economy
06:40:40,07:22:40,VGL05155,AI524,60954512,HQ-28117-TV-150,7400.55,Rosemount,Chowchilla,True,2024-08-11,British Aerospace Jetstream 32,112863QM,Vinita,British Indian Ocean Territory,D117RL,4055,1,5.6,59901.6,19.0,1111.8,25406,2001-12-22,economy
23:41:32,00:33:32,THY20880,AI266,66855137,MX-01403-GB-935,1349.55,Albuquerque,Grandview,True,2024-09-06,Boeing 727-100,150109YK,Junior,Colombia,R918XM,6109,1,-14.2,56476.0,77.0,1773.1,55089,2000-03-18,economy
00:39:34,03:36:34,VPJ75592,AI647,64446300,GE-31926-OF-995,5673.65,Arcadia,Ocean Springs,False,2025-03-07,Lockheed L-1011 Tristar,,Sanora,St. Vincent & Grenadines,Q750ED,1773,0,5.3,23395.5,101.0,803.5,17667,2010-05-31,economy
06:11:25,07:12:25,JGT02423,AI191,69143649,JG-86642-YH-676,3869.64,Mustang,Texas City,False,2024-10-06,Tecnam P2006T,,Francis,Wallis & Futuna,I465PX,4869,0,-13.9,58001.3,57.0,1043.8,26817,2006-09-19,economy
09:52:43,11:09:43,PNV67051,AI860,64882695,ZR-17271-XG-648,3784.98,College Station,Rock Hill,False,2025-02-20,Embraer RJ140,,Lorina,Russia,K955LN,4736,1,-11.3,62894.3,23.0,1029.5,28722,2000-06-28,economy
07:21:42,08:24:42,SBJ91654,AI184,69622126,DG-68969-KE-301,678.39,University City,Lubbock,False,2025-02-17,Learjet 36,,Jeffery,North Korea,Q994XW,1455,6,-7.0,15823.6,46.0,847.5,17960,2008-05-21,economy
12:09:27,12:40:27,ECG27617,AI902,61983943,AW-45699-GW-457,1450.17,Hamtramck,Wichita Falls,False,2024-06-19,Antonov AN-12,,Cheryll,Barbados,K810JC,637,4,-14.6,7072.8,35.0,613.3,7363,2009-04-26,economy
23:52:26,02:05:26,DCH18436,AI102,64814006,QU-58162-UP-539,4851.62,Bristol,Bayonne,True,2024-10-23,Embraer Lineage 1000,824519IO,Rod,Norfolk Island,W801OM,5167,1,9.4,60268.2,113.0,1359.0,37690,2005-05-07,economy
22:59:37,01:06:37,FGN93055,AI445,68148608,NR-30475-QZ-915,2584.94,Weirton,North Royalton,False,2025-01-02,De Havilland Canada DHC-8-200 Dash 8,,Delmy,Anguilla,W901JL,1819,0,-1.0,21646.2,22.0,838.9,10066,2010-03-26,economy
11:21:31,13:28:31,ETG16164,AI925,64231935,ZW-78115-JE-058,1071.48,Norwood,Sacramento,False,2024-12-29,Bombardier Global Express,,Verlene,New Zealand,F876JR,1931,1,-5.5,28451.2,26.0,828.5,10983,1998-01-23,economy
06:47:39,09:00:39,ZDO70581,AI836,63504624,SL-12080-XC-522,1572.7,Paramount,Savage,False,2024-10-24,Airbus A350-900,,Loura,South Africa,T639CU,3446,1,-8.5,60622.2,57.0,934.7,28880,2002-12-05,economy
09:23:38,10:08:38,QFI39732,AI050,63766122,YI-66205-EA-503,1146.12,Woodstock,Forest Grove,False,2025-01-16,Tecnam P2006T,,Louanne,Réunion,V537PT,1467,5,-7.2,17772.6,79.0,836.4,16000,1999-05-29,economy
04:40:25,06:36:25,AMM66225,AI801,61848413,JT-68770-KE-402,4332.92,Sheridan,Avenal,True,2025-01-02,Boeing 747SR Freighter,323431AO,Shaun,Colombia,H927AN,1715,1,-14.1,28702.2,73.0,833.3,16337,2008-01-26,economy
11:09:38,11:39:38,AZY89529,AI343,63587309,GB-96079-BA-255,3036.37,New Lenox,Rogers,True,2025-01-25,Boeing 787-8,308035MW,Valentine,Portugal,C742FB,544,7,-12.2,7353.7,104.0,602.0,7339,1999-01-20,economy
14:23:41,15:19:41,DCN53234,AI970,61801399,XB-63983-XY-240,4033.96,Cottage Grove,Manitowoc,False,2024-05-14,Airbus A340-300,,Kati,Lebanon,G356YL,2701,0,-1.2,23148.2,71.0,942.6,19230,2007-03-15,economy
23:38:32,02:13:32,BGV86074,AI733,68433358,DB-47867-DU-735,5346.91,Chico,San Rafael,True,2024-09-02,BAe 146-100,851375CU,Glendora,Belize,C282YB,6314,0,-2.0,67339.1,36.0,1425.7,58830,2000-10-02,economy
01:50:38,03:49:38,ITA25207,AI766,65865590,VP-91429-QG-842,4463.03,Port Huron,Encinitas,True,2024-11-13,Boeing 747-100 Freighter,269634AH,Lang,Nicaragua,Q638IJ,5522,0,-8.8,61744.5,112.0,1210.6,44593,2009-02-25,economy
00:25:27,02:11:27,EWS83349,AI978,65773841,YX-12185-UK-742,7481.17,Vineland,Sanger,True,2025-02-07,Boeing 737-400,682714LG,Shelby,Azerbaijan,U278LS,3168,0,-0.1,41996.1,70.0,907.3,26899,2004-10-05,economy
22:46:26,00:14:26,WFM87901,AI046,64688208,SN-69343-FZ-290,2660.09,Rahway,Rancho Santa Margarita,True,2025-01-12,Airbus A350-1000,789047YR,Madie,Luxembourg,I969RY,1355,7,-5.1,17389.8,106.0,821.8,10252,2008-05-09,economy
23:47:29,00:59:29,ARM36328,AI333,60650648,NT-53465-VJ-570,5347.74,Lenoir,Kissimmee,False,2025-01-09,Learjet 60,,Doug,Turkey,R484ZH,1027,8,-7.4,16099.8,120.0,828.1,16743,2008-01-17,economy
16:15:24,16:55:24,CPM23279,AI190,68648922,HA-04549-OZ-518,3076.41,Yucca Valley,Austin,True,2024-09-26,Cessna Citation VII,446594FN,Elsy,Bangladesh,E895QL,6031,1,4.2,67263.3,68.0,1588.7,55794,1998-01-08,economy
04:12:41,06:02:41,SEG51124,AI918,67112353,YR-55432-BX-039,4537.86,Pleasant Prairie,Hayward,True,2024-12-19,Embraer E195-E2,919813VJ,Jenette,Sudan,R859FW,3777,0,2.6,66959.2,90.0,943.7,29123,2004-09-30,economy
10:48:28,12:48:28,ODX45779,AI978,62524483,EV-56083-FH-999,3376.98,Kerrville,DeKalb,False,2024-05-26,Cessna 172,,Filiberto,Gambia,Y032ZD,2668,1,-12.8,23531.0,93.0,939.1,26339,2000-04-22,economy
20:44:39,21:01:39,YLU54533,AI750,66181757,XD-48047-VB-370,3792.66,Madera,Oak Creek,False,2025-02-09,De Havilland Canada DHC-7 Dash 7,,Dale,St. Pierre & Miquelon,Y364RA,793,7,7.9,7464.3,38.0,592.6,6184,2000-05-12,economy
13:36:25,14:44:25,MGM38803,AI048,68969195,UW-79851-QC-454,3243.38,Kyle,Grandview,True,2024-08-05,Evektor SportStar,930632TD,Rolando,Bangladesh,U403HF,4171,1,-7.6,59359.9,107.0,1179.9,27160,2000-09-23,economy
11:17:27,13:07:27,YMJ07446,AI333,67969840,AC-66338-PZ-574,4051.95,Oxford,Durant,True,2024-11-22,De Havilland Canada DHC-7 Dash 7,842144KF,Filiberto,Uzbekistan,H729SR,2779,0,-7.5,24213.5,62.0,901.8,21908,2010-09-05,economy
06:28:31,08:07:31,OWX75275,AI996,69672974,NH-10454-CR-106,2681.49,Hattiesburg,Cleveland Heights,True,2024-10-15,Gulfstream IV,709098JY,Trent,St. Lucia,C250QU,2513,0,-13.3,24547.8,60.0,931.6,26583,2000-07-26,economy
16:13:35,17:50:35,VXR75270,AI806,69119303,HB-22632-UR-010,5353.31,Morgantown,Fall River,False,2024-08-26,Airbus A340-300,,Alejandrina,Bahrain,W676AM,4459,1,-1.3,63256.5,34.0,1357.9,28343,1999-11-04,economy
00:46:35,01:20:35,RGQ57933,AI714,66088110,XR-65516-LE-991,2992.66,Lima,Colton,True,2025-03-08,Antonov An-225 Mriya,682415ZG,Arturo,Niger,K357EC,3843,0,-14.8,57830.2,15.0,923.3,25950,2009-06-29,economy
04:39:24,07:25:24,TSB92514,AI640,66638511,XH-19941-MD-498,2228.62,La Cañada Flintridge,Tigard,True,2024-11-24,Hawker Siddeley HS 748,335000FF,Reynaldo,Ireland,N710QR,3744,1,-13.0,60677.6,36.0,943.9,28677,2003-04-12,economy
14:40:35,17:20:35,IVP64762,AI060,61171239,JF-42852-FU-422,1116.76,Pelham,Westmont,True,2025-03-06,Cessna 310,976268IN,Tyron,St. Martin,D449OF,1308,7,-7.9,17723.5,92.0,814.2,13906,2000-11-06,economy
14:40:34,17:34:34,KYL31457,AI695,62810818,RA-18015-SV-658,5635.96,Anacortes,Hamilton,True,2024-11-20,Convair Convair Convair CV-640,750714SZ,Marylouise,Cocos,P474RU,1354,4,-5.2,12411.1,78.0,807.9,17481,2004-07-26,economy
03:54:41,06:25:41,IRE80874,AI313,61217496,WC-45299-EH-957,2055.46,Novi,Central Falls,False,2024-06-19,Boeing 767-200,,Miguel,St. Lucia,F364CC,1406,8,-5.0,14947.9,75.0,841.8,15987,2002-03-17,economy
01:56:39,03:23:39,EAD20269,AI875,60586695,ZV-94989-FX-986,4492.87,Pearl,Watertown,True,2024-12-17,Canadair Regional Jet 100,317619XR,Perry,Lesotho,C731WF,3910,0,-5.3,61493.5,63.0,950.6,25078,2005-06-11,economy
03:50:39,05:38:39,ICN31717,AI654,65146648,CV-78214-UM-338,7872.64,Saginaw,Duncanville,False,2024-09-02,Piper PA-28,,Jonas,Comoros,P787FV,3800,0,-7.9,69233.2,97.0,927.5,25469,1999-05-27,economy
16:58:31,18:58:31,FST16040,AI106,67986243,SX-00439-AW-044,7012.65,Barstow,Sanford,True,2024-05-15,Boeing 737-600,175075OK,Santo,Rwanda,B381AW,1446,4,-13.7,15384.4,78.0,848.8,10860,2007-05-20,economy
19:21:35,21:25:35,VSE89178,AI305,64716715,AV-65773-TB-455,6187.4,Atlantic City,Jackson,True,2024-08-03,Reims-Cessna F406 Caravan II,669777OD,Olin,El Salvador,L350CC,4411,1,-14.1,60442.0,55.0,1396.1,29660,2009-07-16,economy
09:39:30,10:59:30,AND87219,AI830,65251164,PA-66161-LP-380,4119.94,Binghamton,Palestine,True,2024-07-21,Boeing 777-200ER,391332PH,Dawne,Hong Kong SAR China,Q168RP,1714,0,1.5,28997.2,99.0,819.5,12317,2008-06-06,economy
12:14:24,13:30:24,KFC65723,AI442,61774435,IR-83097-ZA-534,3653.07,North Miami Beach,Alliance,True,2024-07-03,Cessna Citation CJ2,964940SA,Dallas,Chad,Y756EI,3296,1,8.9,63849.7,85.0,967.4,26574,2006-08-31,economy
10:03:31,10:59:31,ZZP35488,AI090,68241304,PX-45396-UR-809,5327.39,Winter Haven,North Charleston,False,2024-12-29,BAe 146-100,,Lilliam,Diego Garcia,D473AV,535,7,-1.0,7422.2,63.0,670.0,7188,2002-12-24,economy
06:09:31,07:35:31,SNS55487,AI878,60671041,JY-04987-QU-947,1953.25,Albert Lea,Cedar Hill,False,2024-07-08,Gulfstream Aerospace G-159 Gulfstream I,,Kiley,Antigua & Barbuda,T192HO,1008,4,-14.8,12666.2,23.0,803.7,11804,2003-01-05,economy
12:16:38,12:39:38,VKD79227,AI533,60934080,DZ-18671-XF-520,5729.59,Bountiful,Wyandotte,True,2024-07-02,Airbus A319neo,994537AS,Booker,Denmark,O127IV,4911,1,-14.5,68614.7,33.0,1090.9,24388,1998-09-05,economy
11:58:30,12:45:30,ZMR60839,AI871,61961542,OD-28766-SF-843,4615.76,Hammond,Euless,True,2024-12-11,LET 410,570290IW,Sanford,Uruguay,T080QE,4407,0,-9.8,57389.5,68.0,1186.8,28226,2003-10-17,economy
06:00:36,06:50:36,CAS37078,AI553,63569029,ML-48428-FB-422,1080.57,East Palo Alto,Mattoon,False,2024-12-22,Cirrus SF50 Vision Jet,,Gala,St. Helena,T565CR,6328,1,-7.8,60395.3,80.0,1437.9,50549,2002-02-10,economy
08:13:25,09:20:25,DJW36658,AI808,61930213,DG-67920-DO-359,6598.41,Port Orange,Vancouver,False,2024-12-31,De Havilland Canada DHC-3 Otter,,Wilson,Vanuatu,A414CY,5428,1,1.2,55439.4,91.0,1011.9,36918,2001-09-22,economy
11:04:30,13:30:30,IFV69647,AI341,66299022,TJ-10965-WF-639,1875.4,Wilkinsburg,Greeley,False,2024-10-16,Boeing 747-400,,Eldon,Serbia,K273ZU,1987,0,-5.5,16994.3,66.0,839.0,14769,2006-07-18,economy
02:10:39,04:15:39,NQN27752,AI410,68403381,LN-82531-AR-336,5122.65,Dolton,Pacifica,False,2024-07-08,Convair Convair Convair CV-640,,Maricruz,St. Pierre & Miquelon,E806VI,788,4,2.7,7360.8,110.0,674.6,6181,2000-07-14,economy
02:11:37,04:54:37,QSK72621,AI039,65399434,TG-10303-RC-601,4921.59,West Fargo,Pensacola,False,2024-08-30,Airbus A300-600,,Reed,Jersey,R694NY,6142,1,-14.7,55361.2,49.0,1495.7,58288,2008-01-18,economy
11:00:39,12:25:39,DPZ25012,AI993,61902874,HB-19944-KO-323,3542.12,Huntington,Sapulpa,False,2025-01-23,Cessna Citation CJ4,,Tamisha,Guernsey,C366AY,3548,1,-9.9,64822.2,57.0,962.1,27018,2007-10-29,economy
06:19:38,08:12:38,UPJ62554,AI220,64644595,HR-10834-GM-860,933.6,Belvidere,Homestead,True,2024-11-30,Junkers Ju 52/3M,762720JB,Sandy,Belarus,S243QK,682,7,-7.1,7355.7,78.0,722.6,6571,2005-10-28,economy
21:44:27,23:37:27,ERG17384,AI635,63494472,RN-65993-PW-663,6775.23,Kirkland,Reynoldsburg,True,2025-02-12,Embraer RJ135,144905VY,Brittni,Jordan,S307CG,4434,0,4.2,66401.6,37.0,1068.4,26472,2005-10-13,economy
10:20:30,10:52:30,LQD83950,AI361,67257383,YH-84691-NJ-941,5042.06,Clearfield,Pelham,False,2025-02-11,Junkers Ju 52/3M,,Gregg,Cook Islands,F020LE,2318,1,-14.4,19283.2,36.0,907.8,18977,2006-11-13,economy
07:42:31,08:28:31,PWU50171,AI026,64354011,DC-98433-LF-709,6647.54,Los Angeles,Maple Heights,True,2024-12-10,BAe 146-300,217030GX,Ema,Paraguay,C775TA,4032,0,-2.1,65113.7,60.0,1190.1,30151,2010-07-24,economy
11:39:25,13:39:25,ATW54809,AI269,68862130,YP-53984-YJ-184,1432.55,Calexico,Tinley Park,False,2024-10-18,Antonov An-148,,Valery,Austria,A483AM,607,4,-10.8,7325.2,52.0,593.7,5250,2008-08-06,economy
12:21:32,15:19:32,NIA12378,AI739,67558626,RI-89979-DX-269,3139.35,Windsor,North Ridgeville,True,2024-05-19,Convair Convair CV-640,588479UX,Tianna,Antigua & Barbuda,C653LA,2793,1,-5.7,24277.1,19.0,900.1,24439,2001-04-14,economy
05:50:41,08:02:41,HLH64243,AI983,67043652,BS-16513-PU-383,6354.87,Bellflower,Gary,False,2024-06-19,Evektor SportStar,,Jake,Dominican Republic,U255OV,5348,0,-10.8,67065.4,15.0,1121.8,43858,2009-05-07,economy
15:40:30,16:22:30,SJA21368,AI072,67217958,HA-66796-SP-305,703.16,Skokie,Sugar Land,False,2025-01-24,Tupolev Tu-214,,Letty,Angola,U813OI,6249,1,-8.1,62639.0,59.0,1451.4,54114,2008-08-02,economy
22:31:33,01:11:33,EAU79203,AI176,66724667,KS-94079-PY-729,6540.3,Evergreen Park,Dearborn,False,2024-05-30,Boeing 747-200F,,Belia,Kuwait,B749JU,2917,0,-15.0,23898.9,69.0,900.1,25305,2010-08-23,economy
02:21:24,04:51:24,VUI95563,AI179,67749954,NG-59726-YB-971,5324.86,Westbrook,Tamarac,True,2024-12-10,Gulfstream V,855936JR,Audrea,Zimbabwe,M778YY,798,6,-11.3,7268.2,102.0,638.4,5638,2010-06-20,economy
23:38:26,00:10:26,HRD13477,AI970,67252933,XB-54146-NK-170,5712.93,Lincoln Park,Prairie Village,False,2024-12-06,Antonov AN-30,,Earle,Djibouti,Z319RG,5031,1,9.1,62463.5,117.0,1344.7,37542,2009-06-20,economy
10:32:24,11:53:24,UUM78388,AI997,60871837,JN-72162-WI-140,1306.37,Howard,Nashville,True,2024-09-15,De Havilland Canada DHC-8-100 Dash 8,376755YN,Dalton,Slovenia,B035NM,5680,0,2.8,55232.4,42.0,1021.6,44459,2007-12-04,economy
12:08:34,14:04:34,NQF36185,AI620,61350231,GD-08025-KF-793,1901.52,Rockford,Gilbert,False,2024-11-22,Embraer 190,,Lowell,Bosnia & Herzegovina,I946DB,2277,0,-13.8,19290.2,30.0,915.7,15736,2007-05-20,economy
16:01:43,18:35:43,XAH57280,AI033,64664620,TB-48728-DK-674,2184.32,Blue Springs,Elk River,False,2025-01-31,Lockheed L-182,,Amos,Niue,J145GO,5787,1,-8.0,64780.0,60.0,1101.4,43579,2010-08-09,economy
01:47:41,02:44:41,QRM74546,AI321,69035089,EO-66192-CV-814,1698.92,Donna,Nampa,False,2025-01-12,Cessna Citation Mustang,,Nieves,Hong Kong SAR China,O057LI,3984,0,0.6,56181.7,52.0,903.8,29965,2007-05-11,economy
06:56:25,07:31:25,GAV36775,AI874,65593810,ON-84845-IU-749,3354.67,Elko,Hays,True,2024-07-28,BAe 146-300,391441UX,Michael,Chad,G209PX,859,4,-7.5,7332.6,32.0,591.7,7067,2004-11-21,economy
05:18:25,06:08:25,RIR09819,AI743,62156730,FT-52136-HA-759,1941.15,Onalaska,St. Matthews,True,2024-12-11,Piper PA-31 Navajo,015867AU,Karisa,Equatorial Guinea,T873XO,2644,1,-13.5,23732.9,74.0,918.0,21922,2010-09-07,economy
08:40:34,10:10:34,MGB76965,AI439,68932239,QF-98505-NK-964,2146.94,Linden,San Angelo,False,2024-11-27,Piper PA-44 Seminole,,Katrice,Aruba,E661XG,3595,0,1.3,60715.1,105.0,914.3,29075,2010-07-08,economy
13:11:33,15:44:33,RGL29565,AI291,65162631,ZU-82473-WB-651,6191.6,Anchorage,Banning,True,2024-06-12,Douglas DC-9-10,635865YY,Quinn,El Salvador,G574DA,5117,0,9.3,64423.2,111.0,1137.1,38081,2004-09-04,economy
06:27:34,07:32:34,GYN61172,AI847,61449233,LG-18074-WK-343,7711.73,Hurst,North Richland Hills,False,2024-06-05,Embraer Legacy 600,,Morton,Mayotte,Z343OV,5384,0,-7.4,58373.2,67.0,1007.5,35303,2009-02-15,economy
09:56:39,11:08:39,RJP58470,AI636,62567192,TQ-39779-SH-440,2966.27,Yuba City,San Clemente,False,2024-05-17,Tecnam P2012 Traveller,,Eugene,Somalia,T388WZ,5841,1,-13.0,60998.1,51.0,1141.9,45460,2000-02-12,economy
11:04:27,12:03:27,IWR34627,AI298,61870085,NW-57357-IL-297,7381.5,Cape Girardeau,Helena,False,2024-09-27,Boeing 747-200M,,Marleen,Norfolk Island,H748SF,1458,8,-6.0,15706.3,109.0,830.9,15850,2001-08-14,economy
07:56:38,08:42:38,JAY55162,AI744,66602254,XP-01882-WN-945,3854.77,Beloit,Compton,False,2025-02-16,Embraer 170,,Myron,Netherlands,T107PG,5533,0,-14.7,63474.9,48.0,1303.5,43776,1999-12-17,economy
15:45:30,17:53:30,UOS64046,AI935,66478221,AR-57103-PJ-163,4190.38,Belmont,Fremont,True,2024-11-26,Fokker F28 Fellowship,006654EI,Darrin,Jersey,W975LA,2150,1,-10.4,18833.2,24.0,932.8,19762,1999-12-14,economy
04:43:34,06:41:34,QQN57463,AI575,64830994,XH-99885-DY-477,7484.78,La Habra,Lake Charles,False,2025-02-16,Airbus A300B2,,Jamison,Ireland,Y252GF,1134,2,-10.5,12184.4,92.0,816.7,11399,2003-07-08,economy
05:55:34,08:24:34,BKW03049,AI748,67221148,FL-20991-IR-001,5406.55,Mill Creek,Garland,False,2024-08-06,De Havilland Canada DHC-5 Buffalo,,Valeri,Bhutan,M314KY,5979,1,-5.5,68700.3,56.0,1103.8,41576,2005-07-31,economy
05:08:42,05:54:42,AKN38816,AI025,66287722,LE-79989-ZI-696,2623.38,Carson City,Simi Valley,True,2024-12-03,Pipistrel Virus,672476TC,Ashli,Greenland,R283LT,609,6,-8.9,7095.5,31.0,658.2,5890,2006-11-15,economy
15:52:40,16:05:40,YQD97397,AI380,66342988,BG-15254-TC-402,4949.95,Citrus Heights,The Colony,False,2024-08-19,Grumman G-73 Turbo Mallard,,Freeman,St. Kitts & Nevis,G368BI,2392,0,-0.8,19607.4,74.0,932.4,15028,2000-04-19,economy
10:59:30,13:29:30,OHC14437,AI521,69797886,VF-18620-HN-476,5282.19,Compton,Libertyville,False,2024-06-11,Boeing 737-600,,Lanita,Greenland,B065YQ,5038,1,-8.3,55437.7,30.0,1205.0,40946,2005-07-09,economy
14:02:27,15:37:27,IZN55984,AI675,69008872,QW-84048-OW-905,5770.37,Lawrence,Hammond,True,2024-10-29,Boeing 787-8,559929CV,Angelena,Burkina Faso,B220SW,4744,1,-7.3,60576.3,37.0,1068.2,28231,2000-10-02,economy
11:36:27,14:32:27,QQE99872,AI609,68107790,CI-50787-SF-144,2822.81,Santa Fe Springs,Somerville,True,2025-02-07,Grumman G-21 Goose,309437FX,Ariel,Uruguay,E784CK,1741,0,-11.5,23586.1,107.0,804.1,17268,2000-10-01,economy
04:11:39,04:44:39,NSQ80292,AI906,66867312,CW-82625-BS-956,7711.29,Dearborn,Woodbury,True,2024-09-06,Ilyushin IL86,462760YQ,Elly,Tajikistan,X060HF,5048,0,2.2,66408.9,108.0,1151.6,43053,2004-09-22,economy
00:23:36,01:57:36,TRS27414,AI117,64805363,GM-03412-CF-882,5986.77,Mountain Brook,Elmira,False,2025-02-25,Embraer Legacy 600,,Coralee,China,M649KM,1876,0,3.9,24595.6,24.0,836.4,11509,2006-09-25,economy
10:07:33,12:07:33,ILJ37040,AI441,68888155,XG-38774-AQ-129,6941.72,Lubbock,Matthews,True,2024-12-01,Douglas DC-9-50,540591MR,Matt,Czech Republic,U618XD,1336,2,-14.8,15953.6,97.0,821.6,11754,2002-05-19,economy
19:10:25,20:02:25,XNP00848,AI523,68455934,CF-33329-SD-947,7748.68,Paris,Paso Robles,True,2024-09-13,Cessna 310,438788DX,Suzi,Turks & Caicos Islands,W863ZK,4727,1,9.5,63995.9,15.0,1103.6,26477,2000-12-03,economy
13:26:39,14:10:39,DOH30453,AI897,64784275,JE-12805-MK-853,7620.18,Millbrae,Harvey,True,2024-06-10,Boeing 747-400M,510402LS,Hector,São Tomé & Príncipe,N468LV,6259,1,4.0,67116.2,93.0,1618.9,52834,2007-10-11,economy
02:00:31,02:18:31,JYZ31158,AI802,60449776,IH-06127-WI-276,490.6,Minnetonka,Rock Springs,False,2024-05-22,Beriev Be-200 Altair,,Ray,Costa Rica,N710CZ,2667,1,-12.4,23533.0,76.0,938.3,25457,2006-10-25,economy
09:31:38,10:48:38,VWT15128,AI708,62665132,PI-65264-JI-577,6694.98,Forest Grove,Atlanta,True,2025-01-23,Boeing 727-200,403817NB,Fairy,Romania,I144IL,3515,1,-13.9,61463.6,85.0,933.1,27709,2005-09-16,economy
22:09:27,22:35:27,WXA57593,AI200,69993081,UV-66880-WF-740,2079.28,Durango,Plantation,True,2024-07-06,De Havilland Canada DHC-5 Buffalo,044318LZ,Kip,Czech Republic,T003QT,5820,1,-5.3,61891.2,18.0,1329.0,45768,2005-04-25,economy
15:29:24,17:22:24,DSE29079,AI746,60856059,CA-73407-YR-591,6273.31,Gladstone,Palm Desert,True,2024-09-24,Yakovlev Yak-40,548080GI,Jeromy,Burkina Faso,K324FE,6433,0,-11.1,58490.9,48.0,1672.4,58032,2009-05-21,economy
13:00:35,14:42:35,YOB37633,AI902,61020572,SC-27936-CT-269,1931.27,Lewiston,Carlisle,True,2024-09-03,De Havilland Canada DHC-8-100 Dash 8,614688WD,Gilberte,Guinea-Bissau,A416MW,3526,1,-1.3,62741.3,96.0,924.6,25940,2008-10-09,economy
02:34:36,04:54:36,TVO32341,AI429,60258322,UQ-40542-AZ-306,4226.56,Rahway,Evansville,True,2024-07-11,Canadair Challenger,931409EL,Bok,U.S. Virgin Islands,P326NY,1701,0,9.1,21971.6,42.0,832.5,15128,1998-06-27,economy
05:22:26,08:16:26,HLM49041,AI106,66494788,GG-19095-DT-997,4793.86,Bartow,Yucaipa,True,2025-03-08,McDonnell Douglas MD-81,111399XD,Willard,Cuba,I387LX,1329,3,-10.0,15736.1,99.0,823.3,10657,1998-12-19,economy
05:15:35,06:05:35,DTP27466,AI374,69817596,RH-89462-BJ-147,4920.55,Turlock,Bothell,False,2024-09-06,Saab SF340A/B,,Benedict,Dominican Republic,N007YO,4958,1,-13.2,68513.9,41.0,1139.4,27195,2010-10-03,economy
00:59:39,01:24:39,ACB56636,AI833,66622007,KL-73123-ZH-331,7984.34,Elk River,Pasco,True,2024-08-21,Gulfstream Aerospace G-159 Gulfstream I,367193BY,Arlinda,American Samoa,R523QI,6178,0,-5.0,68359.4,110.0,1308.8,56820,1998-05-08,economy
14:36:38,15:53:38,SXX13287,AI414,67089931,UD-93642-RX-246,5868.92,Atlanta,Frederick,False,2024-10-29,Convair CV-240,,Tomi,Cook Islands,I584WS,3785,1,-7.9,69010.5,38.0,920.4,26310,2000-02-21,economy
08:34:41,09:25:41,FJW24349,AI444,66686284,TP-83164-YP-169,552.57,Wyandotte,Arcata,False,2025-01-05,Douglas DC-10-10,,Roselee,Western Sahara,F027ZK,1875,1,-9.0,28828.2,22.0,820.0,15625,2004-09-09,economy
10:46:29,12:16:29,BYD13530,AI109,61967764,JW-12443-TF-376,1516.41,Goose Creek,Woodbury,True,2025-01-28,Cessna Citation CJ4,558679IV,Rasheeda,Palestinian Territories,V611IJ,1878,1,8.9,29612.6,33.0,825.9,14302,2007-09-14,economy
09:14:25,10:41:25,HIH38464,AI690,69760939,TX-39425-HP-642,7601.66,La Porte,Elmira,False,2025-01-08,Antonov AN-74,,Genia,Diego Garcia,Y584YR,1892,0,-5.7,23354.4,15.0,812.2,11285,2008-02-05,economy
20:18:36,22:46:36,MEH72681,AI050,67407937,KC-23022-MV-104,5149.67,Fairbanks,Wheaton,True,2024-10-26,Avro RJ85,915485FP,Basil,Papua New Guinea,Q291UF,4881,1,-9.6,67952.8,48.0,1247.9,25701,1999-10-20,economy
17:35:41,19:43:41,PIC51497,AI725,65751371,EH-84596-PE-686,677.84,Syracuse,Lebanon,True,2024-11-10,Antonov AN-124 Ruslan,859149SZ,Carli,Congo - Brazzaville,T253EK,3146,0,0.4,56023.5,23.0,902.7,29447,2007-10-19,economy
01:19:36,01:51:36,PSM93373,AI837,68549497,YB-27446-HT-433,1524.31,Lowell,New Hope,True,2024-12-16,Embraer Legacy 450,633467WP,Dion,Paraguay,V663KB,2502,1,-5.2,24912.6,77.0,930.1,23482,2007-03-30,economy
06:08:42,07:49:42,HHW50919,AI617,69189290,LG-97057-GT-288,3505.1,Fremont,Pontiac,True,2024-12-01,Boeing 747SR,981048HM,Shan,Haiti,G396IJ,790,6,-13.1,7242.4,94.0,672.0,7883,2006-06-07,economy
08:29:31,10:22:31,SLL26482,AI521,61215145,NQ-85510-FR-551,1206.31,Munster,Rolla,True,2024-05-27,Tecnam P2008,537669PA,Delmer,St. Pierre & Miquelon,S764HX,5751,0,5.9,59616.5,90.0,1009.1,44087,2008-11-11,economy
08:56:35,10:43:35,DEM16311,AI316,64971656,DF-49898-JO-628,6600.38,Clemmons,Long Beach,False,2024-07-16,Boeing 737-800,,Meridith,Belarus,B300GJ,4994,1,-9.1,58903.4,119.0,1231.0,25708,2003-05-04,economy
17:34:34,18:46:34,NLX33634,AI738,67685083,JN-21337-AO-383,4478.89,Sandy Springs,Dothan,True,2024-11-13,Airbus A350-900,528900CJ,Harley,Cuba,X578HI,4759,1,0.2,56410.1,40.0,1229.0,25390,2002-08-12,economy
10:09:42,13:03:42,RHD96116,AI444,65857550,AM-33458-NR-795,3325.49,McKinney,Simpsonville,False,2024-05-21,Avro RJ85,,Conchita,United States,U113RB,1218,7,-5.3,13649.7,29.0,813.3,10506,1999-07-28,economy
18:47:36,18:59:36,JFA23607,AI499,62258308,YJ-88611-GL-101,3607.1,Grayslake,Brighton,True,2024-11-17,Tecnam P2002 Sierra,372415DE,Carolin,Hungary,S319GA,4202,0,-6.5,67425.2,89.0,1255.8,24635,1999-11-13,economy
00:34:34,03:24:34,XFA91767,AI911,61433843,NQ-21378-SH-242,2219.52,Conroe,Whitehall,True,2024-05-29,Cessna 206 Stationair,219494ET,Frank,Turkey,K873GA,4608,0,-5.9,64318.9,29.0,1167.5,24960,2010-01-11,economy
23:57:27,01:09:27,MEU02658,AI067,64219537,OS-54024-OC-344,2369.78,Chesterfield,Mentor,True,2025-01-11,Fairchild Dornier Do.228,962001IU,Armando,Montenegro,I638PT,1241,8,-12.8,15923.8,105.0,800.3,15418,2008-12-15,economy
20:48:29,23:07:29,POP09017,AI380,69646923,WW-10298-EI-305,588.76,Marshfield,Ferndale,True,2024-07-11,Embraer Lineage 1000,805922JC,Grazyna,Pitcairn Islands,X024YQ,3373,0,5.6,67524.5,91.0,943.7,29128,2000-11-19,economy
10:41:33,12:40:33,JVR77201,AI194,69613148,LI-90808-YA-885,1940.77,Marlborough,Melrose,True,2024-08-29,Boeing 767-400ER,551668NS,Dorian,United States,R560IC,4082,0,-5.3,66010.4,91.0,1057.0,28130,2009-10-11,economy
18:32:40,21:04:40,RML48569,AI205,62753834,JJ-05285-IP-034,2665.2,Bolingbrook,Murray,False,2025-01-08,Boeing 777-200ER,,Susy,Fiji,V969GQ,2971,1,9.7,22557.9,15.0,942.2,25001,2006-02-09,economy
06:11:35,07:09:35,CNV81455,AI247,62579581,CI-40335-ET-485,4669.92,Fall River,Palmetto Bay,False,2024-08-08,"\"Airbus A300-600ST \"\"Super Transporter\"\"\"",,Jarrod,French Polynesia,K512OR,2719,0,-12.6,24644.1,106.0,914.2,25958,2003-11-15,economy
19:30:35,21:53:35,ZNK48812,AI174,61233729,FA-98480-HX-499,879.65,Willmar,Miramar,True,2024-07-26,Boeing 747-100,259447MM,Alexander,Pakistan,K745GY,1098,6,9.1,16131.1,105.0,815.4,15727,2009-11-11,economy
04:15:41,05:48:41,TTY54231,AI306,68701083,YK-14092-GM-314,4123.2,Raleigh,Webster Groves,False,2024-07-25,Tecnam P2010,,Tameika,Chile,K807ZP,5872,1,-2.4,64156.0,110.0,1361.2,43787,2009-12-23,economy
08:54:27,11:04:27,CCT86706,AI795,61210422,XF-40549-AU-762,640.68,Brownwood,Redondo Beach,True,2024-10-28,McDonnell Douglas MD-88,241341RO,Brenton,Hungary,Y848LP,5973,1,5.2,62642.6,43.0,1098.0,41260,2008-07-30,economy
00:08:32,01:12:32,WTP20880,AI916,66109924,AM-82392-UU-240,1921.1,Peoria,Milledgeville,False,2024-10-18,Airbus A220-300,,Isidro,Argentina,A596VQ,4240,0,-6.9,62581.9,33.0,1018.6,25552,2008-10-30,economy
01:09:36,03:59:36,WVD78802,AI884,65506490,WU-55159-OQ-351,3542.22,Green Bay,Rocky River,False,2024-07-22,Antonov An-158,,Sam,Pitcairn Islands,W420WK,5604,1,-6.1,56552.7,30.0,1192.1,40338,2005-10-28,economy
05:13:33,06:50:33,KOK60867,AI034,65833961,DO-39706-XO-583,7185.35,Sioux Falls,Fall River,True,2024-05-20,Boeing 767-300,822414LZ,Zachary,Aruba,R956HT,1663,1,9.6,23117.9,52.0,805.3,16248,1998-02-13,economy
19:50:27,20:01:27,HIG25544,AI845,64313341,SJ-79672-YS-147,2888.02,Atlanta,Sunnyvale,False,2024-07-11,Boeing 777-8,,Xavier,Taiwan,A368OM,3521,0,-8.8,61391.5,75.0,963.2,29300,2009-10-22,economy
00:29:42,01:31:42,MIH37397,AI131,67199231,NF-51664-JJ-596,960.94,Missouri City,Alsip,True,2024-05-16,Gulfstream/Rockwell (Aero) Turbo Commander,215463NO,Kelley,Rwanda,X254ID,6375,0,-7.7,66423.5,18.0,1494.2,52205,2004-08-30,economy
07:35:27,09:20:27,KIG00803,AI344,63659757,VF-04719-ZL-932,1700.16,Lake in the Hills,Twentynine Palms,True,2024-12-31,Boeing 787-9,634900CC,Kindra,Canary Islands,C950DY,3176,0,-0.7,42677.8,89.0,936.8,27868,2007-05-01,economy
16:49:39,17:29:39,MUM68691,AI550,65666636,NZ-32660-UW-451,810.58,Duncan,Clarksville,False,2024-09-05,Cessna 172 Cutlass RG,,Charlesetta,Liechtenstein,M733EE,1359,5,-11.5,12766.8,65.0,814.1,17406,2005-12-16,economy
20:16:36,22:08:36,VGP54606,AI382,63600507,BW-63730-AZ-247,4256.48,Arcata,Charleston,False,2024-10-12,Tupolev Tu-204,,Chi,Mozambique,H169QU,1474,4,-7.9,16736.8,50.0,823.8,17842,2007-06-03,economy
05:26:32,08:02:32,GKU12158,AI924,60627283,NN-17831-KI-992,1025.53,Rolling Meadows,Normal,False,2024-07-09,Boeing 747SR Freighter,,Alejandro,Panama,Z296QE,616,8,7.2,7447.6,25.0,640.1,5387,2002-10-24,economy
10:28:28,12:18:28,DOC90454,AI169,61835742,HO-10929-RS-946,2772.03,Mishawaka,Chillicothe,False,2024-08-26,Boeing 747-400,,Lindsy,Sierra Leone,N195CQ,4777,0,-5.9,67044.0,72.0,1362.8,27839,2007-02-07,economy
11:17:34,12:15:34,RKK07513,AI305,64091810,YT-29028-YF-654,3926.9,Highland Village,Huntley,True,2024-05-23,Dassault Falcon 7X,583495RA,Oswaldo,Brunei,D986ZM,2282,0,-11.1,18384.2,41.0,907.2,19481,2004-07-11,economy
07:09:39,08:26:39,EKP29974,AI655,66769285,WJ-78309-TP-912,3370.1,Gallup,Oak Ridge,True,2024-09-08,NAMC YS-11,659958QR,Francesco,St. Martin,W147RF,6347,1,-14.6,57481.7,52.0,1313.3,58415,1999-06-24,economy
19:56:36,22:12:36,KPQ43804,AI416,68801737,YP-26041-RG-646,1565.3,South Holland,Goodyear,True,2024-12-07,Douglas DC-8-50,918379XM,Jannet,Malta,K975DI,966,8,-11.5,7092.8,61.0,604.0,7045,2005-04-09,economy
05:34:32,06:57:32,SSJ46904,AI067,66166920,LM-41365-VG-764,686.73,Winter Springs,Mountain View,True,2024-07-24,Learjet 35,505864UR,Andrew,Sint Maarten,Y214TX,2436,0,4.1,19170.0,92.0,907.5,16541,2009-12-07,economy
17:39:37,19:54:37,UCU33829,AI254,63539830,XI-95801-LP-317,4225.69,Tucson,Goshen,True,2024-08-04,Canadair Regional Jet 900,887891VY,Leonardo,Kosovo,P251DJ,5353,0,-7.9,69085.9,62.0,1367.1,43015,1999-11-03,economy
18:24:36,19:45:36,KYE19681,AI281,64520840,YH-33175-YZ-847,1259.17,Cranston,Palmdale,True,2024-12-24,Gulfstream G650,115920QP,Royce,Israel,F446CA,4925,1,-7.9,68972.0,39.0,1267.6,29375,2007-09-04,economy
21:10:43,23:53:43,KMM86106,AI852,69116270,RK-38607-ZX-881,1643.79,Hanover Park,Victoria,False,2024-05-14,Tupolev Tu-154,,Shavonne,Moldova,J806CW,2856,0,-14.0,23645.8,78.0,932.3,23500,2005-03-05,economy
11:18:33,13:46:33,WCP29852,AI179,61356568,JP-25145-LB-768,6489.36,Clemmons,Biddeford,True,2024-06-12,CASA/IPTN CN-235,599009WE,Antonietta,Tuvalu,B854UF,2568,0,4.2,22813.2,58.0,919.1,20348,2000-01-25,economy
14:19:40,15:54:40,UHR58103,AI134,67238508,LU-28712-HJ-010,2752.67,Smyrna,Hazelwood,False,2025-01-06,Boeing 757-300,,Bernarda,El Salvador,Z977ZR,4229,1,-9.0,65951.0,109.0,1183.1,29701,2008-01-14,economy
22:25:39,22:53:39,FLM75472,AI316,62578306,BV-64596-ZX-368,882.96,Ridgecrest,Lansing,True,2024-09-20,De Havilland Canada DHC-8-100 Dash 8,864575OV,Divina,Uruguay,E716GO,1468,5,-7.1,16958.1,35.0,811.1,13249,2006-04-10,economy
05:17:31,05:49:31,ZLF35410,AI768,61432779,MX-83087-ZL-282,4331.59,Sunrise,Sidney,False,2024-05-15,Antonov AN-30,,Clorinda,Egypt,M515KJ,2918,0,-13.3,23230.8,57.0,933.7,21953,2004-10-17,economy
16:05:27,17:59:27,AGP06146,AI242,61946802,QM-40653-ST-942,6983.02,Rio Rancho,Alsip,False,2024-06-22,Boeing 767-300,,Salvador,Kiribati,T350IZ,2278,0,6.4,19874.6,48.0,943.0,16340,2007-08-04,economy
20:10:29,21:15:29,HHB35862,AI073,61685910,AZ-40142-WE-481,5845.38,Perrysburg,Sulphur,False,2025-02-12,Pilatus Britten-Norman BN-2A,,Gabriele,Samoa,P314HT,5112,0,-14.9,60280.0,44.0,1317.2,43680,2006-12-03,economy
18:01:36,20:18:36,ZXS17323,AI972,60872075,HO-32442-VK-357,5001.41,Pampa,Bridgeton,True,2024-09-24,Boeing 737-800,569033FZ,Reynalda,Malawi,D126CA,5079,1,2.4,58326.5,61.0,1390.0,43265,2009-09-09,economy
13:33:32,14:36:32,PFJ47424,AI878,66175232,MI-92580-EW-029,7847.85,Olive Branch,Margate,False,2024-10-14,De Havilland Canada DHC-8-100 Dash 8,,Marvin,Martinique,J126TG,4282,0,7.5,68957.0,108.0,1024.4,29808,2006-06-29,economy
22:20:35,23:34:35,FPM11976,AI447,65756786,YE-98324-PS-101,1376.76,Post Falls,Klamath Falls,True,2024-12-24,Boeing 717,830273NT,Johnson,Sint Maarten,V122LL,6361,0,8.3,64494.9,117.0,1746.7,51060,2006-08-05,economy
09:24:29,12:10:29,JQB84409,AI738,60037373,DA-84611-KW-942,6516.83,Duarte,Marquette,False,2024-11-06,LET 410,,Pablo,Portugal,U376ZH,1096,5,-1.6,17367.9,48.0,838.7,17215,2006-05-10,economy
10:08:37,11:31:37,GUU41994,AI538,65265427,PV-06035-EH-242,497.17,Barberton,Huntington,False,2024-05-18,Douglas DC-8-50,,Kasandra,Greece,P819OF,5760,1,-11.9,58791.6,21.0,1335.4,40885,2005-10-07,economy
22:08:42,00:26:42,ABQ57490,AI405,62979767,UR-72395-PT-734,744.55,Richfield,Duncanville,False,2024-10-21,Junkers Ju 52/3M,,Wilton,Hungary,D598PC,6087,0,0.6,65932.6,70.0,1472.7,59254,2003-06-30,economy
11:10:34,12:35:34,RFI68720,AI585,64704872,RV-04579-JU-284,3334.18,Onalaska,Corinth,True,2024-12-17,Lockheed L-188 Electra,131030AT,Stacy,China,P935QT,3468,0,8.2,67446.0,19.0,982.0,26706,2004-04-03,economy
07:49:40,09:52:40,YWJ69672,AI613,67288224,BU-24561-PK-204,4665.38,Coconut Creek,Sapulpa,False,2024-05-19,De Havilland DH.114 Heron,,Eugene,Comoros,A100IY,3429,0,8.5,59004.5,40.0,935.3,28164,2004-08-31,economy
13:43:28,15:01:28,BXZ48619,AI739,66955435,LP-55385-JE-714,4765.85,Shaker Heights,Snellville,False,2024-08-24,Boeing 737 MAX 8,,Kraig,Brazil,K689OD,4604,1,-12.6,62362.4,57.0,1228.5,27241,2000-09-25,economy
08:55:28,09:44:28,ULC43954,AI164,63178886,RZ-20276-QG-862,3054.58,Cabot,Rockford,True,2024-09-28,Airbus A319,472010WL,Ayana,St. Pierre & Miquelon,Y569WB,3753,1,6.8,67276.3,24.0,991.2,29254,2003-03-12,economy
08:29:26,08:46:26,GWD49790,AI518,66822993,QE-31151-UH-353,5454.95,Port St. Lucie,New Bedford,True,2025-02-25,Airbus A318,962631QX,Jenette,Suriname,T103BJ,1360,7,-7.4,14304.3,43.0,815.4,10705,2003-06-11,economy
08:09:40,08:33:40,ZUT02515,AI987,66428573,PX-55008-NY-979,5198.66,Edina,Boynton Beach,True,2024-07-01,British Aerospace Jetstream 32,546156TI,Bong,Northern Mariana Islands,H194SM,3143,0,2.4,56964.1,117.0,934.1,26208,2007-01-13,economy
05:48:24,06:01:24,FNR66135,AI069,64572714,UN-76560-PT-459,3519.15,Billings,Bourbonnais,True,2025-02-28,Boeing 777-200,895900YE,Janiece,Panama,T170KY,2864,0,-5.7,23916.2,25.0,909.4,24114,1998-05-20,economy
15:25:34,17:18:34,JLF73998,AI258,67064155,FC-22654-IG-493,7708.34,Terrell,Bay City,False,2024-07-30,Boeing 727-100,,Veronique,New Zealand,R285WS,2802,0,-12.5,23287.1,34.0,938.1,26253,1999-03-22,economy
13:16:37,15:06:37,EFD53661,AI018,66580264,NR-40514-UK-197,7789.33,Brunswick,Arlington,True,2024-05-28,Lockheed L-188 Electra,169137FL,Winter,Italy,R371SM,1783,1,-8.5,23601.0,100.0,802.8,12225,2004-01-21,economy
11:33:33,13:13:33,SHN52599,AI350,67912359,YX-00083-GV-899,4478.82,Duncan,Mobile,False,2024-06-22,Embraer E190-E2,,Sal,Cayman Islands,P877CM,5594,0,-8.3,69414.7,120.0,1260.8,41334,2001-04-18,economy
11:43:26,13:25:26,UEK47140,AI228,62166133,KA-35160-JN-768,1062.37,Nashua,Sidney,False,2024-12-31,Antonov AN-74,,Jae,Comoros,O692NF,813,2,2.7,7076.6,62.0,616.8,7892,1998-10-03,economy
08:37:24,11:31:24,GRA65874,AI644,67420934,LO-12069-LW-985,4821.54,Shelbyville,Benicia,True,2024-06-28,Boeing 737-200,385330EW,Kam,Algeria,N719KC,504,5,-9.3,7492.9,71.0,698.0,6690,2003-06-23,economy
04:11:39,06:57:39,ZSJ29602,AI314,61299990,KB-04243-VK-539,3821.36,Glen Ellyn,Temple Terrace,False,2024-06-16,Boeing 737-400,,Harley,Solomon Islands,L669RX,3621,1,-12.9,59604.4,66.0,961.6,26939,2003-07-01,economy
10:10:40,12:17:40,MNP67562,AI995,68809528,LU-76945-HF-376,7056.63,Key West,Corsicana,True,2025-02-28,Fokker F28 Fellowship,324219TK,Roger,Guadeloupe,I416FF,5440,0,7.4,63909.2,94.0,1194.6,41532,2000-05-08,economy
13:49:34,14:11:34,VKE40773,AI824,66315261,FS-41047-JS-755,2317.62,Sierra Vista,Youngstown,True,2024-12-09,Lockheed L-1049 Super Constellation,753544RR,Moshe,El Salvador,V215OK,5849,0,1.7,67485.2,38.0,1162.9,42556,2004-05-27,economy
04:16:25,06:02:25,LLC84986,AI277,64685817,ZB-60503-LE-804,3792.89,Mount Prospect,Elmwood Park,False,2025-02-10,Boeing 747-200M,,Cristopher,Bermuda,H459UP,3531,1,1.8,68839.5,32.0,972.8,26139,2001-04-27,economy
12:47:27,15:44:27,VFL28169,AI218,63664304,GX-20265-DZ-049,3302.14,Santa Cruz,Bonney Lake,False,2025-01-20,De Havilland Canada DHC-8-100 Dash 8,,Samuel,Armenia,S615ZU,2269,1,-7.3,19365.7,31.0,909.6,15663,2001-12-10,economy
09:39:33,09:54:33,BPT31703,AI415,64024819,CK-66325-CA-738,7775.7,Plattsburgh,Sahuarita,False,2024-12-27,BAe 146-300,,Shannon,South Korea,V503OT,4681,1,-6.7,60860.7,45.0,1277.6,29052,2002-02-25,economy
12:50:24,14:35:24,VOM07104,AI770,61814466,RR-45657-JW-330,1034.98,South Burlington,Eagle,True,2024-11-03,Cessna 177 Cardinal RG,939413YX,Lanny,Estonia,H659DS,4267,1,-7.8,67234.7,85.0,1322.5,29292,2006-04-27,economy
03:44:30,04:13:30,TLW60053,AI611,65919693,AZ-99582-RD-472,2919.01,Raleigh,Lemoore,True,2024-12-22,Evektor SportStar,942176BI,Burl,Burundi,Z427PE,5175,1,-11.9,64449.7,97.0,1173.4,37684,2001-03-17,economy
19:52:32,21:45:32,GVR51009,AI409,68903798,SP-47968-BW-121,1422.85,Hamilton,Bismarck,True,2024-08-20,Boeing 727-200,669552KP,Stuart,Ethiopia,D099SK,937,5,-11.8,7260.5,54.0,516.2,5041,2002-06-16,economy
08:17:41,09:43:41,RCP02522,AI892,63451994,WU-36252-SI-296,5292.7,Fort Myers,Kingsport,False,2024-12-23,Dassault Falcon 7X,,Andreas,Northern Mariana Islands,S615CA,2814,1,-9.5,24569.0,47.0,945.4,27305,2008-10-23,economy
03:58:33,05:31:33,INA40015,AI418,60494726,EW-07798-CL-794,1450.12,Wilkes-Barre,Cortland,False,2025-01-20,Antonov AN-28,,Kenia,Bangladesh,I004UO,941,7,-10.0,7050.4,68.0,617.5,6872,2008-09-18,economy
02:24:32,03:07:32,AXW38947,AI095,62184463,BR-44769-IU-232,1902.5,Ardmore,Cedar Falls,False,2024-11-23,Learjet 36,,Peter,South Sudan,J489BR,3204,1,-12.5,52059.7,66.0,964.5,26868,2000-11-18,economy
03:01:24,04:17:24,CBS01959,AI297,66663348,QC-67234-WU-955,5827.32,Reading,Delaware,False,2024-12-05,Bombardier BD-700 Global 5000,,Brittny,Ecuador,G031HV,2346,1,-11.2,19618.9,33.0,901.7,16632,1998-04-09,economy
21:30:32,21:55:32,TGZ92841,AI710,64183668,RN-36113-KU-306,5668.14,Seymour,Bayonne,False,2024-11-21,Boeing 737 MAX 8,,Meg,Guatemala,J385RS,6105,0,-9.3,64188.9,101.0,1207.6,58176,2002-12-07,economy
03:04:24,04:41:24,WAT78037,AI496,65226437,FL-59794-CJ-495,3943.03,Grove City,Grand Forks,False,2024-07-17,Boeing 777-9,,Kieth,Japan,F144XM,5409,1,-14.6,61956.4,86.0,1008.1,42898,2006-04-26,economy
06:26:29,09:21:29,ZVN21887,AI838,69044298,US-46222-TZ-922,2143.39,Chandler,Novato,False,2024-11-05,TL Ultralight TL-96 Star,,Hiroko,Barbados,J992AJ,5235,0,-13.1,67461.5,100.0,1256.2,43130,2009-08-19,economy
17:33:26,19:49:26,YUL39796,AI842,64336837,HW-01044-WP-556,1987.05,Perrysburg,Hudson,False,2024-08-05,Boeing 747-400F,,Frankie,Niue,X201MU,5294,0,-7.3,56797.2,62.0,1355.6,40170,2004-08-15,economy
14:09:31,15:23:31,MNN44336,AI097,65040181,FN-10958-VJ-760,745.66,Toledo,Milpitas,False,2024-07-26,Boeing 777-200LR,,Andrew,Antarctica,Y097CQ,5125,0,-14.6,66378.7,25.0,1352.9,39470,2003-11-26,economy
13:28:39,13:56:39,UZD90300,AI462,60104172,YR-60761-KE-914,7339.63,Wilkes-Barre,San Francisco,True,2024-09-04,Airbus A320neo,711666YY,Connie,Antigua & Barbuda,R423FR,3033,0,-9.1,51809.2,62.0,931.5,25938,2009-12-19,economy
09:25:30,09:57:30,GIJ16692,AI855,61327756,EI-05407-ZC-084,5278.88,Pearland,Woodstock,False,2024-11-21,Boeing 787-9,,Torrie,Chad,Z051AV,5097,1,-8.4,66165.0,73.0,1388.8,36520,1998-09-13,economy
08:59:28,09:45:28,PSQ71051,AI904,66933355,HD-25937-OA-605,4076.18,West Hollywood,Bothell,False,2024-12-05,Antonov An-158,,Neal,Nigeria,C470TV,5306,0,-11.9,65544.1,79.0,1314.2,39537,2008-12-27,economy
10:27:33,11:19:33,VIO77048,AI026,69839603,MN-76731-WL-055,6312.67,Lisle,Las Cruces,True,2024-06-02,Boeing 787-8,357758XW,Dexter,Bosnia & Herzegovina,R842MD,1820,0,-8.8,19144.7,19.0,845.3,10868,2005-02-13,economy
01:21:33,01:32:33,FXT45781,AI739,65722999,CO-02218-JV-888,3718.45,Alton,Deerfield Beach,False,2025-01-08,Antonov AN-140,,Ulysses,Curaçao,Y560NJ,5129,1,-11.5,59647.3,114.0,1276.8,43839,2004-05-30,economy
03:24:29,05:26:29,LHB07374,AI930,67126818,YD-36987-VF-210,5209.07,Marquette,Hobbs,True,2024-12-27,Airbus A300-600,146228PZ,Voncile,Eritrea,B103NK,3666,1,-8.2,57852.0,82.0,942.0,28124,2010-03-21,economy
00:54:28,01:49:28,TOW02429,AI822,69236256,QI-26261-XO-579,3835.66,Neenah,Norton Shores,False,2024-12-12,Boeing 737-200,,Julio,Kosovo,O713VS,1671,0,-7.5,29540.8,34.0,803.1,11318,2002-09-21,economy
18:33:43,20:54:43,VOA06701,AI777,61336461,JT-68820-RE-073,3016.04,De Land,Santa Cruz,True,2024-07-30,McDonnell Douglas MD-81,384629RS,Voncile,South Sudan,S991HF,4673,0,7.8,56657.4,101.0,1071.4,26353,2007-11-28,economy
04:15:32,07:04:32,DPD78430,AI416,60849097,YH-33449-XT-289,4789.43,Flagstaff,Garner,False,2024-10-30,Gulfstream G280,,Jessenia,Guinea-Bissau,P233IE,4901,1,-10.8,55657.1,46.0,1003.9,27803,2003-11-29,economy
04:59:30,07:18:30,XQH78324,AI897,62095944,LA-13350-MS-335,2376.56,Kettering,Altamonte Springs,True,2024-05-17,Diamond DA42,746735BJ,Ammie,French Polynesia,R274JK,1549,0,-1.1,17308.4,95.0,846.2,11390,2002-08-11,economy
09:50:38,10:09:38,TBI35095,AI916,65406116,ZH-05802-CJ-644,5099.33,Ann Arbor,Eau Claire,False,2024-12-20,Boeing 707,,Tobi,U.S. Outlying Islands,R026RY,6083,1,-9.6,59196.0,40.0,1566.6,55363,2006-08-10,economy
01:53:24,03:14:24,ABL88348,AI655,68031947,GP-78652-VK-847,5077.06,Redmond,North Tonawanda,False,2024-10-08,British Aerospace ATP,,Abraham,Venezuela,D443FA,1635,1,-11.0,19514.1,98.0,813.7,16752,2001-02-03,economy
01:08:28,02:38:28,VON76469,AI204,62977879,VB-63423-RJ-340,6697.2,Mason,Hoover,False,2024-10-19,Airbus A318,,Shonta,Sweden,U935TI,4786,0,-12.2,55010.9,20.0,1369.0,26238,2004-11-09,economy
01:54:29,04:39:29,QOI27849,AI010,61305146,CO-92551-YG-646,6595.79,Grapevine,Laramie,True,2024-11-26,Cessna 162,810958WJ,Tandra,Tonga,L479YR,5711,1,-6.3,64452.5,96.0,1004.1,43156,2006-05-29,economy
04:00:25,05:50:25,QLO32815,AI951,63399189,GO-20787-BW-400,6637.7,Elmhurst,St. Joseph,True,2024-08-06,Boeing 777-9,722996RL,August,Vietnam,B636MH,5040,0,-5.4,61102.9,22.0,1282.8,36886,2007-06-04,economy
16:18:29,18:57:29,CNB62984,AI190,65257181,TX-55521-XF-250,6711.67,Melrose Park,Marshfield,False,2024-09-30,Gulfstream Aerospace G-159 Gulfstream I,,Marquis,New Caledonia,U834RH,2195,1,-8.1,18879.2,68.0,925.0,18491,2003-04-11,economy
22:56:26,01:42:26,XRN58042,AI175,69826470,MS-18996-YW-036,4274.46,Tallahassee,University Park,True,2024-12-09,Pilatus Britten-Norman BN-2A Mk III Trislander,868824ZD,Norah,Christmas Island,M737RD,1252,2,5.7,13015.8,53.0,826.8,12572,2008-09-24,economy
11:54:38,14:32:38,UNZ32247,AI585,62211147,DZ-89282-BH-233,5167.76,Mequon,Long Branch,False,2024-05-20,Cessna 182 Skylane,,Justin,El Salvador,Y859HG,3012,0,1.4,52670.1,29.0,997.1,29566,2007-12-13,economy
09:57:36,12:26:36,PPA78895,AI406,63763780,YD-98203-BH-595,1210.98,Agawam,Waynesboro,False,2025-01-21,Cirrus SF50 Vision Jet,,Donny,Poland,Y117WB,3642,1,-13.8,63134.1,25.0,986.2,29989,2010-03-09,economy
03:05:40,04:17:40,DSC12425,AI303,68067776,QB-71766-SU-857,1281.15,Lindenwold,Stockton,False,2024-09-06,Gulfstream G280,,Ignacia,Slovenia,G329EP,1576,0,-10.8,19037.6,20.0,802.4,12814,2004-01-14,economy
12:25:28,13:55:28,BBH19301,AI653,63937426,GS-23847-HZ-890,1739.19,West Covina,Providence,True,2024-05-24,Saab 2000,101956TB,Tam,Pitcairn Islands,W876OG,2815,1,8.8,24088.6,113.0,938.4,21924,2009-11-13,economy
17:17:33,20:13:33,YTQ53971,AI679,61815834,DZ-29765-PH-577,3868.12,Ogden,Florence,True,2024-12-17,Cessna Citation Sovereign,510748KA,Stacy,Armenia,D875XY,6130,1,-11.5,63596.3,89.0,1268.8,55405,2007-04-22,economy
08:02:39,10:31:39,EIG97481,AI103,65082781,WY-67832-YG-071,5339.59,Fargo,Knoxville,True,2024-08-29,Boeing 747-300,960730JO,Gaylord,Bulgaria,C596SB,5906,0,-13.7,61028.4,119.0,1363.5,42940,2007-01-07,economy
22:02:41,01:01:41,JOU00331,AI422,63988885,EU-90896-VQ-839,5694.09,Jacksonville Beach,Mason City,False,2024-05-18,Tupolev Tu-214,,Amado,Belize,V225JJ,4196,1,-10.3,57754.1,35.0,1038.2,28595,2003-10-01,economy
12:36:40,14:28:40,RRX09096,AI599,63672466,BV-95071-FE-401,4273.18,Dalton,Revere,True,2024-12-13,Diamond DA42,726110JL,Shonta,Australia,X152MZ,6427,1,-8.7,69091.2,98.0,1508.3,50157,2008-01-02,economy
03:20:25,05:17:25,JKL78725,AI142,66399441,TD-83746-SJ-783,2448.56,Prescott Valley,Providence,True,2024-05-21,Mitsubishi Mu-2,075189TC,Chester,Micronesia,N982NM,6437,1,7.9,66630.3,69.0,1237.3,50830,2002-06-25,economy
12:19:34,13:13:34,FOD58606,AI770,61986366,QT-68811-AK-707,1465.48,Rock Island,Moorhead,False,2024-09-26,Yakovlev Yak-42,,Elmo,Guam,H600FC,1114,3,-6.5,15403.7,114.0,821.2,16938,2006-09-06,economy
02:00:35,03:52:35,MTE12082,AI235,68887722,EQ-35384-HG-599,7047.92,Vancouver,Natchitoches,False,2025-01-05,Boeing 777-300,,Donovan,Ceuta & Melilla,Y606YW,618,3,-10.8,7408.4,62.0,656.9,7018,2008-04-03,economy
01:04:26,02:34:26,LJX98300,AI722,67227521,DU-16524-TF-200,4565.58,College Station,Mason City,True,2024-07-31,Boeing 737-900,281437QX,Romeo,Bahamas,P934UB,2565,0,-12.3,23177.7,101.0,915.6,23780,2001-11-16,economy
00:01:26,01:57:26,DCR52279,AI757,67926361,TR-23669-CY-665,6251.71,Crystal,Wildwood,False,2025-02-24,Boeing 720B,,Hoyt,Croatia,P999XD,5390,1,0.4,55790.9,116.0,1302.8,36186,2007-01-24,economy
05:43:32,08:14:32,OAE23219,AI217,66948039,DB-34436-VR-710,1144.4,San Diego,Vista,False,2024-12-03,Boeing 777-200 Freighter,,Daisey,Serbia,V170QO,4081,1,5.2,61820.3,58.0,1373.5,28648,2009-12-25,economy
23:05:26,00:19:26,ZGI34459,AI663,68245272,EU-51527-DP-603,2115.3,Bowie,Westland,True,2024-11-05,Boeing 727-200,690366HS,Elodia,Liberia,T008KR,4211,0,-6.8,57205.4,35.0,1048.3,26868,2010-11-03,economy
07:02:30,08:18:30,UUH79805,AI297,63469149,KH-65998-VE-534,5563.17,League City,Mint Hill,True,2024-11-10,Embraer Legacy 500,184207GA,Willy,Tuvalu,C906ZW,4266,1,-10.6,62801.7,42.0,1220.0,27825,2008-01-27,economy
04:38:33,06:24:33,KJV56476,AI610,62321157,KF-80381-PN-096,5986.51,Lawrenceville,Missoula,False,2025-01-30,BAe 146-100,,Lyman,Estonia,N374HW,1308,8,8.6,15447.8,114.0,817.4,16128,2002-11-28,economy
23:02:27,01:53:27,YPS07960,AI331,60160723,TG-70079-FG-920,5362.74,Mesquite,Spring Valley,True,2024-08-19,"\"Airbus A300-600ST \"\"Super Transporter\"\"\"",999546QG,Karl,Oman,S244HU,5361,0,-11.9,56708.5,104.0,1292.2,37077,2008-09-15,economy
07:53:27,08:37:27,ZYE97244,AI132,65718367,HH-62343-XD-895,5825.29,Brookfield,Kingsport,False,2024-08-02,Boeing 777-8,,Aron,St. Kitts & Nevis,A136JN,3599,1,-13.4,61412.2,102.0,959.8,29392,2002-12-14,economy
10:47:35,12:29:35,HMG76389,AI982,68476695,GE-51640-OA-802,1466.5,Pawtucket,Washington,True,2024-11-30,Mitsubishi Mu-2,162862VD,Edwin,Congo - Kinshasa,J892XX,5392,0,-7.3,57880.1,106.0,1267.3,43119,2006-09-29,economy
21:32:40,21:54:40,KED17762,AI139,62920033,PL-14511-RU-048,7046.21,Everett,North Miami Beach,False,2024-12-13,Cessna 172,,Roberto,Romania,F742BU,1617,0,4.3,24023.8,40.0,831.6,17976,1998-05-12,economy
19:24:37,21:21:37,YAC98736,AI625,68933952,ZM-25320-XF-298,3391.75,West Linn,Parker,False,2025-02-15,Embraer RJ140,,Oren,Bahrain,L509YL,4895,0,4.6,58939.8,78.0,1133.6,26146,2006-01-11,economy
06:35:42,07:16:42,JQI84355,AI273,63573895,AO-26317-NV-527,5753.96,Asbury Park,Bixby,False,2024-10-05,Embraer Praetor 600,,Claudio,Colombia,E094RT,1341,6,-10.5,15894.1,64.0,808.7,12373,2007-06-10,economy
16:29:24,19:06:24,IZM04585,AI600,69865739,VN-47153-IU-558,4929.8,St. Joseph,Gastonia,False,2024-09-08,Pilatus Britten-Norman BN-2A,,Melissia,Slovakia,H800RN,1885,1,-7.1,16705.5,113.0,815.8,17301,2003-05-31,economy
12:32:43,15:29:43,XPW61056,AI228,66144217,KW-94231-CP-292,7650.12,Mequon,Lawrenceville,False,2024-08-14,Airbus A340-600,,Yuk,Vanuatu,G689DU,1970,0,-7.7,23471.2,25.0,830.9,10104,2005-05-19,economy
04:04:24,06:13:24,IWJ01881,AI924,66578913,RP-33234-NS-141,6526.69,Lake Forest,Wisconsin Rapids,True,2024-07-30,Cessna Citation V,211724IG,Mignon,Turks & Caicos Islands,M402PI,3635,0,-12.5,66507.4,108.0,905.6,25245,1999-07-19,economy
19:55:26,21:46:26,VAA55488,AI748,67397748,AC-98972-WW-430,4949.99,Waterloo,Christiansburg,False,2024-08-29,Gulfstream G650,,Thanh,Guyana,K957FS,1687,0,-13.5,20542.9,94.0,821.8,10210,2007-02-18,economy
01:36:27,04:16:27,MFG99579,AI382,68711902,TY-57472-BP-847,4000.87,Malden,Longview,False,2024-11-08,Antonov AN-24,,Miyoko,Papua New Guinea,D422NM,1468,3,-10.8,17522.0,50.0,819.2,13175,2004-05-26,economy
03:35:34,04:19:34,XLJ95602,AI265,65957992,PT-16474-GA-365,1393.6,Garfield Heights,Port Hueneme,True,2024-08-15,Boeing 757F,749608TA,Rodolfo,Paraguay,V388YI,3426,0,1.2,67498.8,26.0,902.1,25208,2003-04-22,economy
15:12:29,17:29:29,XYP29157,AI657,67120699,PQ-21256-EP-801,3709.3,North Olmsted,Fullerton,True,2024-07-09,De Havilland Canada DHC-6 Twin Otter,089312RC,Odell,Seychelles,N007YV,2714,1,-10.3,24152.3,83.0,909.7,23918,2003-10-05,economy
14:51:42,16:56:42,DHC20286,AI777,67362291,ER-06599-LF-542,5498.1,Baldwin Park,Hercules,False,2025-02-09,Cessna 162,,Stanford,Dominica,P141BG,4876,1,-8.0,68689.1,41.0,1091.7,24637,2009-06-16,economy
06:42:37,09:02:37,AXE92111,AI656,69252496,KM-89968-GU-929,7279.79,Lake Oswego,North Charleston,False,2024-09-15,Boeing 737 MAX 7,,Dustin,Venezuela,L521IE,2548,1,-10.5,23645.2,76.0,926.7,21674,2009-08-23,economy
13:30:26,14:32:26,HII66097,AI079,63721473,PO-60316-DG-579,3031.42,Fort Dodge,Deerfield Beach,True,2024-11-19,Cessna Citation I,960565NJ,Gene,Ceuta & Melilla,S592IW,1081,7,2.1,16512.8,98.0,820.9,12165,2005-11-23,economy
05:37:31,06:45:31,IUU44081,AI332,65228907,SG-85601-EY-812,7004.86,Lake in the Hills,Battle Ground,True,2024-10-20,COMAC C919,804324DC,Katia,Yemen,Z892BM,3467,1,9.8,58341.9,62.0,959.3,25830,2008-10-20,economy
03:29:32,04:06:32,IZD53072,AI852,62619359,LE-02741-GO-097,6297.94,Augusta,Midwest City,True,2024-07-01,Antonov AN-72,535364SG,Garrett,Tajikistan,T446CB,1698,1,1.9,20190.6,38.0,844.6,13044,2008-05-22,economy
19:16:30,20:28:30,NVA90882,AI280,68379739,LK-82028-FO-393,3245.73,Athens,Euless,False,2024-06-01,Bombardier 415,,Felton,Chad,E315NQ,5051,1,1.9,63953.3,90.0,1078.3,36831,1998-08-02,economy
19:11:40,20:22:40,JBG31968,AI280,65551846,GJ-60416-NE-947,5215.59,Las Cruces,Riverside,False,2024-11-21,Cessna Citation X,,Jacqui,Switzerland,I857VX,4177,1,2.6,60610.2,55.0,1111.1,24147,2009-03-10,economy
06:04:36,06:56:36,FEU44844,AI065,62270904,CG-93659-YO-386,793.92,Paramus,Bremerton,True,2024-07-30,Gulfstream/Rockwell (Aero) Commander,996975SD,Jesus,Iran,L470JD,1643,0,-11.4,18503.6,35.0,828.0,12368,1998-01-11,economy
10:19:26,12:04:26,NKI24070,AI337,68351133,DB-48808-LA-837,7855.33,Grand Prairie,North Little Rock,False,2024-08-24,Fokker 50,,Margaretta,Peru,A511EV,1752,0,7.2,28454.2,107.0,802.8,13070,1998-07-06,economy
01:05:27,03:36:27,CMI27743,AI572,67800397,BK-60579-EE-071,3048.03,Passaic,Oak Lawn,False,2025-02-26,COMAC C919,,Gonzalo,Trinidad & Tobago,G640CM,3204,0,-1.2,40876.7,66.0,964.0,27592,2004-11-18,economy
10:50:35,12:23:35,HXG62543,AI008,60051938,OG-55706-FD-031,726.14,Tuscaloosa,West New York,True,2024-12-28,De Havilland Canada DHC-8-200 Dash 8,611425IQ,Mark,Brunei,X778EL,6360,0,-6.3,66069.8,79.0,1489.9,58548,2001-08-17,economy
10:48:33,12:44:33,KWL01371,AI275,62559985,NA-34190-FQ-615,7261.87,Honolulu,Schenectady,True,2024-07-24,Partenavia P.68,188140YV,Toby,Kuwait,Q242YG,2894,1,7.4,23753.5,18.0,934.2,25718,2005-09-01,economy
10:10:43,12:56:43,EZU10590,AI830,67603764,CX-23516-TA-917,1673.61,Bothell,Bellingham,False,2025-01-18,LET 410,,Chantay,Kuwait,J747JB,6237,0,2.8,59119.8,104.0,1649.6,51345,1999-10-21,economy
13:54:31,15:42:31,BIV73380,AI838,69657891,IA-09032-DT-493,5711.28,Forest Park,Prior Lake,False,2025-02-27,Airbus A321neo,,Julian,Turks & Caicos Islands,R691MI,559,4,-5.9,7107.3,119.0,739.0,7945,2005-02-15,economy
04:54:28,05:16:28,UCP25757,AI017,65996951,BW-39307-SV-500,2814.93,McAlester,Hot Springs,True,2025-01-19,Boeing 720B,771614XO,Ashley,Taiwan,B746DM,1942,0,8.5,24793.7,25.0,818.0,10173,2000-04-29,economy
20:24:30,22:14:30,SPB45024,AI293,68634564,IW-39042-RB-968,1907.14,Florence,Fountain,True,2024-06-29,Airbus A300C4,483027ZF,Conception,United Arab Emirates,X175VW,6125,0,0.1,64148.7,17.0,1620.8,56398,2009-10-15,economy
02:31:34,04:27:34,MWK00080,AI830,69683914,GP-08216-OC-072,7474.33,Paris,Mission,True,2024-05-23,Gulfstream G650,020299AG,Terica,Tonga,W898OM,6042,0,7.5,69154.5,62.0,1735.2,59037,2005-09-17,economy
03:54:39,05:50:39,ZAK49240,AI025,63049533,AI-45695-DW-581,1237.54,Casper,Wilkinsburg,False,2024-08-08,Fokker 100,,Madaline,Belize,H452SS,4040,0,-13.1,56832.2,98.0,1380.4,27717,2003-09-30,economy
07:07:37,07:49:37,JWM77284,AI863,68514431,AF-76547-BK-530,6515.5,Wasco,Lathrop,True,2024-12-26,Embraer Praetor 600,490514YN,Johna,Andorra,P799VG,4659,1,5.3,61892.4,92.0,1114.3,24210,2010-01-11,economy
22:37:41,23:33:41,CVU48240,AI488,68485998,DN-39701-FY-604,895.31,Mineola,Granite City,True,2024-08-19,Airbus A220-300,037130FQ,Shawanda,Guinea,R124MD,6146,0,-5.4,65548.9,86.0,1428.6,52985,2008-10-25,economy
13:41:33,15:10:33,FVW00757,AI869,69994351,NB-36701-RH-682,1184.43,Winter Haven,Emporia,False,2024-08-11,Boeing 747-8I,,Lael,Martinique,D844OK,3649,1,-12.6,64613.6,67.0,963.9,26668,2001-08-18,economy
23:26:41,23:58:41,JSS05587,AI299,65074158,CN-55442-TW-479,5301.43,Bensenville,Minnetonka,True,2024-08-20,Boeing 747-100 Freighter,734913QD,Lesha,Macau SAR China,S379KQ,2358,1,-5.4,19595.2,51.0,931.4,16287,2008-03-20,economy
13:40:34,14:14:34,IEK34991,AI884,67329398,VQ-88402-NC-191,3973.84,Colton,Surprise,True,2024-12-05,Douglas DC-10-30,793775MD,Van,Malawi,E678DU,2891,1,-8.1,24279.8,29.0,910.6,22299,2004-02-08,economy
01:54:43,02:27:43,GDC05377,AI335,65205239,FP-41224-TQ-211,643.47,Stanton,Monroe,True,2025-01-11,Hawker Siddeley HS 748,189023AU,Isis,British Indian Ocean Territory,N324JM,2116,0,-1.0,18977.5,44.0,913.4,19723,2005-04-17,economy
15:47:25,16:01:25,QGI31229,AI895,64929602,HI-54786-EX-345,7756.62,Solon,Kissimmee,True,2024-09-26,Boeing 777-8,191173XQ,Luis,Iceland,C435YI,4194,1,-1.4,67852.0,39.0,1050.7,30735,2000-12-23,economy
21:16:26,23:00:26,ZGH85370,AI075,67586049,AJ-88949-WR-528,2110.1,Pampa,Durango,True,2025-02-21,Boeing 777-300,204872ML,Bernarda,Kyrgyzstan,M912WE,1954,1,2.6,23565.0,22.0,839.7,16900,2000-07-09,economy
02:45:27,04:00:27,RFI91927,AI743,69205816,TM-54426-WZ-383,5747.93,Pine Bluff,Martinez,False,2024-10-11,Ilyushin IL86,,Librada,Andorra,H753TE,3606,1,-5.2,67280.3,35.0,961.2,29207,2007-06-23,economy
19:33:29,21:39:29,ICX61703,AI518,65268855,DS-82558-QA-472,1338.87,Yukon,Dearborn,True,2025-01-03,Grumman G-21 Goose,711263HH,Napoleon,American Samoa,O112VX,6252,0,-8.0,67311.9,21.0,1756.8,55444,2008-05-03,economy
03:23:28,04:25:28,VIQ85355,AI711,65425173,BU-59279-VJ-526,4465.65,Missoula,New Philadelphia,True,2024-07-01,Tecnam P2012 Traveller,249295JH,Marco,Barbados,X810RX,4444,0,-6.6,64349.5,118.0,1224.2,27196,2010-12-31,economy
22:58:25,01:49:25,HOZ83490,AI911,61553715,TV-65688-LI-595,7590.29,Cookeville,Albany,True,2024-06-15,Antonov AN-72,577802GR,Gaylene,Austria,Z211VT,2087,0,10.0,19566.3,118.0,911.4,18338,2010-04-14,economy
22:13:28,23:10:28,RQJ40732,AI484,60732247,UR-88947-SY-640,6438.88,Elk Grove Village,Pittsburgh,True,2025-01-09,Airbus A330-200,689927PL,Nicky,Madagascar,C811IS,1624,0,0.4,25396.6,21.0,833.3,17916,2009-02-21,economy
06:29:36,09:11:36,VHM87155,AI110,60076817,MH-41348-TS-050,2373.8,Lynchburg,Manassas,True,2024-06-18,Saab SF340A/B,823803CY,Albertina,Ecuador,W912NO,5713,1,6.7,59486.5,86.0,1149.6,46615,1998-10-05,economy
03:09:40,05:22:40,LTD86979,AI109,67904780,ME-49192-DY-814,5191.98,Lima,Nashville,True,2025-02-24,Lockheed L-182,125853MG,Frances,Nepal,W220YC,4767,0,-10.5,64155.1,98.0,1303.8,27316,2010-05-24,economy
08:14:24,08:55:24,XWF95857,AI915,64055077,FE-23547-FB-130,475.09,North Miami Beach,Lewiston,False,2024-08-19,Embraer Lineage 1000,,Cecila,Trinidad & Tobago,R791EY,2694,1,5.0,24611.9,99.0,913.2,26408,2008-07-14,economy
06:05:35,08:41:35,SSE28439,AI604,61655088,UQ-12640-CC-804,7619.46,South Milwaukee,Munster,True,2024-12-27,Cessna Citation V,238404CF,Mitchell,Guadeloupe,E248EJ,4758,1,5.8,63656.5,17.0,1181.8,30132,2010-10-06,economy
10:54:33,13:12:33,YHI76294,AI756,60819776,XR-39408-UB-145,1695.52,Garner,Reading,True,2024-05-30,Lockheed L-182,131358UB,Audrea,Denmark,B150YR,3714,0,-8.3,63798.0,33.0,940.4,29871,1998-12-11,economy
02:08:28,03:05:28,VKH10940,AI557,64358976,OI-11595-HN-797,5465.52,Vincennes,Wheat Ridge,False,2025-01-31,Airbus A320,,Mila,Malaysia,C532KU,1509,1,6.5,19443.7,67.0,806.2,11545,2010-05-02,economy
05:45:36,08:03:36,ZSQ28911,AI026,68923392,AF-91366-MR-892,4602.85,Normal,Schenectady,False,2024-06-19,Boeing 747-200M,,Allen,Equatorial Guinea,S901KX,4697,1,-11.5,65627.3,34.0,1141.2,30442,2000-11-24,economy
18:09:34,20:37:34,YAT74800,AI091,67644758,ZT-35607-IR-906,1726.95,South Salt Lake,Oviedo,True,2024-08-22,Tecnam P92 Echo,056169OO,Elliot,France,B270WT,925,6,2.8,7261.6,69.0,580.1,6521,2006-09-16,economy
11:01:29,11:49:29,FXH61571,AI725,65990682,FC-11992-XS-054,3415.54,Southfield,Alice,False,2025-01-19,Boeing 737-700,,Emmitt,Bangladesh,C451EE,3427,1,3.8,66132.0,49.0,971.7,27199,2004-03-18,economy
08:50:37,09:13:37,IUY31723,AI132,66527145,OY-31275-OZ-069,6579.63,Tullahoma,Wichita Falls,False,2024-11-21,Ilyushin IL62,,Yuki,French Southern Territories,X352SI,3678,1,0.7,69448.4,100.0,971.6,25712,2003-03-16,economy
07:50:43,08:40:43,HYI85394,AI281,67484664,AH-98760-TE-588,3210.96,Westland,Brook Park,True,2024-12-19,Boeing 777-300,268839EG,Colin,Chad,R125IC,3078,1,-7.6,45026.7,28.0,947.0,26392,2004-12-07,economy
01:21:26,01:55:26,HCU40440,AI006,60458978,GN-67275-HV-477,863.86,Hemet,Galesburg,True,2024-07-02,Shorts SC-5 Belfast,673720PG,Alphonse,Swaziland,I930GC,2367,0,-10.0,18292.7,34.0,919.1,18892,2000-02-28,economy
02:17:27,02:28:27,MHX03466,AI449,66356322,KZ-68163-DF-378,3324.32,Independence,Adrian,True,2024-09-18,Embraer RJ140,007182WG,Hyacinth,Bhutan,H066AU,2256,0,-10.4,18173.5,77.0,913.4,16902,2000-12-05,economy
00:22:35,00:32:35,CFL28266,AI673,60067369,XJ-89533-SA-350,5339.32,Highland,Union City,True,2024-10-27,Bombardier BD-700 Global 5000,185849XF,Simon,Greenland,C720HY,1623,1,-6.8,26601.6,62.0,828.8,13699,2000-05-02,economy
20:36:42,21:06:42,QIZ73732,AI704,62963969,XI-73044-HD-608,2052.14,Hobart,Lansing,False,2024-07-20,Antonov AN-26,,Rhona,Oman,D215HF,789,6,-9.6,7267.4,94.0,648.1,7286,2001-05-30,economy
09:41:43,09:58:43,VRS52526,AI382,69718641,AA-55209-LA-889,1195.44,Plainview,Lauderhill,True,2024-10-19,British Aerospace ATP,526091HK,Karleen,Angola,H616KC,4457,0,-13.1,61230.7,58.0,1182.0,25597,2009-05-25,economy
20:38:31,23:12:31,COR32755,AI302,64666296,RU-35790-OG-944,4396.28,Wheaton,Westbrook,True,2024-11-22,British Aerospace Jetstream 41,369225XW,Britany,Tajikistan,Z322UT,3675,1,-6.3,67835.6,42.0,942.9,27128,2000-05-22,economy
16:26:31,19:09:31,QHH26444,AI188,63918899,CL-55166-CN-906,2773.6,Algonquin,Vacaville,True,2025-03-06,Aquila A 210,659403XB,Jonathan,Norway,T910BR,4161,1,-0.8,60614.2,52.0,1174.0,27331,2003-07-09,economy
20:59:26,23:49:26,BHE75403,AI830,68712604,AZ-36337-WD-331,2221.75,Alamo,Upland,False,2024-12-29,Convair Convair Convair CV-640,,Patria,Dominican Republic,S197VY,1864,0,-8.3,24540.4,88.0,837.3,13095,2009-06-12,economy
23:57:32,00:34:32,KWM29832,AI931,67369256,QL-87172-QX-406,4225.59,Bend,Richland,True,2024-09-12,Tecnam P2012 Traveller,516747EG,Bertram,St. Martin,F724BP,1338,4,-5.9,15067.4,99.0,848.8,15432,2003-04-18,economy
04:07:41,04:25:41,OFA84201,AI335,67892717,FJ-74029-BB-063,958.9,Mineral Wells,Des Moines,True,2024-07-04,Douglas DC-8-50,149032GK,Steve,Seychelles,W669FB,6206,1,-11.8,64135.9,91.0,1796.7,59030,2004-09-15,economy
23:15:40,00:26:40,EGH40784,AI253,63312015,YV-33157-WR-238,3738.23,South El Monte,Elizabeth City,True,2024-08-29,Airbus A310-300,691780VJ,Seymour,Malaysia,J761QC,6108,1,-1.2,57447.3,114.0,1639.0,56010,1999-08-29,economy
03:18:40,04:25:40,OKR25779,AI744,61179229,RF-11079-SY-665,7398.37,Sedalia,South Jordan,True,2024-07-18,British Aerospace ATP,496351ZS,Collene,Sint Maarten,S756VA,2233,1,-9.5,19791.3,38.0,922.0,18689,2001-10-11,economy
08:07:36,09:00:36,CDE50994,AI859,67023626,TN-98227-TT-852,3524.18,Wisconsin Rapids,Rockville,True,2024-11-08,Convair Convair Convair CV-640,660783QC,Pura,Gabon,V626ZI,6499,0,-8.2,62250.6,17.0,1526.1,50882,2000-10-17,economy
06:20:29,08:09:29,GXE72661,AI582,68360934,HS-31921-YK-943,5510.45,Murfreesboro,North Augusta,False,2024-07-24,Cessna Citation I,,Victorina,Tajikistan,Z696SM,2509,0,-10.2,23382.0,46.0,935.4,23601,2000-10-25,economy
01:07:32,03:31:32,CXQ19436,AI007,60316532,HI-87669-XN-072,2547.79,Detroit,Crestview,True,2024-05-19,Dassault Falcon 2000,384960NP,Efren,Aruba,Z611DD,4566,0,1.4,67721.0,68.0,1230.8,27933,2007-09-22,economy
05:37:27,08:09:27,LAM46740,AI075,68689159,EM-40061-RR-737,6338.8,Citrus Heights,Plum,True,2024-12-28,Lockheed L-1011 Tristar,377250WV,Lionel,U.S. Virgin Islands,O574RQ,1981,1,3.1,28824.9,101.0,810.0,16334,2002-04-09,economy
14:42:35,17:15:35,KOM49657,AI466,62706280,NW-98283-QR-403,6613.3,Arlington,Mobile,True,2025-02-13,Beechcraft Baron,070001NG,Dewey,Micronesia,F761JB,1229,3,-6.9,16595.2,31.0,804.3,13657,2007-09-01,economy
12:09:40,13:07:40,QYR73851,AI074,63056027,EJ-07831-FJ-052,1436.8,Boise City,Rutherford,False,2024-11-11,Convair Convair Convair CV-640,,Shira,Turkey,A296BA,6073,1,-10.1,64944.5,98.0,1529.8,54735,2000-05-06,economy
19:47:40,22:38:40,ANF34749,AI966,68935463,ZD-67944-VE-720,1979.66,Woodbury,Apple Valley,True,2024-06-21,Cirrus SF50 Vision Jet,256939HP,Billie,American Samoa,U165EJ,1875,1,-9.3,16046.0,35.0,813.0,17659,2007-05-06,economy
01:58:35,02:26:35,ZBU88980,AI913,67439770,FE-90751-LB-591,5714.49,Farmers Branch,Middletown,True,2024-10-22,British Aerospace Jetstream 32,977502CC,Dede,Timor-Leste,F037NW,5794,0,-13.5,60157.1,77.0,1378.8,40232,2009-01-05,economy
01:25:33,01:39:33,SQH13338,AI109,61740458,QQ-79359-GU-216,2947.39,Warwick,Hudson,True,2024-06-16,Fairchild Dornier Do.228,944492DZ,Jarod,Wallis & Futuna,O789DI,4560,0,3.9,59305.5,72.0,1205.5,24647,2006-03-08,economy
20:04:24,22:27:24,GMM67753,AI904,65334476,LE-22695-PR-992,5337.99,Glendale,Prairie Village,True,2025-02-14,De Havilland Canada DHC-3 Otter,698124FK,Jay,Suriname,X995EZ,5911,1,-6.6,57975.4,28.0,1090.2,45554,2004-08-30,economy
11:03:37,13:08:37,RLE02083,AI706,68443654,DT-16942-VY-684,5960.72,Dana Point,Atascadero,True,2024-07-11,Airbus A330-300,776870DY,Julio,South Sudan,L963NJ,3603,0,-12.3,57298.5,110.0,932.7,27323,2007-07-30,economy
11:06:41,12:12:41,KXY84948,AI736,62413945,NP-16473-US-601,516.04,Oak Ridge,Chicago Heights,True,2024-06-07,Saab SF340A/B,345807PP,Kacy,U.S. Virgin Islands,D653OO,2370,1,-12.7,18157.7,118.0,937.1,17947,2003-02-27,economy
19:15:26,21:34:26,ZUH93576,AI898,60613701,NC-09532-BR-700,7819.29,Apple Valley,Fair Lawn,True,2024-12-06,Boeing 747-300M,066828PV,Mack,Burkina Faso,I697KV,3640,0,-5.8,60907.7,36.0,973.9,27586,1998-09-15,economy
10:13:34,11:01:34,BKV24450,AI459,64256872,AY-70884-BE-627,670.27,Harrisburg,Wasco,False,2024-08-23,Cessna Citation VII,,Angelena,Luxembourg,A243RQ,6282,0,-11.9,62767.7,34.0,1557.5,51454,2000-11-29,economy
02:06:25,04:57:25,TKF98572,AI736,68229709,WG-07129-YO-811,4128.38,Medina,Providence,True,2024-07-05,Learjet 60,127537GQ,Thaddeus,Equatorial Guinea,B166KN,3970,1,-9.7,59614.4,57.0,977.4,26144,2007-04-26,economy
15:49:39,17:19:39,MIN16530,AI127,64416539,SL-71491-XO-713,6194.89,Everett,Walla Walla,False,2024-11-01,Antonov AN-12,,Rocco,Egypt,G963AS,4857,1,-10.6,61586.6,111.0,1172.5,30457,2002-02-20,economy
08:57:26,11:07:26,YMR40669,AI395,67016621,EG-16174-WH-693,7222.28,Mount Vernon,Fort Pierce,True,2024-08-30,Ilyushin IL76,225794TV,German,Philippines,Q563TQ,1698,1,3.8,26518.2,112.0,836.0,12672,2005-08-02,economy
11:01:29,13:23:29,NOF49907,AI848,64028116,BM-17755-DZ-286,6235.61,Independence,Lockport,True,2024-08-22,Tupolev Tu-134,318137YR,Clotilde,British Virgin Islands,V227RZ,3880,0,8.7,55475.8,15.0,917.7,29772,2002-09-13,economy
07:53:34,09:36:34,CNE36343,AI821,60292616,DV-01648-WC-618,1231.57,Oklahoma City,Puyallup,False,2025-01-23,Cessna Citation V,,Pei,Denmark,V861FP,3350,0,-9.1,60429.0,99.0,943.4,28848,2005-09-11,economy
00:11:25,02:32:25,KAM01909,AI862,60840525,AD-06781-FW-209,928.91,San Jose,Conroe,False,2025-01-29,Boeing 747-100 Freighter,,Carey,Portugal,Z820JH,4071,1,-14.0,65345.9,16.0,1319.6,24179,2006-02-01,economy
14:04:31,16:03:31,AEB16031,AI876,67514435,QK-03980-YW-835,5456.97,Franklin Park,East Cleveland,False,2024-12-06,Boeing 757F,,Glinda,Namibia,Q573WJ,6358,1,-8.1,67798.7,60.0,1441.4,55464,1999-02-15,economy
06:24:24,09:15:24,XDZ96153,AI983,69616436,OU-46426-SL-997,7859.47,Medford,Louisville,True,2024-07-29,Embraer Praetor 500,001291LA,Yong,Mauritius,U031CU,4353,1,-12.7,56674.7,48.0,1037.5,25360,2010-01-08,economy
16:18:39,17:07:39,LPJ66120,AI260,68888031,UR-31916-MC-449,6568.09,Mustang,Detroit,False,2024-08-09,Embraer RJ135,,Hal,Guatemala,H997XW,4791,1,-0.9,68152.3,86.0,1043.3,30824,2003-04-23,economy
05:11:27,07:45:27,LAH12617,AI642,63906737,FF-60258-CP-521,1009.9,Libertyville,Bloomington,True,2024-12-08,Airbus A300B4,544071QJ,Jude,Argentina,J692BP,3852,0,-7.5,59115.5,27.0,937.0,29046,2003-07-10,economy
18:59:36,21:32:36,ARZ33602,AI979,63757959,TX-28038-IW-577,5875.48,Matteson,Corsicana,True,2024-06-28,Antonov AN-30,464651BH,Vania,Antarctica,P918FJ,6003,0,-14.9,56030.0,41.0,1561.1,53160,2006-09-07,economy
00:52:39,01:04:39,MPS32035,AI978,66828650,FG-75391-AG-176,4353.79,Burlingame,Everett,False,2025-01-20,Tecnam P2006T,,Jeff,São Tomé & Príncipe,Q291JE,3237,1,7.4,50920.7,119.0,926.6,27585,2010-09-27,economy
08:16:29,11:04:29,AZQ08677,AI930,65344149,KX-77467-QL-974,5334.12,Addison,Deerfield,False,2025-02-14,Shorts SC-5 Belfast,,Lexie,Lebanon,K231GR,2621,0,1.3,24237.6,43.0,914.6,26596,2008-05-07,economy
15:14:39,16:51:39,PZD71751,AI368,63240104,EX-36889-PW-954,4474.41,Shreveport,Hazleton,False,2024-12-13,Airbus A350-1000,,Tien,Svalbard & Jan Mayen,Y134WB,5809,0,-13.6,69772.6,31.0,1021.4,43774,2010-10-20,economy
09:50:34,11:51:34,NEW87385,AI658,67909265,JS-15255-MB-038,2639.93,Libertyville,Newport News,True,2025-01-17,Antonov AN-32,618992RB,Wilbur,Tonga,J721VY,5814,0,-10.4,65118.1,81.0,1301.7,43396,2009-07-02,economy
13:26:34,14:57:34,VAN88736,AI336,66059081,UY-30312-IY-345,4393.26,Detroit,Trotwood,False,2025-01-15,Canadair Regional Jet 1000,,Tiffiny,Fiji,M743XT,4592,0,-8.7,56433.3,107.0,1323.9,30708,2000-07-19,economy
06:22:27,06:37:27,TSF73508,AI035,67208910,PQ-86757-KB-938,4547.67,Northport,Paramount,True,2024-08-02,Ilyushin IL76,766939HL,Anjanette,Sint Maarten,Y364UF,2446,1,-7.7,19644.6,83.0,919.0,17090,2010-12-18,economy
12:12:40,12:56:40,TPP26286,AI923,61367535,ZL-05382-AY-524,2865.96,Munster,Dana Point,True,2024-06-25,Boeing 787-9,331416RM,Eugenio,Bosnia & Herzegovina,A850FJ,4729,0,3.9,57446.2,39.0,1242.8,30698,2007-06-20,economy
13:13:35,15:01:35,SWS74204,AI346,66457179,II-57999-VV-897,5718.46,Twinsburg,Herriman,True,2025-02-24,Partenavia P.68,425838VB,Leonore,Liberia,D842WN,1196,6,6.8,15019.6,17.0,811.1,11514,2006-10-27,economy
10:21:34,11:03:34,IVN03362,AI385,62027191,ZR-80835-LZ-347,7421.86,Green,Marshall,False,2024-11-20,Tecnam P2012 Traveller,,Rafael,Tajikistan,H974RR,3571,0,-10.5,67545.0,89.0,933.0,27510,2009-07-29,economy
13:05:37,16:00:37,YPI24397,AI812,62755823,GI-94438-PW-133,2609.18,Edmond,Broadview Heights,True,2024-12-12,Cessna 182 Skylane,894200RR,Charley,Bahamas,W717QW,5089,1,-6.0,62908.5,34.0,1052.1,38539,2007-11-15,economy
21:41:25,00:02:25,MDN28901,AI082,68908330,OW-36068-OI-843,3144.24,Victorville,Cleburne,False,2024-11-03,Airbus A300C4,,Dan,Christmas Island,G643NW,2593,0,-1.3,24770.7,54.0,914.5,25254,2004-06-17,economy
17:15:30,17:59:30,RSL54483,AI105,62476816,GR-24743-YW-292,7982.18,New Hope,Hazleton,True,2024-10-02,Curtiss C-46 Commando,419034AT,Donnetta,British Virgin Islands,K435IB,4245,1,6.1,58624.9,91.0,1236.2,28025,2009-11-07,economy
19:41:38,20:43:38,MJD54830,AI398,60237989,XC-08634-KM-445,1698.72,Wooster,American Fork,False,2024-11-03,Piaggio P.180 Avanti,,Carolin,Anguilla,K077LY,5179,1,-5.6,61749.9,63.0,1103.7,40123,2000-04-14,economy
07:19:38,10:01:38,UMH30396,AI343,68672566,YU-35700-BP-878,2792.97,Chowchilla,Miamisburg,True,2024-11-08,Antonov An-158,141436UR,Johanne,Samoa,A225XY,6383,0,-11.9,64972.2,86.0,1638.4,51893,1998-01-21,economy
20:44:36,21:24:36,WJI90184,AI627,61698064,TA-20289-LS-582,674.71,Steubenville,Bend,True,2024-12-07,Convair Convair CV-640,825742BX,Heath,Congo - Brazzaville,K189YE,4179,0,-7.9,55585.1,103.0,1156.2,29482,2007-12-02,economy
16:11:37,18:44:37,EQR69106,AI916,68808715,RE-04723-YC-456,2611.7,Hutchinson,West Allis,True,2025-02-28,Hawker Siddeley HS 748,517030MF,Aaron,British Virgin Islands,F135KY,3047,0,-9.6,56211.7,105.0,923.1,28314,2006-06-14,economy
07:32:39,10:23:39,TCR73462,AI587,60248970,TD-80776-HA-100,7892.91,East Chicago,Margate,False,2024-11-11,Bombardier Global Express,,Kenton,Latvia,O449IL,6347,1,-10.9,56272.9,118.0,1304.4,56189,2003-12-15,economy
13:32:25,15:53:25,TTX18133,AI776,63292513,ZS-07078-CA-214,3699.24,Redmond,Bangor,True,2024-06-03,Boeing 777-200 Freighter,427912JV,Letty,Congo - Kinshasa,R466OW,3757,1,-10.5,55428.7,113.0,948.4,28580,2004-07-08,economy
04:40:30,05:37:30,DNI49311,AI985,63601607,WY-44021-IJ-900,6120.76,Alameda,Rancho Mirage,True,2024-06-21,Airbus A300B4,977829RK,Honey,Estonia,N109CB,2648,1,4.8,24565.7,115.0,942.7,22481,2010-05-21,economy
04:39:42,06:02:42,KRE47805,AI786,66397218,UJ-58707-JG-184,7463.34,Hilton Head Island,Daphne,False,2024-12-05,Airbus A310-200,,Shaunta,Vietnam,B396YN,1245,2,-14.2,14284.2,95.0,814.4,17987,2009-07-23,economy
15:54:26,16:09:26,RPV16529,AI236,66004762,PK-34150-NI-703,5466.06,Benbrook,Cerritos,True,2024-06-26,BAe 146-200,201697CB,Shirl,Kiribati,H512YG,1439,8,-9.5,17538.8,83.0,818.3,10949,2007-12-08,economy
15:05:39,17:30:39,IMS52576,AI750,68419131,ZG-94996-DM-210,1400.09,Oakdale,Poughkeepsie,False,2024-08-26,Antonov AN-26,,Sydney,French Southern Territories,N769BK,4569,1,-10.7,64446.0,94.0,1351.0,27845,2004-03-12,economy
22:58:31,23:42:31,SSH39524,AI304,62684922,OQ-50309-NM-102,2932.96,Deer Park,North Richland Hills,True,2025-02-03,Embraer RJ135,161217XV,Jenette,Cocos,L667XR,6145,1,-12.6,64525.7,100.0,1274.0,58204,2009-06-29,economy
18:58:31,21:54:31,BVZ28461,AI605,66909419,VI-85140-QP-081,1675.98,Northport,Miami Beach,True,2024-07-17,Boeing 747-400M,607818YV,Guillermo,Poland,P936PS,5423,0,-8.9,68216.1,37.0,1312.8,40331,2004-11-13,economy
03:51:25,04:44:25,BHP28930,AI795,63299581,JZ-16992-CT-743,2857.44,Beaverton,Coachella,False,2025-01-05,Avro RJ85,,Devora,French Southern Territories,E333SB,1215,2,-6.8,16267.6,107.0,812.6,14621,2005-08-31,economy
19:34:37,22:26:37,HSW65825,AI993,61809875,NW-39097-XD-687,1820.42,St. Petersburg,Warrensburg,False,2025-02-27,Bombardier BD-700 Global 5000,,Jolanda,Kosovo,W357LT,3178,0,-8.8,55638.9,37.0,924.0,25192,2002-06-15,economy
14:56:37,15:48:37,ZUA68925,AI772,62544310,AL-24337-TS-024,4803.5,Charlotte,Palm Coast,True,2024-06-14,Tecnam P92 SeaSky,824026DD,Elijah,Honduras,N675BZ,1856,1,-14.6,25927.2,23.0,805.2,11256,2006-07-10,economy
16:51:35,17:48:35,RYQ22002,AI806,65285405,BC-79461-PX-057,660.38,Fort Myers,Brooklyn Park,False,2024-10-25,Douglas DC-9-50,,Merideth,Samoa,Z091PF,6453,0,7.7,63436.7,37.0,1413.3,52287,2004-01-03,economy
15:43:39,17:57:39,ZIH74961,AI204,62794921,PD-87195-QO-416,6352.32,East St. Louis,Winter Garden,False,2024-12-17,Saab 2000,,Antwan,Antarctica,E865HR,2569,1,3.9,22666.5,30.0,931.6,22151,2003-05-17,economy
15:32:31,18:09:31,CMX95868,AI572,65491517,CV-41613-PU-375,3683.33,Allen,Ann Arbor,True,2025-01-07,Boeing 737 MAX 10,575539SH,Reggie,Mexico,Z148CH,3137,0,-8.3,52478.9,112.0,992.6,27572,2004-08-31,economy
02:02:43,02:43:43,FBZ61205,AI322,60279625,RX-80172-YB-401,3384.93,Denison,Carson City,True,2024-07-09,Pipistrel Taurus,483730IG,Stormy,Gibraltar,I566ZQ,4053,1,9.9,59984.5,34.0,1144.2,25696,2010-03-10,economy
21:12:31,22:23:31,KCZ59191,AI196,68152636,HC-15323-HO-522,3648.36,Lindenhurst,Milwaukie,True,2024-09-15,Boeing 757-300,384288CQ,Tory,Niue,U639QT,5905,1,3.9,67379.1,32.0,1321.1,47461,1999-09-06,economy
10:16:24,12:43:24,KVB52900,AI071,66038634,WV-62697-LO-152,2219.42,Bixby,Durant,True,2024-08-08,Antonov AN-124 Ruslan,376426CU,Julius,Costa Rica,B678NH,1512,0,-10.0,24030.0,115.0,824.3,12242,1998-12-31,economy
02:32:36,04:51:36,CQL71859,AI028,62089556,GQ-37423-LL-138,1403.66,Livonia,Alvin,True,2024-05-17,Fairchild Dornier 328JET,910497HP,Fausto,Myanmar,P939FO,5025,1,4.6,58896.6,71.0,1301.5,39267,2010-01-09,economy
23:04:37,01:37:37,QEM23085,AI143,67745188,QI-73237-IQ-354,2603.97,Johnstown,Asbury Park,False,2024-11-16,McDonnell Douglas MD-83,,Weldon,Monaco,V727FH,1970,0,-7.0,23952.9,114.0,846.4,11406,2009-07-08,economy
23:00:33,23:34:33,QQW82443,AI154,66440917,UD-73766-TC-725,6285.44,Kent,Cabot,True,2025-01-29,Douglas DC-8-72,451679ZQ,Gerardo,Rwanda,X105XA,2192,1,-13.3,19060.6,40.0,929.7,18468,2002-07-22,economy
17:29:26,20:16:26,UCI55343,AI778,67358791,RU-61834-RP-938,7326.82,Freeport,Geneva,True,2025-01-30,Boeing 787-9,161414WE,Matthew,Angola,L617XO,6469,0,4.8,69949.9,52.0,1505.3,58927,2001-06-16,economy
14:25:35,15:10:35,TFH63420,AI014,62965805,AA-17377-FB-052,3399.23,New Castle,Downers Grove,False,2024-07-03,Antonov AN-24,,Darrin,Romania,A295TO,3859,0,-12.9,61105.9,65.0,976.8,29285,2001-06-06,economy
10:36:26,11:13:26,PYR46531,AI912,67758946,YV-71579-GT-066,5534.93,Portland,Fort Walton Beach,False,2024-07-14,Fokker 50,,Janett,French Southern Territories,A484OI,1256,5,-9.1,16553.8,76.0,815.6,13262,1999-06-21,economy
06:38:41,09:21:41,GKJ43909,AI692,60169694,NM-86537-VN-415,3786.84,Victoria,Del City,False,2024-06-18,British Aerospace Jetstream 31,,Makeda,Ecuador,T131UX,3358,0,-14.4,67447.9,90.0,900.9,27903,2004-11-08,economy
00:00:38,01:34:38,UDN77059,AI802,62876006,SB-82461-BC-762,2937.21,Mandan,Terre Haute,False,2024-07-04,Airbus A340-600,,Kelley,Haiti,Y538HV,4125,1,-10.2,63186.6,44.0,1113.3,26778,2010-01-10,economy
03:06:33,05:30:33,AAT14099,AI673,65022001,ZW-88697-WR-163,3271.88,South Bend,Beverly Hills,False,2024-06-13,Canadair Regional Jet 900,,Brad,Croatia,U750RD,5201,1,0.3,62009.7,89.0,1081.3,43582,2008-06-19,economy
04:51:42,05:37:42,OXP98265,AI176,63550879,MG-80095-KB-793,6238.37,Hemet,Utica,True,2024-11-26,De Havilland Canada DHC-3 Otter,966416WA,Deon,Bermuda,R524YI,1602,1,8.2,29459.3,53.0,847.2,11342,2001-02-26,economy
00:11:34,01:39:34,HUN78289,AI716,62843538,IY-86306-AL-953,4050.87,Key West,Culver City,True,2024-10-29,Boeing 747-400M,729159EA,Jerrod,Cayman Islands,C944EB,4770,1,-5.9,66445.3,52.0,1186.2,25140,2003-03-30,economy
18:57:30,19:12:30,ZPP30982,AI892,61842346,TI-30607-SK-022,2257.89,Lakeland,Battle Ground,True,2024-12-15,Embraer RJ135,376025BR,Violette,Poland,O790GJ,3901,1,-13.1,64347.5,99.0,911.6,29510,2007-02-18,economy
11:26:25,13:21:25,LWK47663,AI965,68985297,AX-03467-WD-134,6771.9,Layton,Yorkville,False,2024-05-22,Antonov AN-12,,Christian,Bermuda,R846AD,1146,7,-8.6,12679.6,22.0,842.1,15956,2004-11-28,economy
04:49:36,05:50:36,ODE59411,AI044,68741813,YD-32425-TF-975,515.83,Prescott Valley,Evansville,False,2024-07-03,Learjet 35,,Ike,Sri Lanka,K036NX,2678,1,-11.7,22658.7,114.0,935.9,21408,2001-10-04,economy
10:59:38,11:58:38,DJJ53990,AI464,63037931,PD-64953-BL-391,1835.9,Summerville,St. Petersburg,False,2024-07-30,Boeing 737 MAX 7,,Ronny,Guernsey,I483VN,6378,0,-7.6,67223.2,62.0,1352.6,53431,2002-02-15,economy
11:35:24,14:06:24,CQL91464,AI863,62244684,WD-78298-HY-409,1915.39,Port Hueneme,Parkland,True,2025-01-09,Boeing 717,370976XH,Danuta,Angola,F784SK,5215,0,-13.7,56348.9,58.0,1006.2,40902,2000-06-08,economy
17:15:37,17:57:37,GVT75233,AI646,66170921,XB-86449-FO-744,1646.57,South Pasadena,New Hope,False,2025-01-27,Cessna 208 Caravan,,Jolanda,Tristan da Cunha,F288GL,5457,0,-13.9,60871.5,34.0,1399.2,43644,1999-06-09,economy
08:25:42,09:18:42,XHD80265,AI602,61583206,DH-26572-ZT-718,7240.35,The Colony,El Cajon,False,2024-11-02,Diamond DA42,,Bernardo,Guadeloupe,E911BJ,4997,1,-14.5,61860.2,81.0,1259.0,30012,1999-12-03,economy
00:15:42,01:00:42,ONU65976,AI083,67288351,YI-96035-CS-606,6620.57,Honolulu,Rexburg,True,2024-11-09,Cessna CitationJet,149683LL,Nelia,Latvia,B604JH,4942,1,-1.9,67484.1,39.0,1012.0,29537,2008-01-30,economy
16:22:40,17:57:40,ADY34580,AI525,60908886,AA-35898-OP-491,4251.05,Royal Palm Beach,Huber Heights,True,2025-02-25,Pipistrel Taurus,466439BP,Dorian,Somalia,Y253ZA,2916,1,-10.8,24291.5,111.0,939.2,25329,1999-09-08,economy
19:04:26,19:16:26,JZA40919,AI412,67394441,MH-52517-RH-936,1185.39,La Verne,Cleveland,True,2024-10-24,Cessna 152,387066CL,Shawn,Jamaica,B462EW,5575,1,-9.4,63971.8,63.0,1170.7,41764,2008-05-03,economy
17:01:40,17:56:40,HHW61671,AI012,65029666,KT-46115-TR-357,799.27,Garner,Wichita Falls,False,2024-07-09,Airbus A300B2,,Merrill,Philippines,H242LM,2000,1,-13.6,20792.8,55.0,821.9,13457,1998-04-12,economy
21:18:31,22:07:31,TBN29122,AI949,63586683,IF-44027-PZ-687,5683.96,Medina,Dolton,True,2025-03-04,Ilyushin IL18,980750OB,Chang,Bhutan,G363UR,3569,0,5.0,69153.5,19.0,978.9,29326,2005-01-04,economy
11:18:27,11:47:27,VGU98393,AI769,69027065,OZ-25599-AF-399,3298.35,Machesney Park,Laguna Niguel,True,2025-02-10,Dassault Falcon 50,304990MT,Shandra,Palestinian Territories,N103RM,4869,1,-5.7,68487.5,31.0,1381.1,29033,2005-02-04,economy
19:06:32,21:32:32,OJZ50663,AI858,66714305,CT-68121-HB-900,2604.59,Bowie,North Richland Hills,True,2024-10-22,Convair Convair CV-600,962369BB,Nicolas,Tokelau,R089HT,2748,1,-1.8,24376.3,54.0,933.7,26262,2001-05-31,economy
00:16:38,00:49:38,ADH73813,AI601,65870279,PR-18733-PL-860,2719.05,Anoka,Kissimmee,True,2024-05-13,Avro RJ100,967906WP,Hugh,United States,U560CJ,6303,0,-9.9,55081.8,45.0,1477.0,57870,2009-07-30,economy
07:50:37,10:47:37,AZJ97660,AI316,68676889,TN-89493-IR-325,1318.17,Largo,Bourbonnais,True,2024-07-01,Bombardier BD-700 Global 5000,239649OV,Blaine,Mali,M626YO,3540,0,8.6,57212.5,48.0,965.7,28897,2004-10-04,economy
00:09:25,01:30:25,KHS25696,AI549,62064320,ZJ-74380-OO-870,3920.11,Suffolk,Paramount,True,2024-07-22,LET 410,183635YF,Darrin,Malaysia,Z644WJ,3384,0,-13.7,61257.2,95.0,919.9,27537,2006-07-20,economy
03:20:28,05:34:28,LAR86975,AI097,67057640,GF-25262-QX-748,4307.31,Belle Glade,Long Beach,True,2024-07-26,GippsAero GA8 Airvan,160108PE,Violette,Brunei,K675FZ,5803,0,4.1,55342.8,112.0,1059.6,47655,1999-07-29,economy
13:19:26,15:28:26,QWI64420,AI393,62334233,MW-23242-NX-193,5070.35,San Dimas,Winchester,False,2024-09-10,Convair Convair Convair CV-640,,Joey,Haiti,T318VF,4896,0,-12.2,63634.1,113.0,1264.2,29227,2003-07-11,economy
01:50:25,04:14:25,DQP30909,AI434,61267240,VK-11630-EB-494,4345.98,West Fargo,Hoffman Estates,False,2024-11-20,Saab SF340A/B,,Drema,Cook Islands,D356PF,3751,0,2.7,67445.8,51.0,934.4,26781,2003-09-10,economy
12:45:37,13:30:37,WCM35776,AI894,62410954,EY-27101-GQ-087,7452.26,Mount Prospect,Ogden,True,2024-08-28,De Havilland Canada DHC-3 Otter,909638TR,Sidney,Dominica,M644ZU,3899,1,-12.6,68417.0,67.0,956.9,26908,2003-05-20,economy
10:17:43,12:29:43,YHU76186,AI921,63844093,BM-13436-TS-869,694.56,Pembroke Pines,Temecula,False,2024-06-10,Pilatus Britten-Norman BN-2A Mk III Trislander,,Alfonzo,North Korea,M547QO,4311,1,1.2,60196.1,72.0,1360.4,24038,2007-10-08,economy
02:54:25,04:30:25,GNS00190,AI267,68548116,VJ-32127-MF-910,2575.47,Natchitoches,Williamsport,True,2025-01-12,Cessna CitationJet,996668SF,Lorrine,Western Sahara,F616PP,2659,1,-14.7,22500.6,63.0,911.6,20645,2000-09-28,economy
05:20:31,08:12:31,QZU15838,AI877,60246091,SS-84219-QF-901,852.72,Walla Walla,Rancho Cucamonga,True,2024-10-24,Bombardier BD-700 Global 5000,278990MA,Mack,Morocco,C668EO,4208,1,-14.6,60491.7,81.0,1010.5,28574,2004-05-08,economy
03:18:28,04:30:28,ZTK07400,AI276,69489313,OW-54495-VC-076,2688.38,Adelanto,Miami Beach,False,2024-07-11,Douglas DC-9-20,,Lera,El Salvador,A397NZ,2523,0,1.3,24080.2,104.0,948.2,23110,2009-08-26,economy
04:29:42,06:11:42,ZSP87894,AI811,64172055,XL-10037-OJ-187,7443.24,Sevierville,San Marcos,True,2024-06-12,Antonov An-148,194807XM,Andres,Cook Islands,K721VY,2869,1,-9.0,22875.1,102.0,909.6,24074,1998-11-14,economy
17:29:31,18:18:31,UCT34207,AI632,66946809,JC-54148-QN-329,4596.45,Merced,Ardmore,False,2024-06-26,Harbin Yunshuji Y12,,Elden,Kenya,B826PV,6500,1,8.5,58241.4,99.0,1772.4,55123,2004-11-26,economy
00:55:29,02:33:29,OMI91768,AI765,69065179,GC-99696-UI-674,7439.75,Manitowoc,Orange,False,2024-10-15,Boeing 777-9,,Lonna,Congo - Brazzaville,U704PS,1413,4,-12.5,13992.6,107.0,832.6,11170,2000-12-18,economy
22:04:33,00:26:33,UQR59609,AI088,66604362,RV-40796-EJ-002,5692.73,Beaverton,Sedalia,True,2024-05-21,Tupolev Tu-144,542569CY,Mathew,Seychelles,S171BT,4303,0,-9.2,62379.6,53.0,1109.5,30475,2005-08-15,economy
17:16:27,18:58:27,VIQ31081,AI427,69981293,WR-25574-LI-594,2726.3,Duluth,San Bernardino,True,2025-01-11,Airbus A340-200,475721WE,Stefan,Vanuatu,F556PO,5200,1,-8.3,63323.0,21.0,1132.8,35528,2001-07-10,economy
19:29:24,21:53:24,PSZ72174,AI855,62184875,QQ-41327-UC-686,6330.9,Beaumont,Covington,False,2024-11-23,Boeing 747-200F,,Chance,Eritrea,R682XW,4847,0,8.7,56523.6,95.0,1118.3,27361,1998-01-21,economy
02:08:28,04:19:28,NJM79820,AI639,60061325,XM-81065-IH-699,4935.24,Minneapolis,Madisonville,True,2025-01-28,Boeing 747SR Freighter,242996FD,Noriko,Cocos,R425RJ,1650,0,-1.8,17163.7,93.0,829.6,16244,2004-12-11,economy
09:30:25,09:51:25,WHE88598,AI479,62371902,PD-96695-WE-829,7442.91,Conway,Richmond,True,2025-01-31,Boeing 747-400F,867226IR,Doyle,Niger,D728TL,5073,0,3.9,57016.1,40.0,1177.7,35924,1998-05-27,economy
03:55:35,05:35:35,WDM41622,AI194,67340911,RC-69248-PM-181,7529.09,Hastings,Dodge City,False,2024-05-25,Gulfstream Aerospace G-159 Gulfstream I,,Columbus,Cuba,H987YV,2132,1,4.9,19584.1,21.0,910.1,17791,2008-04-28,economy
21:27:29,23:00:29,WXI15328,AI052,62380757,CD-35574-QV-494,4585.01,Fairfax,Perth Amboy,True,2024-11-12,Partenavia P.68,906313TX,Boyd,Taiwan,Q809QM,4993,1,-9.8,64158.5,102.0,1156.9,25970,2006-03-18,economy
07:21:27,09:06:27,EVR02772,AI094,66976054,AV-34112-GA-199,1769.06,Rock Springs,Twin Falls,False,2024-10-08,Fairchild Dornier 328JET,,Maynard,Cameroon,K046ER,6391,0,-5.8,56789.1,71.0,1403.7,50115,1998-05-06,economy
19:02:27,21:52:27,HWR46218,AI802,63993773,OT-68254-BB-302,1759.64,Wilson,Milpitas,True,2024-12-03,Cirrus SF50 Vision Jet,880326MK,Malcom,Finland,B884FQ,606,8,-13.7,7081.7,20.0,610.5,5991,2002-06-26,economy
14:46:30,15:28:30,RYY01118,AI317,67351357,XG-59242-NB-148,1470.56,South Bend,Palm Coast,False,2024-09-25,Canadair Regional Jet 700,,Carisa,Botswana,G410KG,3122,1,-7.6,54602.8,29.0,979.1,29698,2005-10-02,economy
06:52:35,08:59:35,TBE51728,AI785,68622571,OK-22607-BF-353,4788.71,Hagerstown,Dover,True,2025-01-04,Beriev Be-200 Altair,645197ZK,Antione,Belarus,A278LK,2011,1,-12.9,19453.6,68.0,937.4,16457,2005-09-15,economy
09:46:26,11:42:26,JQN49132,AI563,65026950,SL-77708-NB-755,4229.96,Cerritos,Xenia,True,2024-09-20,Tupolev Tu-144,728444KB,Florencio,Liberia,C175EF,5137,0,-5.5,65503.3,89.0,1090.9,44774,2005-07-26,economy
20:24:36,21:16:36,ZCT06625,AI704,67140181,PW-10242-MO-297,7283.1,Weirton,Eureka,False,2024-11-17,Fairchild Dornier Do.228,,Ruthanne,Christmas Island,A646IQ,4050,0,-10.6,63795.6,37.0,1066.9,28182,2006-10-08,economy
07:18:41,08:59:41,VBC50851,AI857,66491651,AQ-78523-KT-240,7169.56,Cortland,Minot,True,2024-12-15,British Aerospace Jetstream 41,581779IM,Milan,Brazil,P828YF,1367,6,-14.9,17314.2,98.0,849.0,16602,2005-05-06,economy
08:26:39,09:42:39,SKD11543,AI559,69670213,MP-62400-YI-244,3034.37,Newport News,Fairhope,False,2024-10-01,Honda HA-420,,Denisse,Turks & Caicos Islands,J956HE,2113,1,-13.8,18988.1,18.0,919.7,15839,2004-06-07,economy
10:01:32,10:24:32,FCK31382,AI171,63551652,RN-84485-UP-654,4320.4,Richfield,Vicksburg,False,2024-10-31,Cessna Citation VII,,Eugena,British Indian Ocean Territory,T751KK,734,7,-12.1,7344.7,77.0,553.9,7203,2000-05-18,economy
15:48:37,16:27:37,GAL43192,AI078,63701279,LJ-84371-VR-989,3204.61,Flagstaff,Willoughby,False,2024-10-28,De Havilland Canada DHC-2 Turbo-Beaver,,Shandi,St. Helena,V198FG,2101,1,-5.3,19983.4,21.0,948.7,15365,2006-12-11,economy
11:27:28,12:53:28,AZO15920,AI653,63021251,MN-32543-NU-774,3386.6,Lynnwood,Elk Grove Village,False,2025-01-23,De Havilland Canada DHC-2 Beaver,,Edmund,Japan,J811LS,3605,0,-7.8,57908.5,58.0,956.0,27712,2000-11-14,economy
14:00:40,15:40:40,XGK02288,AI121,65722394,XT-19406-DG-461,5931.32,Lockport,Saratoga,True,2024-10-13,Douglas DC-9-40,646322HY,Dani,Ghana,R014QZ,1551,1,-11.3,28863.6,19.0,844.1,15739,2007-05-01,economy
06:27:31,08:51:31,DYK70602,AI864,65850574,UN-49464-RV-909,3416.97,Bainbridge Island,Plum,False,2024-10-22,Airbus A330-300,,Ambrose,Armenia,B720ZZ,2246,0,-13.4,19740.6,119.0,910.7,16497,2006-02-09,economy
00:23:32,00:44:32,QWB29492,AI669,60336995,AO-61875-MJ-038,1703.48,Cedar Rapids,Wilkes-Barre,True,2025-02-18,Douglas DC-9-20,707446FE,Amado,Turkey,S226EQ,5237,1,-6.4,66479.6,106.0,1006.4,40417,2001-12-08,economy
19:26:38,21:32:38,LWR60405,AI338,66219767,FB-07547-UQ-451,4781.57,Springfield,Barberton,True,2024-11-02,Boeing 757F,108432GW,Dee,Namibia,O309EP,2053,0,-9.6,18710.6,83.0,910.4,17901,2006-06-02,economy
09:52:30,10:25:30,IQF22893,AI449,66068001,VP-50820-OO-372,3280.15,Spokane Valley,Acworth,False,2024-05-13,Embraer Legacy 450,,Jonas,Portugal,W446BI,2280,1,-2.4,18280.3,109.0,934.1,16188,2005-06-01,economy
22:34:24,00:20:24,RRZ46042,AI191,62774777,OX-59968-VX-663,3772.47,Scranton,Greenacres,True,2024-10-14,McDonnell Douglas MD-88,298796FG,Daisey,Morocco,Z384KO,3380,1,-7.3,67833.1,51.0,908.9,27360,2010-10-18,economy
17:23:38,19:49:38,NWA74169,AI930,60275952,FV-62665-JW-542,850.69,Walker,Hoboken,False,2024-10-24,BAe 146-300,,Kevin,Slovakia,J198CQ,2701,0,-6.3,22667.9,112.0,921.1,24639,2009-11-07,economy
03:32:29,04:32:29,PRB03572,AI206,68404117,UV-95464-MJ-922,2044.1,Wichita Falls,Baldwin Park,True,2024-08-19,Airbus A340-300,710421MH,Quintin,Åland Islands,V925LI,1148,2,3.6,15257.8,109.0,827.8,17309,2007-01-16,economy
08:40:37,10:23:37,ZUM37729,AI414,67621072,NU-75474-BT-947,3005.05,Lake Oswego,Keller,True,2025-01-04,Cessna Citation Mustang,094239IE,Dee,French Southern Territories,A403HK,5454,1,-12.2,58898.8,43.0,1261.6,38776,2006-08-05,economy
16:36:28,16:58:28,KKO53666,AI988,69618729,OE-71113-TE-508,2304.74,Southfield,Paterson,True,2025-01-11,Boeing 787-10,178552US,Jazmine,India,X504UV,4117,0,-5.3,68633.9,23.0,1330.6,25044,2000-10-28,economy
23:23:43,01:24:43,UUJ73836,AI646,65854520,EP-76653-EY-186,4230.88,Denton,Spanish Fork,True,2024-12-01,Boeing 747-200M,467708UN,Reuben,Bahrain,Z396QT,3252,0,-14.9,59698.4,98.0,906.3,29273,2009-06-30,economy
18:02:40,20:50:40,UVH76122,AI825,65676305,KS-84347-YZ-452,5811.72,Peabody,Shawnee,False,2024-10-06,Tecnam P92 SeaSky,,Clark,Cyprus,Y355IY,3760,1,-14.9,69998.8,105.0,915.8,25385,2004-09-21,economy
13:27:33,13:49:33,GVL51117,AI587,65533385,MR-67646-LK-277,6435.07,Bloomingdale,Fort Walton Beach,True,2024-08-02,Bombardier Global Express,846216FA,Vena,Brazil,E437CI,5127,0,3.3,67344.8,48.0,1166.1,38428,2008-06-28,economy
19:55:34,20:24:34,BZB36267,AI611,65663992,AS-27598-UV-764,2510.48,Columbia,Brownsburg,False,2024-06-27,Antonov AN-32,,Wilber,Russia,J452BO,3165,0,0.8,41448.9,18.0,927.0,29021,2003-10-14,economy
08:00:37,08:40:37,UMZ45068,AI867,67616293,BW-62562-ST-330,7966.52,Clemmons,Dover,True,2025-02-05,Boeing 737-900,187790OV,Raisa,Honduras,K463AK,601,3,7.8,7290.2,37.0,515.9,6423,2003-03-27,economy
19:09:25,20:07:25,FPT28525,AI432,66094485,IL-16872-MZ-187,6915.35,Centerville,Lynbrook,False,2025-03-03,Canadair Regional Jet 550,,Shawana,South Georgia & South Sandwich Islands,L122PI,1661,1,9.6,19501.7,92.0,842.6,13466,2002-05-29,economy
01:28:31,03:31:31,JRB86794,AI433,63637426,SW-34463-ZT-497,1809.3,Hot Springs,Rochester Hills,True,2024-05-29,Airbus A310-300,316775PQ,Neal,Macedonia,R397KI,2184,0,-11.4,19779.8,111.0,948.4,18597,2009-02-09,economy
05:48:41,06:08:41,PGT49764,AI770,61279002,JU-00822-PT-454,3445.98,Rio Rancho,Erlanger,True,2024-08-06,Embraer 170,383193HY,Danyell,Kenya,P292FM,864,7,6.6,7181.0,35.0,505.3,5601,2005-05-08,economy
09:42:27,11:39:27,LUM85747,AI104,62813196,SG-98952-LC-482,2242.16,Cartersville,Mount Clemens,False,2024-12-15,Airbus A330-200,,Minta,French Guiana,C291AN,5615,1,-2.5,65265.3,115.0,1087.5,47633,2005-11-01,economy
10:36:24,10:49:24,OMP70334,AI060,65656557,ED-78345-RA-431,7202.61,Cocoa,Thousand Oaks,True,2024-05-15,Hawker Siddeley HS 748,372338UU,Tameika,St. Helena,I540ZT,2050,0,-12.7,18948.6,52.0,906.8,17568,2002-05-30,economy
10:42:42,11:38:42,VLU96022,AI404,68764178,MY-84423-TX-502,4862.03,Norristown,Schaumburg,True,2024-07-23,Cessna 172 Cutlass RG,634735UQ,Sterling,Bosnia & Herzegovina,Q046MN,3978,0,5.0,65692.2,58.0,948.2,28740,1999-07-28,economy
02:29:33,04:19:33,LGY96182,AI634,64485908,GF-06905-ZD-163,2117.6,Muncie,Morgan Hill,True,2024-08-28,Honda HA-420,889007WP,Marylynn,Liberia,E970HT,4444,0,-7.2,66601.7,109.0,1394.7,25853,2001-08-11,economy
15:03:36,15:15:36,PUS61562,AI303,61345320,MZ-74566-JM-817,3541.45,Reynoldsburg,Bend,True,2024-07-12,Saab 2000,619882WV,Marketta,Moldova,Q753YC,4558,0,-14.3,58038.3,109.0,1358.0,25810,2007-12-10,economy
08:05:36,09:54:36,TRI98571,AI207,65892358,BM-65939-BC-777,3880.5,Gardena,East Peoria,True,2024-06-25,Boeing 737 MAX 9,510020QA,Donnetta,Swaziland,J858HF,6011,0,-6.3,56165.6,95.0,1658.3,52722,1998-08-08,economy
00:50:38,02:52:38,BTU62641,AI702,68648702,CD-83845-XS-109,4733.9,Waukegan,Caldwell,True,2024-06-14,Fokker F27 Friendship,599417HY,Indira,Latvia,H652GY,5958,1,-9.5,61318.1,44.0,1290.5,41411,2003-05-21,economy
12:20:30,13:53:30,JZO44308,AI938,62142992,PG-00289-SR-520,4928.0,Wilkes-Barre,Fort Wayne,False,2024-10-01,Cessna 177 Cardinal RG,,Brock,Kosovo,M424KU,3511,1,-9.0,59848.1,34.0,979.6,27576,2010-03-09,economy
09:41:35,12:30:35,DJR89248,AI255,60974081,BC-67486-XP-302,6367.63,Vacaville,Alliance,True,2024-06-25,Gulfstream IV,266851HI,Lenita,Algeria,T178UV,6169,0,-13.1,67816.1,48.0,1686.1,56712,2006-06-13,economy
01:51:39,02:18:39,CVD99895,AI913,69966372,EY-12366-AY-350,5221.53,Bessemer,Dearborn,True,2025-01-30,"\"Airbus A300-600ST \"\"Super Transporter\"\"\"",678044VO,Martin,Kiribati,R489JG,6136,1,-11.1,66003.6,109.0,1494.7,50201,2002-01-14,economy
15:41:36,16:02:36,JNQ15317,AI550,66647437,BW-76310-JB-942,1241.93,Dothan,Wenatchee,False,2024-07-26,Boeing 777-200 Freighter,,Sebastian,Andorra,S256HA,3876,1,-7.9,60838.3,72.0,974.4,26789,1998-09-15,economy
17:52:33,18:38:33,AYC44541,AI257,64183755,LV-56698-SY-660,1288.99,Santa Ana,Naples,True,2024-08-16,Douglas DC-8-62,820280QM,Terrence,St. Pierre & Miquelon,K893UJ,5580,1,-12.7,56410.5,108.0,1161.0,45245,2010-12-16,economy
19:52:29,21:12:29,PXF90099,AI232,60243573,FO-55006-CZ-262,5729.17,San Clemente,Palm Bay,False,2024-09-04,Boeing 787-9,,Marty,Kazakhstan,Z715GV,6116,1,-0.5,64502.4,52.0,1337.4,53691,2004-07-15,economy
11:32:41,12:59:41,AHG66860,AI583,68991197,JM-86731-TM-939,5517.85,Donna,Fargo,True,2024-09-15,McDonnell Douglas MD-87,290187RA,Arletta,Kenya,D762IR,1698,0,-12.9,21746.5,69.0,835.7,14322,2005-05-17,economy
15:35:34,17:03:34,AQZ93406,AI374,62287495,JS-01717-EK-807,6741.63,Del City,Blaine,True,2024-12-18,Diamond DA42,026624XP,Margy,Spain,D587BS,2908,0,-13.4,24062.3,78.0,921.5,26747,2009-03-11,economy
23:37:29,01:19:29,JLF79053,AI361,69971731,GE-55113-EA-495,2633.92,Central Falls,Yonkers,False,2024-10-21,Antonov An-158,,Youlanda,Aruba,U080EF,5930,1,-6.6,56447.9,41.0,1044.5,40448,1998-05-11,economy
22:50:24,00:13:24,YEG15059,AI520,63480193,AU-89179-YH-169,4297.66,Mishawaka,Laconia,False,2024-06-07,McDonnell Douglas MD-87,,Lance,Poland,S815AU,989,5,-8.9,7190.4,119.0,524.1,5939,1998-05-21,economy
19:26:36,20:11:36,JKQ36934,AI293,68456554,TX-00541-XJ-550,566.99,Atlanta,Wasco,True,2024-10-30,Boeing 717,584395EV,Leon,Serbia,E907FQ,3611,0,-14.1,56390.6,87.0,996.2,28971,2006-11-07,economy
14:50:41,15:25:41,KYH44038,AI672,60755056,WL-30678-ZI-245,4824.3,Mauldin,Tucson,False,2024-12-26,Embraer Lineage 1000,,Aiko,Australia,H334XQ,4873,0,1.5,61699.1,100.0,1236.1,25878,2000-07-09,economy
09:31:29,10:54:29,MOC64487,AI341,66007343,DT-74894-EA-131,5878.4,San Juan,Bristol,False,2025-02-07,Airbus A310-200,,Natisha,New Zealand,W872BG,5017,0,-14.5,68970.3,61.0,1116.1,36519,2006-08-15,economy
18:25:38,19:14:38,QXQ17117,AI616,69502056,XG-04161-WI-749,5502.98,Bay City,Weslaco,False,2024-09-20,Antonov An-158,,Kanisha,South Sudan,E844FZ,3451,0,-0.9,64184.0,47.0,947.8,27626,2001-09-05,economy
02:45:33,03:02:33,CUL74006,AI257,69060021,UR-29066-US-390,3122.06,Washington,Passaic,True,2024-11-11,Airbus A300B2,373623WZ,Troy,Madagascar,Q835BM,2596,0,-1.7,24596.4,94.0,933.2,27357,2005-06-30,economy
03:51:29,06:49:29,LXG23906,AI956,64120017,YC-23336-BO-650,6199.22,Kingman,Matteson,True,2024-06-21,Canadair Regional Jet 200,037179TY,Shaun,Sudan,S701JK,3080,1,-12.7,51671.9,72.0,914.3,29362,2004-03-02,economy
14:47:43,17:40:43,FOW13693,AI284,66693419,KP-46090-FS-398,4375.79,Austin,Topeka,True,2024-06-29,McDonnell Douglas MD-81,911157DE,Veta,Zambia,J977OS,3076,0,7.9,42496.4,17.0,939.8,29340,2000-03-05,economy
18:16:36,18:52:36,QXG10332,AI516,66536515,YU-03757-OV-472,6364.83,Maple Grove,Manhattan,True,2024-11-16,De Havilland Canada DHC-6 Twin Otter,103359WI,Dirk,Ghana,N738IZ,4894,0,-9.5,66067.9,25.0,1304.4,25728,2009-03-15,economy
13:47:38,15:12:38,YOF04007,AI283,65601207,YQ-66758-XR-965,7925.52,Webster Groves,Soledad,False,2025-02-28,Ilyushin IL18,,Stefan,China,P627NQ,5525,0,-11.1,69632.4,62.0,1316.2,41358,2008-06-26,economy
03:12:40,05:06:40,BIO91992,AI259,62152468,IE-46450-IY-014,4015.73,Colleyville,Savannah,False,2025-02-17,Douglas DC-9-10,,Keven,Romania,F565WK,2697,1,-10.4,22521.7,78.0,908.2,21175,2009-02-25,economy
12:31:31,14:21:31,MIG05508,AI963,61889039,UR-53672-CT-749,937.43,Bothell,Thomasville,True,2024-10-29,Cessna Citation I,738178YA,Kristle,Ghana,G529ET,969,8,6.0,7133.1,28.0,717.1,6635,2003-02-08,economy
22:45:35,23:59:35,FPB49613,AI669,66306031,TU-20135-GY-893,7520.74,Minot,Pembroke Pines,False,2024-11-09,Pipistrel Sinus,,Sparkle,Vietnam,R877QX,1203,2,-14.9,12061.6,64.0,833.9,13033,2004-01-04,economy
23:25:43,23:50:43,LHZ98672,AI952,68386502,ZN-97166-OM-550,2158.41,Plainview,Redwood City,True,2024-05-15,Boeing 787-9,675393WN,Madie,Japan,J313UY,3634,1,-12.1,58248.8,31.0,978.2,25660,2010-07-23,economy
06:13:35,07:41:35,EAQ73700,AI824,66365229,IU-26508-TG-895,1962.07,Palm Springs,Appleton,False,2024-06-15,Concorde,,Lee,Antigua & Barbuda,H697PQ,4596,1,-7.9,58172.1,80.0,1346.2,26931,2009-09-14,economy
11:46:36,13:53:36,TVE57914,AI894,64568005,TW-07309-FF-075,3932.4,Enterprise,Orange,True,2025-02-24,Bombardier BD-700 Global 5000,757236TN,Damien,Northern Mariana Islands,R461TJ,4814,1,0.7,69146.0,108.0,1136.0,27199,2004-11-02,economy
22:52:38,00:46:38,GWB24746,AI746,64089516,UL-84391-VD-364,515.52,Danbury,Novato,True,2024-10-03,De Havilland Canada DHC-6 Twin Otter,739686OO,Sid,Panama,I755ZP,1001,4,-14.3,17561.9,33.0,819.9,10407,2003-09-07,economy
02:11:35,02:41:35,PMH58236,AI062,66269190,JT-48866-KK-383,1489.97,Pittsfield,Phoenix,False,2024-08-06,Embraer E190-E2,,Mabelle,Brunei,A127IL,2037,0,-12.5,18554.3,117.0,947.3,19199,2007-01-25,economy
11:50:37,12:28:37,CGT51703,AI369,68257510,QL-84391-RK-622,5299.19,Cleveland Heights,Parkersburg,False,2024-05-25,Boeing 747-100 Freighter,,Frank,Brazil,L608JR,2173,1,-7.5,18860.7,60.0,907.8,15940,2009-09-21,economy
03:12:37,03:52:37,HWR55704,AI553,66213279,DG-71250-FS-626,1416.15,Lake Oswego,Creve Coeur,True,2025-01-18,Boeing 737-400,156776QJ,Ka,Uruguay,H158IM,6161,1,4.1,56931.2,27.0,1797.5,56874,2006-10-03,economy
11:26:35,11:47:35,IDZ93197,AI111,60018874,TJ-01228-SY-728,4845.25,Hickory,Bensenville,True,2024-12-23,Cessna Citation Excel,047993YV,Janae,United Kingdom,T237ZI,1048,3,-12.4,15888.0,89.0,829.2,10930,2007-10-19,economy
23:08:34,02:00:34,SST79623,AI191,65728986,PD-56488-RO-890,6766.64,Rutherford,Pleasanton,True,2024-10-16,Beechcraft 1900,622463DH,Ralph,Iraq,R940EO,1981,0,-9.7,29013.3,37.0,840.8,14587,2010-12-27,economy
05:57:24,07:27:24,BON91649,AI216,63461478,OY-73604-QE-972,2852.35,Mineola,Reedley,False,2024-10-22,Boeing 747-400,,Everette,Macedonia,G208NH,4791,0,6.5,66400.6,28.0,1345.1,25785,1999-07-06,economy
01:36:42,01:48:42,JZO98239,AI129,60999129,YS-08952-HJ-394,2819.1,Kalamazoo,Santa Rosa,True,2024-07-01,Antonov An-158,240317MH,Harry,Tanzania,C475YM,2610,0,-12.1,22621.9,48.0,943.9,19380,2001-07-12,economy
13:31:25,15:45:25,YNH46552,AI251,67270159,WI-28947-YZ-304,6938.99,Longmont,Biloxi,False,2024-12-19,Antonov AN-72,,Rima,Antarctica,V062KM,3169,1,-7.8,58162.9,34.0,960.3,27423,2004-02-22,economy
01:10:34,03:41:34,XDS71019,AI260,63761407,LX-23058-TC-248,4272.53,Ocean Springs,Mustang,True,2024-07-22,Avro RJ85,957051HK,Crystle,Rwanda,G449HT,5879,0,2.5,62313.1,98.0,1178.0,47857,1998-09-20,economy
08:05:25,08:43:25,SAZ62654,AI470,61537087,IH-99711-CQ-797,7175.02,Haines City,Irvine,False,2024-09-28,ICON A5,,Andy,Burkina Faso,D738QC,1012,3,2.7,14015.1,109.0,846.2,17687,2002-03-07,economy
15:06:35,16:49:35,XQT36006,AI339,66104208,MP-94383-LN-271,6572.86,Ogden,Alhambra,True,2024-09-25,Shorts SC-7 Skyvan,762658SW,Domingo,Somalia,Q538MJ,1073,7,-9.3,16986.6,89.0,822.3,16866,2002-08-31,economy
01:23:32,02:44:32,XWI06718,AI231,69729876,SN-03147-WD-124,5687.37,Napa,Myrtle Beach,False,2024-08-30,Mitsubishi Mu-2,,Arminda,Trinidad & Tobago,K760GM,2426,0,-9.3,18955.5,92.0,937.7,15613,2004-08-02,economy
12:09:32,14:19:32,HBS70599,AI124,64520823,QP-17423-RF-692,2215.72,Port St. Lucie,Elkhart,False,2024-08-06,Cessna Citation VII,,Emmett,Falkland Islands,Z746AF,5653,1,-10.4,58095.4,19.0,1298.6,46547,2009-04-14,economy
11:45:28,13:09:28,ZAC59641,AI613,64542185,XT-34040-TX-279,5541.11,Santa Clarita,Nicholasville,False,2025-02-24,Douglas DC-9-50,,Son,Cayman Islands,J326BW,2272,0,6.9,19559.3,106.0,907.9,17470,2004-04-05,economy
03:34:40,06:11:40,EHQ55640,AI173,66360891,TZ-57536-SP-775,5807.58,Round Rock,Fairbanks,True,2024-06-24,Canadair Regional Jet 1000,558182HU,Karl,Portugal,I124AU,2772,0,-10.7,23181.2,72.0,948.2,20705,2007-10-08,economy
07:33:32,09:50:32,RYF76573,AI280,67427567,PY-31606-TL-978,2262.47,Baytown,Brea,True,2025-02-20,Douglas DC-8-62,106900JE,Charlie,Turks & Caicos Islands,N778XN,3418,1,6.7,62484.2,64.0,929.3,26759,2005-01-13,economy
06:29:28,09:11:28,BFC77330,AI420,69571790,UL-35433-ON-147,4614.33,Hammond,Tigard,False,2025-01-04,McDonnell Douglas MD-11,,Quyen,Liechtenstein,A512BG,2887,0,9.4,24256.4,33.0,911.8,20836,2000-04-19,economy
21:32:25,23:08:25,LPC15630,AI318,62587147,BC-27423-QJ-550,6636.67,Folsom,Del Rio,False,2024-11-02,Ilyushin IL114,,Fredrick,Netherlands,J050YO,5906,0,-12.1,64906.9,64.0,1243.8,40413,2007-10-08,economy
08:45:31,09:07:31,JYU25211,AI196,63967468,IF-17156-RK-943,3654.84,Frederick,Buffalo,False,2024-08-03,Shorts SD.330,,Shawanna,Botswana,O955RB,4371,0,-12.5,67798.8,72.0,1290.7,25347,2000-06-04,economy
16:53:26,18:54:26,UFI37591,AI145,61047021,ZB-89768-ME-489,3242.29,Detroit,Saratoga Springs,False,2024-10-30,Aerospatiale SN.601 Corvette,,Makeda,Micronesia,M160UD,4918,0,-14.6,67280.5,79.0,1151.5,28122,2002-01-08,economy
11:33:41,12:25:41,WKG66428,AI968,62853234,JX-41645-HK-935,1945.2,Cocoa,Delano,False,2024-12-19,Cessna Citation I,,Emmanuel,Yemen,J320UR,5821,0,-13.2,59227.6,78.0,1333.7,40609,2003-09-07,economy
05:26:26,08:06:26,XEC67288,AI880,69543850,JC-86134-QO-645,1576.27,Blacksburg,South Elgin,False,2025-01-17,De Havilland Canada DHC-6 Twin Otter,,Emilio,Libya,N877JL,5186,1,-13.5,67761.3,15.0,1031.9,36416,2001-05-15,economy
15:56:42,18:49:42,XZT68061,AI512,63073888,GI-53623-PR-829,3961.45,Lincoln,Malden,False,2025-01-22,Embraer EMB 120 Brasilia,,Hermine,St. Kitts & Nevis,T900EE,3461,0,-5.1,61171.5,104.0,993.3,27465,2006-07-16,economy
16:00:42,16:24:42,TRF72880,AI196,60851137,VB-89429-LQ-662,1503.77,Lafayette,Colton,False,2024-10-05,Boeing 737 MAX 9,,Heike,Mauritius,S277SV,2149,0,-6.0,19667.2,47.0,920.7,17786,2010-07-21,economy
04:22:31,04:48:31,OIF85684,AI040,69102478,NO-26840-GT-383,3708.08,Gilroy,Ossining,False,2024-09-06,Boeing 737-800,,Christian,Russia,G470NX,1422,7,-6.6,14410.1,69.0,839.5,13919,1998-03-08,economy
05:44:33,06:25:33,GSR75870,AI757,68062565,GD-79135-AO-775,1078.3,Chanhassen,Decatur,True,2024-07-30,British Aerospace Jetstream 31,678387SU,Lynwood,Latvia,W761TD,2027,1,-10.4,19033.0,24.0,906.2,17902,2003-11-11,economy
08:45:37,10:45:37,NNP54889,AI691,60592991,KJ-92928-MH-331,3929.21,Ashwaubenon,Naperville,True,2024-10-26,Airbus A310-200,784239NZ,Vanetta,Moldova,M781PW,1492,4,-8.7,16364.5,25.0,830.5,17839,2008-01-23,economy
12:07:32,14:50:32,SGJ79809,AI516,65920025,DO-21431-MX-944,2846.31,Mission Viejo,Youngstown,False,2024-05-14,Boeing 747-400,,Hayden,Syria,Z023DO,1050,2,-7.5,12872.4,34.0,825.5,17214,2004-03-13,economy
02:23:35,04:11:35,TOA56608,AI740,61971670,ON-36951-TT-026,5920.88,Yorkville,Miami,False,2024-10-24,Boeing 737-700,,Remedios,Åland Islands,Q767QU,6131,1,-6.9,68087.7,90.0,1415.1,51433,2004-09-25,economy
03:29:36,05:27:36,XAA13726,AI036,67606742,KM-89546-TV-270,5203.89,San Antonio,Duncanville,True,2024-09-08,Aquila A 210,259802JB,Desirae,Svalbard & Jan Mayen,L020AX,1072,7,0.8,14403.4,29.0,800.1,15205,2004-07-16,economy
03:11:43,06:11:43,CGN11294,AI972,60904756,OF-71852-FA-146,5663.22,Vancouver,Lenexa,True,2025-02-15,Boeing 727-100,636493YT,Nikole,Cambodia,W134MN,1179,4,-6.5,16859.6,44.0,821.1,10594,2003-06-14,economy
06:36:27,08:26:27,YDQ66510,AI611,64317274,UJ-80642-XS-473,5180.57,Elgin,Yucaipa,True,2024-07-01,Convair Convair CV-600,386476PI,Reginald,Haiti,T619SG,5629,0,-10.8,69119.5,106.0,1126.4,43496,2003-08-22,economy
03:57:35,05:12:35,NYN40257,AI105,68457607,MQ-20281-JB-663,7486.9,Naugatuck,Las Vegas,False,2024-10-06,Cessna Citation I,,Bill,Estonia,C538AJ,5201,0,-7.5,56325.8,76.0,1029.1,37755,2001-05-03,economy
09:56:28,11:08:28,PIJ48801,AI604,61343820,SS-49496-SU-885,4930.32,Noblesville,Safety Harbor,False,2025-02-11,Tecnam P2006T,,Tracee,Oman,W502SV,5851,1,6.5,63418.5,74.0,1278.2,41540,2010-12-15,economy
23:43:40,01:22:40,NXS96739,AI087,61156551,VU-29365-EY-892,4434.0,Vacaville,Royal Oak,True,2024-05-14,Canadair Regional Jet 900,160980MF,Lashunda,Venezuela,H421BW,2056,1,8.7,19836.4,67.0,923.8,15921,2005-02-14,economy
06:20:38,06:56:38,QCD76844,AI722,60307367,LM-64974-TO-224,6004.26,Walker,Grand Forks,True,2024-05-14,Mitsubishi Mu-2,293486JM,Santo,Moldova,B506CW,4429,1,-5.7,64776.2,81.0,1177.8,30430,2002-07-22,economy
07:39:28,10:38:28,MZW56509,AI947,63752181,HI-48403-QA-711,7981.92,Santa Monica,New Bern,True,2024-09-01,Boeing 777-8,443233FV,Talisha,Ireland,T157FS,1930,0,-8.9,23685.2,54.0,811.4,16733,2006-12-12,economy
18:08:26,20:54:26,IUO00534,AI946,69949342,ZL-64881-EG-172,2047.05,Covington,Simpsonville,True,2024-11-23,Boeing 747SR Freighter,078940NK,Jessenia,Burundi,M190WS,506,5,-6.1,7228.4,29.0,527.1,5173,2005-03-20,economy
02:26:40,05:14:40,ZAJ98056,AI957,61027715,GF-49992-EU-714,1235.04,Waltham,Wadsworth,True,2024-06-23,Shorts SC-7 Skyvan,223321GA,Lonny,Jamaica,K737XK,4719,1,-13.8,65495.7,101.0,1004.3,27320,2010-07-04,economy
00:14:28,01:36:28,TZZ19065,AI546,67612671,NS-20018-DY-817,6022.93,Pekin,Huntington,True,2024-10-24,Ilyushin IL76,804368EI,Wai,Venezuela,O440TR,5824,1,-5.6,61624.8,97.0,1173.8,44078,2004-09-23,economy
15:10:35,18:06:35,KCE46966,AI158,67226632,JA-59509-JH-382,6276.91,Santa Rosa,Shawnee,True,2024-07-13,McDonnell Douglas MD-11,888847UQ,Becki,Western Sahara,A236RT,5301,0,-10.5,64938.7,45.0,1332.4,42509,1999-01-13,economy
13:53:28,16:21:28,EZR51476,AI715,66100178,PO-51286-UX-948,5708.61,Parma Heights,West Chester,True,2024-06-14,Boeing 747-400,434578GZ,Jarred,Serbia,I921KM,2213,1,6.4,18343.9,115.0,949.5,15412,2007-06-24,economy
02:34:41,05:33:41,IWK40089,AI861,68136620,VJ-78673-EK-424,5693.46,Syracuse,Banning,False,2024-10-31,Robin ATL,,Guadalupe,Kyrgyzstan,B215EX,621,7,-6.9,7142.1,53.0,571.4,7781,2001-07-25,economy
18:39:37,19:36:37,HVL32342,AI306,65037268,WP-15395-VS-310,7654.75,O'Fallon,North Ridgeville,False,2024-09-11,De Havilland Canada DHC-8-100 Dash 8,,Teresia,Taiwan,T846TB,3092,1,-12.2,52775.5,45.0,944.0,26122,2008-04-13,economy
12:01:37,13:31:37,RYR81011,AI269,63069595,QV-46448-FI-431,495.73,Christiansburg,Sammamish,True,2024-09-16,British Aerospace Jetstream 41,964581ZS,Arnoldo,El Salvador,N384CB,1358,7,-14.6,15635.2,70.0,815.5,11102,2007-09-02,economy
08:55:28,10:15:28,BSQ82455,AI575,69163053,BS-96287-PF-890,3423.68,Murray,Pinellas Park,False,2025-01-06,Canadair Regional Jet 700,,Kanisha,Czech Republic,R642FQ,6378,0,-13.9,55106.3,80.0,1275.3,57421,2003-04-07,economy
02:15:41,03:43:41,INO99411,AI833,69530265,FC-51124-BX-967,6408.41,Lisle,Vineland,True,2025-01-12,Gulfstream Aerospace G-159 Gulfstream I,119720TH,Dennis,Libya,R141PA,830,2,7.2,7078.0,53.0,675.3,7927,2009-02-12,economy
17:17:32,20:15:32,HOX55408,AI239,65450766,DY-75479-HW-873,4859.09,Caldwell,Lawrence,False,2025-02-16,Ilyushin IL62,,Valentine,New Caledonia,C304MG,3977,0,-5.7,63399.9,22.0,991.3,28347,1998-04-29,economy
15:39:38,18:06:38,PYJ73512,AI480,62942581,KC-35130-YR-613,7760.84,Dodge City,Edgewater,True,2024-06-15,De Havilland Canada DHC-2 Turbo-Beaver,621785AV,Gerard,Philippines,G838GW,5024,0,-13.4,59256.6,117.0,1080.4,40505,2010-11-25,economy
02:28:30,04:23:30,VFK34578,AI042,67241349,BX-40369-GW-687,6431.52,Kent,Muskego,False,2025-01-13,Boeing 737-900,,Cortez,Argentina,W007PG,4251,0,-13.3,63010.7,69.0,1189.8,25402,1999-03-24,economy
22:22:32,01:05:32,YXM95825,AI002,69901071,IW-02871-VU-337,4958.46,Asheboro,Poughkeepsie,False,2024-12-01,BAe 146-300,,Jina,Sierra Leone,V474PN,1506,1,-1.2,16345.5,82.0,811.6,12112,2001-06-10,economy
16:52:28,18:28:28,QIV07020,AI994,67910185,ND-94398-HM-214,6461.39,Hoboken,Los Gatos,False,2025-02-09,Ilyushin IL62,,Jerrod,Benin,E046BW,5241,0,-12.2,57765.4,71.0,1152.0,44424,2006-07-25,economy
00:01:40,02:29:40,DIQ05519,AI321,63580176,FN-91574-CF-313,5268.69,Cutler Bay,Mokena,True,2024-08-27,Tecnam P2012 Traveller,292536UJ,Darnell,Croatia,B271KN,5955,1,-5.7,67004.8,66.0,1352.2,47448,2007-06-07,economy
23:47:39,23:59:39,XGQ67836,AI335,69936655,DZ-42749-DB-314,5743.59,Manteca,Bell,False,2024-11-09,Tupolev Tu-214,,Cleotilde,Burkina Faso,B458SQ,1872,1,9.9,28595.0,118.0,846.7,14593,2000-10-28,economy
18:26:41,19:32:41,NCE57040,AI203,67032425,SI-47197-JE-695,5910.23,Enid,Asbury Park,True,2024-11-30,Cessna 172,638991ZZ,Mila,Estonia,C827YY,2624,0,-11.1,24621.4,52.0,948.3,26798,2003-01-06,economy
23:39:41,01:46:41,FKR61704,AI630,67583713,FS-84960-VT-916,2930.07,Cabot,Raytown,True,2024-11-10,Boeing 747SP,642787RZ,Ricardo,St. Barthélemy,A165KC,874,2,-14.6,7152.5,106.0,690.2,5677,2009-04-26,economy
14:02:35,16:53:35,PQG42642,AI070,66818003,CO-72525-DG-272,3942.6,Maywood,Modesto,False,2025-02-03,Tecnam P2006T,,Kacy,Bahamas,C713JU,5066,0,3.1,59935.8,103.0,1087.9,38318,2006-03-07,economy
11:23:27,12:06:27,JHP08260,AI868,60424517,GZ-96809-OD-025,3350.9,Biloxi,Pinellas Park,False,2025-03-08,Boeing 727-200,,Brain,Mexico,F454DL,2667,0,5.7,24984.2,52.0,945.2,22794,2003-01-11,economy
11:06:33,13:46:33,YWK74146,AI925,60651035,GZ-50018-OS-353,6130.45,Seattle,League City,True,2025-02-17,Douglas DC-3,377119UO,Francina,Nauru,I594FO,4290,1,-1.6,61329.8,87.0,1246.9,26860,1998-02-03,economy
23:47:32,01:20:32,TQX15267,AI300,65148272,OO-98087-SR-335,4333.36,Walnut,Addison,True,2024-09-28,Tecnam P92 SeaSky,699583WC,Kizzie,Congo - Brazzaville,P251AE,2530,1,-8.4,23920.8,71.0,904.9,22840,1998-03-31,economy
20:32:35,21:29:35,XTH13448,AI825,60739321,ZS-54080-EB-190,3810.67,Great Falls,Watertown,False,2024-09-19,Beechcraft Baron,,Echo,Pakistan,P662SY,1848,1,2.0,27484.8,99.0,826.3,13480,1999-11-22,economy
01:47:43,02:14:43,ZLY62081,AI555,65372441,BQ-01032-WP-335,6961.19,Easton,Royal Palm Beach,True,2024-11-07,Embraer Phenom 300,670182MI,Clemmie,Barbados,O511JM,5647,0,-6.2,64536.8,36.0,1074.4,46241,2000-03-05,economy
06:26:34,07:51:34,XSJ47285,AI351,60122521,ZG-31673-FV-714,2228.54,Jonesboro,Terre Haute,False,2024-12-01,Saab 2000,,Herb,Mongolia,Y267JG,4475,1,-8.8,66961.6,107.0,1225.5,24017,2008-12-31,economy
17:43:34,20:16:34,FWY03176,AI301,66923796,SL-60054-CW-437,6484.59,Olathe,Meriden,False,2024-08-22,Ilyushin IL18,,Fritz,Marshall Islands,Q894PW,763,3,-7.0,7154.2,47.0,539.6,5637,2010-12-24,economy
14:31:35,16:04:35,LUM17509,AI562,62070998,EH-63578-PD-224,3563.37,Streamwood,Brook Park,False,2024-10-04,De Havilland Canada DHC-7 Dash 7,,Marshall,Spain,P346KB,3870,0,-14.1,59912.0,79.0,915.7,28648,2001-11-12,economy
01:40:42,04:15:42,LMA76306,AI113,65932877,EW-70899-EQ-497,3499.1,Perris,Windsor,False,2025-01-27,McDonnell Douglas MD-11,,Erminia,Greenland,C022LE,6350,1,4.3,67456.7,118.0,1506.0,56605,2009-02-20,economy
15:20:34,18:11:34,JIE05261,AI330,60454668,SP-05908-KB-525,2689.38,Kalamazoo,Temple City,True,2025-01-26,Piper PA-46,671936LP,Phung,South Georgia & South Sandwich Islands,P731EG,6255,1,-5.8,67459.0,32.0,1443.7,54855,2000-07-09,economy
02:21:32,04:04:32,TUT57313,AI273,68081657,OY-88039-ZU-410,6437.22,Bozeman,Stow,True,2024-10-31,McDonnell Douglas MD-87,476013QN,Doug,Greece,L924DQ,4370,0,6.5,55431.9,63.0,1273.4,24487,2005-11-30,economy
12:59:34,15:17:34,GFC01890,AI976,69417847,MR-92686-TC-454,4668.25,Pacifica,Moorpark,True,2024-06-22,Antonov AN-26,946226KC,Derick,New Caledonia,D385TR,5217,0,-7.9,62049.4,103.0,1089.4,42451,2005-11-09,economy
04:57:42,06:15:42,YQB84150,AI449,65768774,HZ-81101-DC-371,6324.72,Titusville,Matthews,True,2024-10-13,De Havilland Canada DHC-4 Caribou,686929PF,Rigoberto,Canary Islands,P058BZ,4673,1,-14.2,65264.6,46.0,1133.7,30653,2003-11-19,economy
12:41:27,13:48:27,YWI12098,AI929,68191097,GP-20099-PI-207,1049.21,Lee's Summit,Azusa,False,2024-08-27,Learjet 36,,Rebbeca,Sri Lanka,C440RE,4226,0,5.0,68304.5,93.0,1293.8,29713,2005-06-17,economy
01:49:25,02:43:25,ZWO75790,AI423,65005574,GC-94923-CO-527,3697.06,Paso Robles,Longmont,True,2024-06-19,"\"Airbus A300-600ST \"\"Beluga\"\"\"",811893QF,Lucina,El Salvador,M446WQ,4462,0,-7.3,56907.2,72.0,1245.2,30936,1998-12-19,economy
19:30:30,21:49:30,SLL81741,AI649,68607194,AA-20426-XR-642,760.73,New Hope,Evans,True,2024-06-18,Airbus A340-300,376244VT,Florrie,Greenland,V398BL,2328,1,9.0,19547.3,41.0,902.6,16779,2008-07-17,economy
20:04:33,22:04:33,KJL55980,AI439,66138707,DA-55781-LK-477,6420.63,North Plainfield,Juneau,True,2024-06-25,Boeing 737-300,125051KS,Rudolph,Serbia,H345FU,1854,0,-9.7,27566.4,20.0,800.7,16972,2001-09-04,economy
09:32:26,11:33:26,CDH34358,AI469,64878058,RT-61949-XY-828,6923.28,Plainfield,Palatine,True,2025-01-12,Fokker 100,456711UR,Cole,Lebanon,G905YP,3007,0,-8.8,58070.6,26.0,961.4,26104,2004-11-28,economy
13:26:27,16:24:27,TJO83198,AI806,61711107,OR-18709-HE-065,7174.0,San Juan,Agoura Hills,False,2024-09-15,Antonov An-148,,Tom,Mongolia,I254QJ,2327,0,-8.8,19119.2,80.0,933.5,19021,2007-03-14,economy
21:59:27,23:37:27,FME93039,AI383,62944297,UE-93890-PC-058,3276.8,Russellville,Honolulu,False,2024-09-28,Airbus A340-300,,Albert,San Marino,D612SW,2307,0,-8.0,19738.6,44.0,920.0,15050,2007-10-06,economy
15:09:32,18:02:32,TPZ09787,AI460,61064813,JR-19832-AM-167,1639.17,Inver Grove Heights,Bellingham,True,2024-10-04,Honda HA-420,430212EE,Elijah,Western Sahara,P524YP,1045,8,-14.2,12335.0,116.0,829.8,10017,2004-03-24,economy
03:23:26,04:25:26,YZV91293,AI964,62408265,TS-84233-PY-929,5801.37,Romulus,Bellevue,True,2024-09-04,Cessna 162,770656EP,Leontine,Niger,K798RI,2946,1,-5.8,24465.5,80.0,927.4,22237,2007-05-29,economy
23:27:39,00:25:39,VML17051,AI723,60379093,DT-07237-PZ-202,6089.36,Yorba Linda,Easton,False,2025-01-25,Gulfstream/Rockwell (Aero) Commander,,Roderick,Sint Maarten,W099GK,866,5,-5.7,7072.8,23.0,538.9,6884,2000-02-02,economy
15:24:30,17:05:30,EGK51262,AI979,67975753,IC-18654-FE-354,2682.5,Enid,Mattoon,False,2024-08-04,Airbus A380-800,,Vern,Oman,Z529BQ,1256,3,-13.5,12444.8,20.0,823.5,13581,2007-08-16,economy
15:30:26,16:27:26,ZXD84491,AI944,68151265,LL-60971-FH-419,2695.25,Madison Heights,Spanish Fork,False,2024-07-15,Boeing 747SR,,Romeo,Pakistan,B499ED,4354,0,-8.7,62637.1,33.0,1045.2,29526,1999-09-01,economy
05:26:39,07:27:39,XAB12595,AI959,65644550,MN-37768-SZ-706,635.48,Buckeye,Evanston,True,2024-10-22,Cessna 172 Cutlass RG,822939LC,Carlos,Rwanda,T838TM,3651,0,-11.9,68740.4,54.0,908.5,27053,2000-11-02,economy
02:23:36,04:51:36,QSM54771,AI761,67937983,XZ-11517-QC-031,6859.07,Memphis,Rowlett,False,2024-08-06,Boeing 747SP,,Calvin,Namibia,L790FG,6083,0,9.6,66993.7,46.0,1435.3,59501,2004-02-09,economy
18:05:34,20:22:34,IFI20473,AI465,69755500,KN-79426-RT-772,4261.96,Schenectady,Troy,False,2024-08-30,Sukhoi Superjet 100-95,,Adelle,Indonesia,O440SR,2579,0,-9.5,23599.0,16.0,918.1,19562,1998-08-06,economy
10:44:31,12:22:31,PZJ88179,AI882,62403653,OH-11044-JH-761,5178.99,Oakley,Davie,True,2024-11-18,Tupolev Tu-204,773613OK,Kennith,Kuwait,H255CW,4672,0,-9.7,62494.1,47.0,1280.3,27661,1999-02-18,economy
01:11:32,02:46:32,FAS09443,AI849,60491235,YD-33648-XM-769,2514.15,Laurel,Chapel Hill,False,2024-10-27,Embraer Lineage 1000,,Emory,St. Vincent & Grenadines,U825PU,700,3,-7.4,7494.0,27.0,716.7,6150,2008-08-15,economy
03:11:28,04:27:28,DOS63334,AI487,67042375,PO-70199-UY-499,6283.16,Cypress,Edina,True,2024-07-10,Airbus A330-900neo,849810QB,Lester,St. Helena,I315KY,5672,1,9.4,66718.5,51.0,1044.5,43245,2009-08-14,economy
08:07:38,10:59:38,CFB11320,AI687,62028558,IP-64908-WI-177,6354.32,Fort Lauderdale,Gardner,False,2024-06-25,McDonnell Douglas MD-90,,Enda,Australia,V964IS,2107,1,-13.1,18882.1,55.0,934.6,19369,2006-06-16,economy
06:12:24,06:49:24,DXE15319,AI527,67232664,OY-29211-OQ-367,7169.03,Owensboro,Redding,False,2024-09-18,Ilyushin IL76,,Masako,Guernsey,J673OF,769,6,-8.1,7381.1,21.0,546.1,5328,2006-07-27,economy
07:41:42,09:08:42,LDL72193,AI961,68809854,XH-24485-QL-490,4079.32,Elmwood Park,Glassboro,False,2024-11-25,Robin ATL,,Delicia,France,P091AI,4439,1,-6.8,69308.4,29.0,1349.6,28989,2010-11-24,economy
16:12:40,17:07:40,UTH91833,AI310,68441838,FR-62743-PK-786,3261.47,Belton,Parkersburg,False,2024-12-09,Dassault Falcon 2000,,Harry,Bangladesh,B413HK,3809,0,-7.0,63311.1,54.0,974.3,25627,2006-02-20,economy
23:34:37,00:40:37,ALY07491,AI042,62247257,OE-54860-PP-039,7585.99,Pinellas Park,Poway,True,2024-10-21,McDonnell Douglas MD-90,483761OQ,Ulrike,Caribbean Netherlands,K373FO,4420,0,-12.1,55853.4,71.0,1360.3,29658,2009-08-21,economy
05:43:26,07:22:26,DOW34199,AI799,64180571,JM-40460-GV-144,909.92,San Gabriel,Charlotte,False,2024-12-05,Douglas DC-8-62,,Dewey,Namibia,Y885KT,2944,0,-0.3,24837.8,104.0,909.8,24471,2007-10-13,economy
22:27:29,22:48:29,NDU89658,AI277,60931937,UD-28781-MN-157,5931.04,Santa Cruz,Hercules,True,2025-01-19,Gulfstream G280,300170IS,Len,Malawi,E748DZ,1200,7,8.8,14628.8,43.0,832.3,10178,2002-06-01,economy
15:51:28,17:31:28,VLB35741,AI124,64668301,HA-48320-XD-762,4390.21,Mishawaka,McMinnville,False,2024-05-23,Boeing 737 MAX 10,,Son,Hong Kong SAR China,M059ZV,5487,0,-5.7,65645.5,119.0,1338.9,37927,2006-07-11,economy
08:32:42,08:59:42,FXJ89766,AI709,69837847,ZW-53923-XN-134,3210.76,Laramie,East Moline,True,2024-07-23,Cessna Citation VII,824274CW,Sang,Faroe Islands,W771YR,4194,0,7.9,69396.0,69.0,1326.9,26258,2002-09-23,economy
18:22:34,18:44:34,CJT33635,AI016,60605004,OW-72240-KH-313,3790.12,Sherman,Rutland,False,2024-10-21,Piper PA-44 Seminole,,Sammy,Georgia,J147MI,1346,3,-10.0,15082.5,55.0,826.3,17233,1998-12-12,economy
02:10:39,03:19:39,NXP21386,AI386,67347199,PA-32474-VF-629,998.95,Alvin,East Point,True,2024-06-20,Airbus A330-200,128749SR,Sindy,Puerto Rico,X100RE,4680,0,9.2,67498.8,50.0,1192.3,28129,2007-08-29,economy
10:40:27,11:45:27,IFS44347,AI632,69332036,XO-20774-VU-267,4780.57,Lynchburg,East Palo Alto,False,2024-11-26,Boeing 737-500,,Antwan,Eritrea,C355IB,2115,0,9.1,18421.0,68.0,905.8,19662,2009-01-25,economy
09:09:34,11:30:34,VRK58322,AI557,66122985,ZD-45135-SI-335,2332.35,Moorpark,Peoria,False,2024-12-24,Boeing 777-200,,Divina,Montserrat,V265DY,3583,1,4.1,68419.8,24.0,967.9,25092,2004-09-06,economy
12:54:29,14:17:29,VKD73108,AI208,62370960,PX-16741-JZ-279,3119.17,Battle Creek,Shaker Heights,False,2024-11-04,Boeing 737-400,,Yoshie,Cape Verde,O645EU,1575,0,-6.4,27925.8,72.0,800.9,13896,2007-07-27,economy
09:20:43,09:45:43,XLC57272,AI907,64796057,XV-19484-CZ-934,6677.96,Walla Walla,Oshkosh,False,2024-12-03,Cessna Citation X,,Nicholas,Martinique,V288TI,2381,1,-10.9,19989.7,108.0,926.4,17690,2004-04-05,economy
17:30:26,19:23:26,IDO71950,AI823,65698043,SF-98962-IL-580,2219.09,Herriman,Gulfport,False,2024-12-07,Embraer Praetor 500,,Laverne,Honduras,N386EY,4256,0,-5.3,64983.0,40.0,1145.3,30922,2003-09-28,economy
01:15:30,03:57:30,TOX83030,AI818,66091289,GA-96608-RX-779,801.39,Castle Rock,Akron,True,2024-11-17,Tecnam P92 SeaSky,448369LK,Evita,St. Barthélemy,R373TY,6214,1,-10.4,63929.1,70.0,1309.6,58531,2006-12-17,economy
06:29:37,09:22:37,UYN88044,AI831,67807649,QO-27354-BY-928,5479.6,Olympia,Boulder,True,2024-06-10,Douglas DC-9-50,768849HP,Clemencia,Portugal,S131KH,794,5,-9.2,7240.4,17.0,677.9,7455,2001-08-27,economy
17:20:36,18:40:36,ILJ94763,AI818,61094593,AL-25583-WM-271,5011.7,New Brunswick,Tiffin,False,2024-10-08,Yakovlev Yak-42,,Joshua,Macedonia,E699ZR,6016,1,-8.0,56742.8,69.0,1718.5,51267,2007-11-04,economy
11:55:41,13:23:41,XJB19011,AI748,60732445,OB-00923-DO-239,3294.07,McDonough,Shaker Heights,True,2024-09-04,McDonnell Douglas MD-81,692819IT,Hilaria,Egypt,N985MO,3818,0,-13.4,63956.6,75.0,977.4,26624,2006-12-19,economy
09:54:28,11:43:28,HZX35064,AI204,69507429,NT-68453-PG-619,5879.16,Eastpointe,Slidell,True,2024-09-11,Fairchild Dornier 328JET,746791FT,Ai,Antarctica,I647LC,1390,7,-14.5,14461.7,41.0,812.0,14900,2006-07-28,economy
10:40:25,13:15:25,UFU09055,AI021,65548936,RD-62233-LC-212,5023.41,Daytona Beach,Enid,True,2024-08-19,Tecnam P2006T,246346RQ,Shawana,Falkland Islands,Q476KM,1727,0,3.6,27988.2,67.0,819.9,14924,2009-03-31,economy
13:40:26,14:33:26,FGD24580,AI177,66137698,RS-50398-YW-713,6908.54,Natchez,Franklin Park,True,2024-07-20,Antonov AN-12,320783XK,Estell,Maldives,B961HQ,1313,3,6.9,15249.8,59.0,809.5,16449,2006-10-01,economy
16:51:28,17:53:28,OTI91091,AI072,62696476,FQ-50718-CU-282,7070.79,Cleveland Heights,Tifton,False,2025-02-21,Boeing 747SR Freighter,,Chante,Togo,F831KU,5572,0,-8.0,63419.1,32.0,1333.3,42059,2004-06-12,economy
04:19:36,04:52:36,WAI50865,AI895,67171338,KL-78551-GF-565,4127.12,Torrance,Bellaire,True,2024-08-24,Embraer Phenom 100,936376QD,Ewa,Azerbaijan,S629KN,1914,1,-6.6,17648.9,117.0,824.4,14759,2001-07-25,economy
10:23:36,11:27:36,QBE08162,AI563,64209052,SB-63791-DI-491,5832.56,Northport,El Paso,True,2025-02-03,British Aerospace ATP,841923AN,Clinton,Fiji,F885DN,1363,6,-5.7,12842.7,87.0,820.6,17027,2010-10-11,economy
19:28:25,22:07:25,ZIB06207,AI592,61156767,LV-17634-CX-436,7201.49,Garden City,Oakland,True,2024-11-04,Gulfstream G650,816989LC,Kirk,Dominican Republic,V998XK,6199,0,-12.7,69495.7,36.0,1368.2,59234,2002-05-06,economy
08:29:33,10:05:33,EVD15396,AI820,64098673,LK-43211-EF-033,931.91,Apopka,Chesterfield,False,2024-05-15,Canadair Challenger,,Mistie,French Southern Territories,Z888AC,5096,1,9.0,65528.1,109.0,1048.0,35673,2010-12-19,economy
04:32:35,05:18:35,NAZ34132,AI475,67892495,SF-05254-CG-386,1501.76,Sterling Heights,Palisades Park,False,2024-08-01,"\"Airbus A330-700 \"\"Beluga XL\"\"\"",,Lorina,Congo - Kinshasa,H194RC,3124,0,-13.0,56033.5,47.0,920.6,26740,2008-08-28,economy
11:38:38,13:09:38,LLZ96285,AI300,67228705,LX-44959-NT-292,3035.3,Winchester,Mountain Brook,True,2024-10-16,Gulfstream/Rockwell (Aero) Commander,366392AH,Ardella,United Arab Emirates,M528PN,4395,0,-11.2,65314.7,91.0,1231.9,29528,1999-02-15,economy
10:09:30,12:41:30,DFQ17291,AI612,62943851,GI-12494-WQ-239,762.72,Gladstone,DeSoto,False,2024-11-27,Boeing 757F,,Dwain,Bolivia,C296BP,4435,1,-8.2,64057.8,75.0,1172.5,26287,2006-06-15,economy
10:48:28,13:00:28,WGZ33382,AI763,66798587,XS-58511-AM-796,6915.26,Donna,Xenia,True,2024-06-25,Boeing 777-300,406508GW,Isaias,France,I167HJ,2836,1,-1.2,23067.0,73.0,900.4,26342,2000-12-14,economy
14:43:35,15:22:35,ZKX33485,AI552,68203695,UH-85310-XM-959,6887.97,Burton,Lemon Grove,True,2024-06-25,Douglas DC-10-30,279440IY,Jamey,St. Pierre & Miquelon,A454PB,877,3,-14.8,7465.6,41.0,635.1,6014,2007-01-02,economy
20:36:42,21:18:42,SQZ89901,AI433,64617571,PA-85063-ZA-794,5655.22,Lackawanna,Fort Collins,False,2024-10-09,Cessna 172 Cutlass RG,,Velvet,St. Barthélemy,E405NW,850,5,-8.2,7326.2,88.0,544.6,5993,2003-04-16,economy
23:37:27,02:25:27,AFI88327,AI734,64411475,DR-28912-VH-203,7220.74,Rocklin,Winter Park,True,2024-07-19,Antonov An-225 Mriya,959914WC,Tamica,Burkina Faso,I580WC,3574,1,-9.5,58199.7,88.0,937.2,27579,2007-05-07,economy
05:00:32,06:03:32,ZPA50903,AI816,66217684,AM-89563-NP-476,1211.13,Summerville,Chandler,True,2024-08-11,Boeing 737-900,604880XU,Anya,Sri Lanka,O179KW,1656,1,-9.5,22768.1,45.0,802.8,11714,1998-11-28,economy
07:56:27,08:31:27,JQE85041,AI956,67680593,EJ-22032-JN-863,6725.69,Pleasant Prairie,Bourbonnais,True,2024-07-29,Embraer RJ145,891200VJ,Magali,Guyana,O824XY,5743,1,-5.8,58816.1,16.0,1182.0,44802,1999-03-06,economy
13:57:32,15:11:32,KFH31265,AI714,62789545,JA-71796-GB-656,5798.5,Richland,Hopewell,True,2024-10-15,Boeing 767-200,379512BW,Leonia,Wallis & Futuna,U400LJ,2922,1,-14.4,22625.0,67.0,946.5,21151,2010-09-21,economy
22:01:37,22:36:37,JWM92006,AI232,63429596,JD-85789-UN-983,2186.96,Chillicothe,Plum,True,2025-02-25,Douglas DC-9-10,366164EE,Lien,Moldova,C391EZ,2013,0,6.5,18448.2,72.0,923.3,18446,2004-09-26,economy
09:15:35,11:42:35,EEZ44190,AI052,61374522,IP-37084-WO-346,3422.2,Chicago Heights,Lemoore,False,2024-05-18,Tecnam P2010,,Leonarda,Congo - Brazzaville,P554TC,5106,1,-12.0,59271.8,27.0,1187.0,44240,2002-02-16,economy
11:25:30,13:34:30,EMI39678,AI056,67462313,RN-36123-LT-735,6620.94,Little Elm,Highland,True,2025-02-24,Canadair Regional Jet 700,437655CL,Ngoc,Caribbean Netherlands,E986DI,2147,1,-6.9,19380.1,45.0,928.7,19329,2007-11-23,economy
13:25:30,13:44:30,APD22677,AI356,69914852,BG-16719-QI-605,4843.23,Little Rock,East Chicago,True,2024-06-12,Airbus A340-200,174723BR,Sam,Bahamas,W179ZS,4301,1,-14.8,58996.3,17.0,1152.8,24325,2006-03-05,economy
01:42:38,04:14:38,PHR44543,AI526,64523915,UQ-29779-EU-829,2366.07,Weatherford,Mill Creek,False,2025-02-10,Team Rocket F1,,Antonietta,Sudan,U509GL,3659,1,-13.0,58045.4,80.0,919.6,27749,2001-06-09,economy
19:25:37,19:53:37,GSE41408,AI547,64209958,PC-63647-OP-406,7597.18,Eastlake,Oviedo,True,2024-06-11,Cessna Citation V,624258SE,Janiece,Nicaragua,L660KC,5850,1,-11.5,55454.2,58.0,1399.8,42748,2003-11-22,economy
08:30:38,09:47:38,BUG76009,AI642,62950532,AE-55420-LZ-071,1788.38,Adelanto,Keizer,False,2024-06-21,Airbus A300B4,,Lakita,Timor-Leste,P624NE,5491,1,0.6,59634.3,82.0,1362.6,36904,2001-08-05,economy
17:42:42,20:42:42,SSS78363,AI760,65044707,JN-88925-YX-800,7175.83,Bridgeton,Tinton Falls,True,2024-09-09,Team Rocket F1,248853NJ,Maia,Italy,A981IJ,6167,0,3.7,64543.9,26.0,1759.2,55976,2000-05-09,economy
15:12:31,16:10:31,WJM24138,AI740,66836665,GT-06859-CA-175,6452.38,Carrboro,North Tonawanda,True,2024-08-17,Boeing 777-200 Freighter,594121LZ,Soo,Guyana,W279TB,5924,0,-0.9,55623.4,92.0,1293.6,47284,2009-03-01,economy
02:50:30,04:47:30,RCO18864,AI214,63016679,OH-37458-QQ-746,6894.39,Dover,El Cerrito,True,2025-02-15,Ilyushin IL18,031369HZ,Hilton,Solomon Islands,V408YD,6336,1,-6.0,60924.3,30.0,1294.5,56783,2007-03-22,economy
20:31:36,20:54:36,BLF47924,AI925,64781883,ZH-26284-WW-112,4512.61,Lake Elsinore,Petaluma,False,2025-02-26,Boeing 747-8F,,Jerica,Venezuela,H251XK,6465,0,-13.2,59546.3,45.0,1361.5,50570,2006-07-29,economy
07:44:26,10:24:26,IQJ84731,AI686,65074823,GX-09017-BP-709,5864.68,Bountiful,Azusa,False,2024-11-30,Boeing 787-10,,Delpha,Qatar,T381ZI,1356,2,-14.1,14078.4,17.0,845.8,12730,2008-03-27,economy
09:58:24,10:53:24,FVO57855,AI299,67953501,RO-01917-DW-497,1705.32,Union City,Parma Heights,False,2024-06-05,BAe 146-100,,Raymon,American Samoa,Y470MC,6350,0,-5.3,67469.3,27.0,1373.0,52923,2000-02-20,economy
22:34:29,00:57:29,NSR13483,AI603,66242831,SC-46664-QZ-854,2111.25,Vineland,Tracy,True,2025-02-21,Airbus A318,535077ML,Ardelle,Djibouti,G661YT,3916,0,-8.6,69606.2,106.0,900.1,26966,2003-08-23,economy
10:02:39,11:56:39,ULC23968,AI804,67429225,LM-03588-XJ-062,7143.37,North Little Rock,Hoover,False,2024-10-14,Pilatus Britten-Norman BN-2A Mk III Trislander,,Milan,French Guiana,U124OK,3348,1,-5.6,55297.8,50.0,918.2,25978,2004-02-16,economy
04:58:38,07:26:38,MUJ69400,AI836,67910445,NH-79533-UJ-827,6550.96,Montgomery,Beavercreek,False,2024-08-26,Antonov AN-28,,Charlyn,Barbados,U088GG,4817,1,-11.9,55949.7,118.0,1180.9,30506,2010-03-30,economy
16:32:33,17:00:33,ZPK91796,AI381,60971475,EM-58239-HC-197,525.82,Tarpon Springs,Highland Village,False,2024-07-19,Boeing 757-200,,Lou,Martinique,I830US,4865,1,-11.8,67665.7,19.0,1281.6,28560,2008-10-17,economy
09:48:39,12:02:39,SXO90183,AI482,63438090,BJ-27675-XJ-713,2171.11,Roseville,Wilkes-Barre,True,2024-12-27,Harbin Yunshuji Y12,668118JD,Jon,Bangladesh,Z910DZ,2099,0,-1.4,18110.2,100.0,913.4,15642,1999-03-26,economy
16:41:41,19:39:41,OJQ53436,AI430,69889007,XV-24184-KV-656,5470.48,Redding,Hannibal,False,2024-10-14,Gulfstream IV,,Rebbeca,Italy,K118EQ,1743,0,-1.4,25036.4,65.0,836.2,15785,2000-09-22,economy
09:16:27,09:54:27,BXT04252,AI786,64225204,PP-65377-FS-028,3627.74,Huntington,Upper Arlington,False,2024-06-08,Antonov AN-30,,Lavern,Turkmenistan,K999FX,5900,1,8.1,64944.9,67.0,1339.4,42543,2009-06-16,economy
23:14:31,01:43:31,BFV03378,AI783,67901038,LU-05598-BW-437,5972.05,Leesburg,Largo,True,2024-08-03,Airbus A330-200,857037UQ,Harold,Tuvalu,S127XT,3825,0,-11.6,66924.1,15.0,916.0,27664,2006-04-27,economy
08:10:42,10:58:42,XGB29314,AI522,62996201,JH-45597-JO-025,4504.0,Cedar Rapids,Des Moines,False,2024-10-28,Convair CV-580,,Salome,Palau,Z499MJ,2447,0,9.6,18915.1,53.0,908.8,15210,2005-03-03,economy
18:45:30,20:40:30,KVN50840,AI255,62739038,VE-10184-NL-563,971.06,Manitowoc,Oak Harbor,False,2025-01-18,Mitsubishi Mu-2,,Luna,Anguilla,P945TJ,2185,1,-1.5,18659.8,29.0,931.6,15823,1998-02-26,economy
09:58:24,10:19:24,LIF36723,AI482,64029730,LJ-26211-SI-190,6868.36,Bell Gardens,La Mesa,True,2024-10-23,Douglas DC-10-30,463876KY,Aleen,Dominican Republic,J551IU,2718,1,1.7,24502.4,86.0,927.5,23416,2000-02-02,economy
09:22:43,10:03:43,QGU54903,AI379,65418637,YL-10301-ZV-844,2199.47,Chelsea,Sugar Land,True,2024-06-09,De Havilland Canada DHC-8-300 Dash 8,616645TE,Lesley,Jordan,B134ZQ,5600,1,-11.3,69986.0,86.0,1353.6,42370,2009-06-16,economy
08:00:31,09:39:31,FGB37361,AI165,65995368,HP-90904-RH-476,4587.03,Cheyenne,Roswell,False,2024-11-14,Douglas DC-10-30,,Wilber,Turks & Caicos Islands,G903RW,2788,1,-1.2,22758.3,99.0,914.0,23835,1999-07-06,economy
09:12:42,11:54:42,FGY98768,AI199,65083382,ME-01969-TT-297,3146.01,Little Elm,New Smyrna Beach,True,2024-12-28,Boeing 777-200ER,075113FZ,Dreama,Jersey,A394FY,705,6,-6.6,7459.1,65.0,685.3,5941,2007-10-30,economy
05:00:33,07:19:33,ULX94396,AI079,64770609,XM-20923-SK-715,3950.37,Palm Beach Gardens,Madisonville,True,2025-02-24,De Havilland DH.104 Dove,398273WF,Daniel,Laos,Q957BE,2320,1,-13.7,19000.1,111.0,919.8,18149,2002-09-24,economy
08:37:32,09:13:32,LXK51088,AI655,69173794,FT-18947-GE-027,1490.9,Thornton,Fort Wayne,True,2024-11-08,Airbus A340-200,769808HV,Elmo,Guinea-Bissau,Q506ON,3319,1,-11.3,58100.4,90.0,968.4,29195,2007-07-07,economy
20:54:29,21:40:29,LLW46344,AI800,61484153,XU-29505-KW-295,2232.07,Puyallup,Frederick,True,2024-09-02,Boeing 747-8F,250031YY,Loree,Tokelau,G136VZ,2232,0,-13.5,18935.0,23.0,920.7,17688,2001-02-27,economy
09:01:35,11:03:35,MCX16595,AI324,66167263,QY-11705-QP-381,3537.88,Sumter,Cuyahoga Falls,False,2024-05-22,Boeing 727-100,,Ismael,Canary Islands,Z450WJ,5143,0,3.9,60786.1,63.0,1164.4,37368,2003-11-11,economy
21:56:28,22:20:28,YAR49108,AI092,66987388,KV-98642-KZ-745,904.79,Titusville,Maple Valley,False,2024-11-04,Boeing 737-400,,Vance,Malta,L552GW,821,2,-6.3,7341.5,48.0,711.2,6694,2010-08-29,economy
14:31:40,17:17:40,LNA93976,AI152,66833553,NT-73476-GB-136,1895.66,Fremont,Fitchburg,False,2024-06-07,Boeing 747 LCF Dreamlifter,,Tod,South Sudan,M555ZX,1542,0,-7.4,21839.2,19.0,817.9,15683,2007-02-27,economy
14:38:39,16:30:39,TTM88240,AI026,60916942,XT-70654-FI-067,4811.27,Antioch,Reno,True,2024-10-19,Boeing 747-400F,051608SC,Jaquelyn,Guatemala,X750GD,6231,0,-14.7,59507.2,98.0,1535.0,55985,1999-09-07,economy
12:03:33,13:44:33,OPN16256,AI523,61848556,NZ-76727-BV-203,3175.45,Portsmouth,St. Clair Shores,True,2024-09-13,Antonov An-225 Mriya,593832QZ,Elijah,Cambodia,R794YV,1429,7,-9.7,15410.1,58.0,819.9,17562,2006-05-09,economy
19:04:29,21:00:29,WMI32481,AI123,62978018,WM-49167-WJ-591,5113.82,Oviedo,Huntsville,True,2024-06-30,"\"Airbus A300-600ST \"\"Super Transporter\"\"\"",561025QE,Shayne,Falkland Islands,P562PV,2755,0,-5.3,24321.8,78.0,916.2,27628,2003-04-19,economy
12:10:38,12:53:38,SHT73138,AI042,61873804,GJ-64538-GK-248,3168.41,Muncie,Sioux City,False,2024-05-21,Antonov AN-72,,Jeff,Tanzania,U169XB,1515,1,9.9,19672.4,82.0,807.4,16009,2003-11-24,economy
00:48:27,01:33:27,YOK52432,AI626,64777596,MW-82236-FI-944,6816.05,Bell Gardens,Wauwatosa,False,2024-12-01,Airbus A300B2,,Nathanael,South Korea,P900LZ,4582,0,-13.0,61264.4,109.0,1334.1,24214,2003-01-12,economy
07:40:32,09:23:32,MFT48022,AI055,68778594,AD-18855-UJ-864,4003.68,Adelanto,San Marcos,False,2024-09-23,Yakovlev Yak-42,,Jean,Cyprus,G395GS,4292,0,-7.7,64798.5,95.0,1189.6,30208,2005-10-20,economy
15:19:40,16:29:40,FHF32869,AI699,66083892,KN-85289-UX-646,591.19,New Britain,Bethel Park,True,2025-02-04,Airbus A319,772049IO,Ramon,Honduras,Q505QJ,3880,0,-8.4,64285.5,28.0,942.9,28324,1998-08-05,economy
08:58:41,11:58:41,IPL35722,AI940,63883335,JW-47862-YY-844,3378.06,Riverbank,Hayward,False,2024-11-19,Boeing 747-300M,,Lady,Pitcairn Islands,H298OI,1281,6,-13.0,13218.5,79.0,804.5,16797,2005-10-12,economy
02:17:24,03:38:24,HXW61343,AI650,67661910,CP-84704-BP-733,6172.97,Lubbock,East Chicago,False,2024-06-05,Tecnam P2010,,Alex,Montenegro,J203OA,3476,0,-0.7,56550.3,75.0,903.9,25537,2010-07-18,economy
16:00:36,17:38:36,ABV37990,AI568,67598633,QU-22315-JQ-772,2513.73,Chino Hills,Fridley,True,2024-06-06,Shorts SD.330,692341EN,Trinidad,British Virgin Islands,G290RQ,4954,0,-11.6,65039.1,93.0,1196.9,26471,2010-10-04,economy
04:34:43,06:42:43,UAA02055,AI534,65081804,FI-70773-WE-500,4118.85,Jonesboro,Winter Park,True,2024-07-22,Boeing 717,385035EV,Marcos,Kosovo,M203GL,3245,0,-13.8,57512.9,31.0,924.5,25708,2006-08-26,economy
12:08:43,14:43:43,DDO91689,AI607,66425466,DN-57045-SI-372,2728.65,Seaside,Cocoa,True,2024-11-24,Douglas DC-9-20,099590OQ,Cary,Dominica,G322QH,4594,0,3.3,55683.5,111.0,1211.6,26081,2001-08-18,economy
09:49:39,10:44:39,YOR11230,AI061,62603293,WV-77511-LX-965,5790.33,Bridgeton,Leavenworth,True,2024-05-13,De Havilland Canada DHC-8-300 Dash 8,822661XE,Sherman,Bulgaria,N640ZL,3550,0,5.8,67861.7,119.0,912.9,26341,2003-09-17,economy
06:14:35,07:23:35,VFG07067,AI660,63179185,VR-00901-HS-631,2817.18,Twinsburg,Tupelo,False,2025-01-09,Embraer E195-E2,,Lauralee,Armenia,S601BQ,5935,1,-10.9,68921.8,52.0,1108.1,47595,1999-01-16,economy
08:46:38,10:09:38,ITY94294,AI684,68787716,FF-26855-EH-786,4272.04,North Las Vegas,Alice,True,2024-11-08,Beechcraft 1900,306507WH,Anton,Solomon Islands,P475XC,5498,0,-5.0,61501.8,101.0,1013.4,35338,2006-10-01,economy
04:06:39,06:30:39,FBL13939,AI104,63680986,TB-16616-XK-955,4557.44,Darien,Algonquin,True,2024-10-11,Antonov AN-24,500626JI,Stewart,United States,Y459PB,718,8,-11.7,7380.3,48.0,529.2,7531,2005-10-16,economy
23:05:33,01:33:33,EIV37293,AI843,68981416,RH-90931-FE-575,7555.19,Copperas Cove,Ypsilanti,True,2025-01-25,Bombardier BD-700 Global 5000,538977ZP,Shoshana,Iran,Y343YI,1139,8,-6.9,17879.3,99.0,808.7,13710,2004-10-22,economy
09:36:27,11:19:27,AWZ09287,AI263,67203806,RL-53836-IO-931,5757.42,Herriman,Alice,False,2024-12-31,Tecnam P2012 Traveller,,Steven,Diego Garcia,O104FS,3502,1,-11.2,67754.1,46.0,906.9,28375,1999-08-01,economy
16:51:39,17:11:39,UEE69784,AI118,61512202,PF-46634-MW-554,3868.41,Apopka,Farmington Hills,True,2024-12-09,Tupolev Tu-144,990649EV,Piedad,Monaco,K968OV,1730,1,-14.3,27591.2,40.0,837.3,15456,2007-04-03,economy
09:26:43,12:18:43,PBE83427,AI678,65707229,LW-72027-TN-603,5701.34,Kingsville,Miramar,True,2024-07-06,Tecnam P92 Eaglet,921481YT,Wade,Svalbard & Jan Mayen,K234KE,2111,0,0.5,19720.8,83.0,941.3,18562,2000-12-18,economy
12:53:37,13:41:37,ATK46216,AI702,66330279,ZP-13394-EJ-782,974.25,Mokena,Sherwood,False,2025-02-28,Antonov An-225 Mriya,,Nestor,Grenada,K650WE,6437,1,-14.4,60525.2,63.0,1574.1,59105,2006-01-29,economy
07:24:36,09:02:36,BGP81140,AI095,66266577,JK-65607-UU-392,1259.39,Norwood,Coral Springs,False,2024-05-13,Embraer Legacy 500,,Josh,Syria,W561CM,5024,0,-8.9,57495.5,116.0,1340.8,41715,2001-01-16,economy
23:10:36,00:56:36,NTU89607,AI031,62331139,WF-34694-TA-534,2460.06,Burien,Imperial Beach,False,2024-12-30,Tupolev Tu-214,,Idell,Cyprus,I514YG,4225,0,-10.0,61037.2,88.0,1282.4,24803,1999-08-28,economy
08:52:42,09:39:42,NVJ53101,AI982,63575967,HQ-78024-KX-923,2822.34,Carrboro,Weirton,False,2025-01-23,Beechcraft 1900,,Dodie,Tajikistan,I369FT,4655,0,-10.9,64512.5,85.0,1099.9,28922,1999-06-05,economy
17:18:24,18:38:24,CYP20252,AI567,66000150,GS-41859-AI-001,2442.85,Menomonee Falls,Sahuarita,False,2024-10-15,Grumman G-73 Turbo Mallard,,Pearle,Cape Verde,I150QO,4416,0,5.6,69420.9,79.0,1322.0,24930,2005-02-15,economy
01:34:27,04:13:27,AOY90034,AI631,66362219,NG-48872-OV-868,1414.11,Casselberry,Kearny,False,2024-05-22,Airbus A350-1000,,Rolf,Ukraine,H634RB,3965,0,-10.1,65853.3,16.0,926.0,28843,2006-08-24,economy
00:44:24,03:17:24,BFF76532,AI786,60887677,GD-42956-OP-897,1062.26,Topeka,Chesapeake,True,2024-09-08,Tecnam P2006T,154987VS,Dillon,Swaziland,C973GL,5217,0,-8.2,68579.9,83.0,1345.2,38853,2004-03-17,economy
05:41:30,08:30:30,VIJ91291,AI561,66853922,BI-71190-WF-187,5693.65,Issaquah,Methuen,True,2024-07-23,Boeing 777-300,226579NC,Charmain,Morocco,H182FQ,1986,0,-7.4,18283.7,105.0,832.7,15192,2001-01-25,economy
05:13:39,07:19:39,ZTL55714,AI075,62231812,BZ-64894-VS-178,6209.73,Riviera Beach,Petersburg,False,2024-11-25,Canadair Regional Jet 200,,Katherin,Philippines,Z606LI,6348,0,-11.9,55784.4,119.0,1741.6,55878,2003-05-18,economy
07:26:38,08:01:38,NUF37616,AI796,68095668,FE-77645-ZW-017,995.23,Altamonte Springs,Hollywood,False,2024-10-23,Gulfstream V,,Ken,Canada,V468KA,6443,0,-5.9,67006.9,76.0,1299.8,54027,1998-04-16,economy
10:15:42,11:47:42,WXS09578,AI839,68535562,HE-30605-CB-577,4453.15,Petaluma,Hopewell,True,2025-01-18,BAe 146-200,384752ZL,Trinity,Latvia,C182ZW,6471,1,-6.0,62288.3,72.0,1397.0,54085,2001-05-15,economy
03:00:28,03:17:28,WSB14115,AI450,62899838,GN-17142-LY-738,924.0,Edgewater,South Jordan,True,2025-01-08,Cessna Citation I,976796LG,Jan,St. Barthélemy,Q131OR,2084,0,-9.2,19815.1,46.0,942.3,16012,2000-08-31,economy
09:02:34,11:51:34,IPY82389,AI050,67028686,RD-01450-RS-053,2819.72,Pico Rivera,Wilmette,True,2024-12-31,Boeing 747 LCF Dreamlifter,978659KQ,Jesenia,Sudan,D203RU,6035,0,-11.2,68194.4,33.0,1595.1,53091,2001-09-23,economy
08:57:32,09:14:32,GPD91194,AI475,60725791,VE-98699-IP-970,7450.21,Rock Island,Meridian,False,2024-07-13,Piper PA-31 Navajo,,Fidela,Kuwait,V921LW,3710,0,0.5,56836.4,108.0,966.6,27907,1999-06-11,economy
16:07:26,19:04:26,RKZ38349,AI393,64286837,HL-59359-QD-258,2008.41,Reedley,Cocoa,False,2024-10-24,Airbus A220-300,,Donnette,Syria,E857NP,5889,0,-0.6,63116.8,62.0,1303.0,42215,2007-01-11,economy
08:58:25,09:12:25,HNM10402,AI421,60522125,AY-05185-OU-782,6676.45,Antioch,Corpus Christi,False,2024-06-03,Boeing 747-200,,Antonina,Nepal,N266NJ,2861,0,8.5,24586.9,18.0,938.2,23598,2002-03-27,economy
19:31:30,19:44:30,DVU73024,AI776,68020666,RN-92579-TM-431,4258.66,Chicago,Bolingbrook,True,2024-10-27,Convair Convair CV-640,553470GQ,Jesus,Iraq,W368VG,2565,0,7.9,24384.4,105.0,941.4,23583,2009-04-26,economy
02:50:36,05:02:36,KNW59496,AI025,62584018,FC-82201-DO-126,573.44,Evans,Hendersonville,False,2025-03-05,Douglas DC-9-20,,Mallie,Liberia,A706AI,2861,1,-6.9,23262.7,47.0,904.0,22714,2001-08-11,economy
04:25:25,06:02:25,XHM62708,AI308,67325765,QR-85564-IM-922,6374.77,Terrell,Tukwila,False,2024-08-16,Embraer 190,,Wen,Liberia,E354LF,5004,1,-11.6,64973.9,99.0,1291.6,38774,1999-11-12,economy
09:34:37,10:00:37,FUU96846,AI403,66263232,YZ-38703-OO-708,6685.44,Hattiesburg,Westfield,False,2024-06-12,Cessna Citation VII,,Ezekiel,Finland,I607ZZ,2267,0,1.9,18008.4,25.0,926.4,17944,2004-01-15,economy
21:44:37,22:08:37,IOK89753,AI240,65681931,MS-53494-ZO-435,7998.94,Macon,Hartford,False,2024-09-29,Embraer Legacy 600,,Damon,Peru,J065LF,2369,0,-10.5,19834.3,42.0,901.5,17868,2005-07-24,economy
08:42:43,09:53:43,TUN13403,AI260,67504499,RN-41724-JZ-121,2370.41,Alpharetta,Galesburg,True,2024-07-02,Douglas DC-9-10,882089OO,Lionel,Russia,S708MD,5996,0,6.4,58411.0,52.0,1155.6,42557,2008-06-29,economy
10:12:34,11:27:34,TYY45527,AI035,61257803,XO-96609-TK-945,7981.75,Upland,Midlothian,True,2024-07-27,Gulfstream IV,206745ZJ,Conrad,Oman,E772ZG,894,5,-2.1,7332.3,21.0,593.7,6601,1999-12-19,economy
07:32:25,08:32:25,FSC53222,AI257,62621933,MU-44242-EB-204,3726.36,Moscow,Bourbonnais,False,2024-11-03,Cessna 162,,Waneta,Gibraltar,D898XQ,4819,1,-11.7,69664.8,67.0,1289.9,29269,1999-07-07,economy
23:19:29,01:35:29,KYB44816,AI835,60141951,HI-57914-BL-130,1286.16,South Bend,San Diego,False,2024-07-27,Boeing 757-200,,Fletcher,Lebanon,J514OW,5730,1,-10.2,58953.6,64.0,1055.8,43059,2008-02-23,economy
03:48:35,04:54:35,GBN27052,AI505,62752929,LM-36440-XA-772,7932.84,Federal Way,Sterling Heights,False,2024-05-30,Airbus A300B4,,Stepanie,Cameroon,L471HL,5013,0,-9.2,65403.1,110.0,1004.1,37156,2001-03-12,economy
06:19:33,08:23:33,UQY60933,AI071,64353061,PI-67146-VN-722,1662.09,Seattle,Lee's Summit,False,2024-07-14,Boeing 787-9,,Alyse,Iraq,R898VQ,2116,1,-9.5,18002.1,16.0,927.2,19390,2004-09-09,economy
06:39:36,08:33:36,VTV26694,AI684,64419448,TU-88577-MT-630,3934.06,Post Falls,University Park,False,2024-08-08,Gulfstream IV,,Hong,Guinea,Z605EY,5691,1,-5.7,61335.4,30.0,1098.6,47342,2010-12-01,economy
07:59:25,08:46:25,MBT65075,AI542,68610290,MX-21214-YQ-373,6365.43,Schertz,Lake in the Hills,True,2024-10-18,De Havilland DH.114 Heron,489320UN,Dorla,Jersey,W236JB,4024,0,-1.4,63618.4,58.0,1106.2,25557,1998-07-26,economy
01:02:43,03:52:43,ROI05731,AI623,64997878,YF-56474-VB-846,4182.36,Schaumburg,Vallejo,True,2024-05-31,Airbus A220-300,961474QX,Elfrieda,Colombia,B703TI,2145,0,-9.0,18441.9,36.0,947.5,19410,2006-01-04,economy
09:49:28,11:49:28,AVO47505,AI073,65395958,GH-58685-VW-553,7466.89,Lowell,Bristol,True,2024-09-17,Shorts SD.360,579323DY,Nana,Iraq,N370PE,6398,1,4.2,56553.6,71.0,1313.1,53398,2006-10-10,economy
22:47:42,00:35:42,XJZ52851,AI198,66599168,RC-58121-FD-595,7865.11,Windsor,Villa Park,True,2024-08-03,Learjet 36,505700PT,Lakeesha,Pakistan,Y555LC,6230,1,-9.9,63912.3,52.0,1494.9,57868,2002-10-12,economy
08:13:26,09:21:26,KCM22361,AI906,67893363,OL-77195-WO-862,473.84,Eau Claire,Garner,False,2024-05-22,Bombardier 415,,Margarite,Haiti,L965UT,5270,0,-9.5,69331.2,111.0,1008.0,35955,2006-12-21,economy
00:12:24,02:59:24,KBF11790,AI342,60319358,KF-47053-WQ-318,6127.63,Lake Havasu City,Muskegon,False,2024-12-12,Boeing 737-900,,Wilfred,Falkland Islands,L582ZM,6355,0,8.1,61714.7,66.0,1564.4,57055,2009-08-16,economy
20:36:37,22:02:37,XUQ94734,AI995,68742822,OX-42770-OJ-783,3401.76,Wentzville,Santa Clarita,False,2025-03-08,Cessna 208 Caravan,,Edelmira,Barbados,Z357YH,1160,2,-12.0,16608.0,70.0,839.3,10218,2003-01-17,economy
18:34:26,19:17:26,URM57700,AI554,69563905,TS-51370-SG-741,2502.69,Huntington Park,Danbury,True,2025-01-03,Sukhoi Superjet 100-95,223601WO,Tesha,Guatemala,R685JC,1151,6,-11.6,16190.8,48.0,840.0,12110,2000-04-26,economy
06:16:42,08:52:42,JCB01102,AI032,61450324,JI-55467-RF-868,6725.41,Golden,Hendersonville,True,2024-10-14,Canadair Challenger,668404JQ,Xenia,Namibia,U413RA,3530,1,4.5,63135.3,47.0,985.1,28573,2001-04-15,economy
03:45:25,06:35:25,RWA74051,AI552,64079786,LH-20684-PT-620,2166.64,Maryland Heights,Hackensack,False,2024-07-21,British Aerospace Jetstream 31,,Emery,Albania,Z168WA,782,8,-9.6,7042.3,71.0,698.7,6522,2007-02-06,economy
20:35:31,23:26:31,LNR71064,AI511,63468929,PG-81361-DC-234,2120.84,Chula Vista,San Francisco,False,2025-01-27,Boeing 757F,,Valentin,Azerbaijan,V533OA,2327,1,-8.3,18351.1,92.0,948.2,16963,2001-10-05,economy
00:11:25,02:27:25,OAL65895,AI517,64562006,ST-84401-AQ-764,551.24,Stockton,Round Lake,True,2024-07-06,McDonnell Douglas MD-11C,168518LS,Tad,Cuba,H183IV,4383,1,-1.2,55103.0,115.0,1278.4,24430,2010-04-04,economy
21:07:25,23:07:25,LGQ98066,AI190,68842716,MM-69266-WU-865,7065.37,Rohnert Park,Carmel,True,2024-06-16,BAe 146-100,387306ZU,Naida,North Korea,J151EJ,3431,0,8.1,59318.5,30.0,963.4,26039,2001-09-21,economy
01:11:41,03:44:41,FSH50232,AI570,63029345,CT-74224-XF-718,3243.73,El Cajon,Dumont,False,2024-06-01,Cirrus SF50 Vision Jet,,Barbera,Vanuatu,R524YF,2731,0,-8.7,23725.5,109.0,921.6,20743,2005-01-31,economy
11:25:28,11:50:28,MRO03103,AI752,62204465,JX-13630-TP-398,6823.11,Mooresville,Matthews,False,2024-10-22,Ilyushin IL114,,Emelda,Canada,I912JF,4617,0,-14.3,58787.0,17.0,1232.8,29849,1998-05-05,economy
09:19:35,11:35:35,ADO86926,AI213,61032452,KW-54025-JA-243,5870.68,Fort Walton Beach,Howard,False,2024-10-07,Boeing 747-400M,,Loan,Slovakia,A463MG,4034,0,-12.7,57884.4,97.0,1020.1,29896,2007-04-10,economy
04:30:25,06:28:25,INO10827,AI152,69290960,YB-54536-BP-702,4271.84,New Albany,Elizabeth City,False,2025-02-15,Embraer Phenom 300,,Demetrice,Russia,R663EW,3685,0,-10.6,64849.1,44.0,982.4,25429,2000-05-05,economy
10:50:28,11:28:28,KRJ54639,AI033,69225604,PD-56176-KO-294,2704.83,Marshfield,Brea,False,2024-05-28,Pilatus Britten-Norman BN-2A,,Monroe,Norfolk Island,E879RT,2149,1,-12.9,19463.4,68.0,913.1,19110,1999-04-26,economy
22:38:33,00:00:33,XZO00498,AI803,63886921,RG-43088-CV-503,5355.01,Corsicana,La Quinta,False,2025-02-01,Airbus A340-200,,Art,Belarus,X397PR,5326,0,-13.4,55096.5,42.0,1293.2,35793,2009-01-04,economy
19:29:25,20:51:25,XJF24708,AI637,60169200,TM-97571-HU-067,1109.28,Tustin,Mustang,False,2025-02-28,Sukhoi Superjet 100-95,,Gretta,St. Lucia,C208PS,1107,5,1.5,17369.8,70.0,842.3,15621,2009-12-06,economy
10:00:35,10:35:35,STJ69956,AI741,67772458,GZ-12619-UT-896,1168.06,Dinuba,Lawton,True,2024-11-20,Cessna Citation Mustang,829030RB,Dannie,Vatican City,F322SR,3326,0,-8.0,62585.4,93.0,924.6,27491,2008-12-11,economy
12:05:35,13:44:35,SST63256,AI743,66155512,LL-18806-NH-809,3809.85,La Puente,Pleasant Grove,True,2024-06-08,Airbus A350-1000,765276TY,Annita,Curaçao,E422FM,2469,1,-0.2,19898.3,115.0,902.7,15485,2002-04-26,economy
01:05:24,04:05:24,ZAQ07232,AI421,64152010,LR-72926-II-629,6901.78,Frisco,Spokane Valley,False,2024-07-23,Boeing 707,,Murray,Burkina Faso,L799YY,529,3,-5.8,7136.6,98.0,643.4,7859,1998-01-01,economy
23:17:25,01:17:25,HJY88493,AI840,67080984,FS-54232-HT-810,1249.94,Hamtramck,Roanoke Rapids,True,2024-11-02,Boeing 737-500,812352SB,Elden,Mongolia,M816TA,5806,1,-14.1,57823.7,72.0,1151.9,40980,2000-04-02,economy
17:44:31,19:12:31,ZOC16040,AI012,63674568,NQ-18037-MO-755,1612.82,Bossier City,Logan,True,2024-07-16,Ilyushin IL96,466645NK,Archie,Liberia,P204RG,5139,0,-12.5,68041.9,28.0,1314.1,36043,2002-11-15,economy
02:32:41,03:28:41,UGQ72796,AI056,64450352,SX-52238-CP-794,1631.87,Hudson,Anoka,False,2024-10-14,Boeing 707,,Jonathan,Namibia,U689CR,4865,0,-6.0,58932.4,53.0,1108.0,29902,2006-02-16,economy
01:55:24,02:05:24,FDL72163,AI314,65888904,CY-13694-HP-532,6379.95,Issaquah,Oakland Park,True,2024-05-25,Ilyushin IL18,020010TJ,Rafael,Czech Republic,Y502FP,573,5,-5.4,7190.5,32.0,696.7,7006,2005-09-23,economy
15:42:38,17:38:38,PHK17610,AI723,64926194,YI-93948-MC-786,1361.62,Holly Springs,Loveland,True,2024-12-06,Boeing 747SP,349663HR,Trent,Vietnam,M402MR,4421,1,-10.2,66089.4,60.0,1215.3,25808,2004-01-11,economy
09:37:34,12:36:34,ICR15600,AI150,65812165,JH-10910-LM-660,1840.55,Bellaire,Janesville,True,2024-06-05,Canadair Regional Jet 900,369289NM,Kourtney,Turks & Caicos Islands,B594SC,4749,1,-8.3,59816.7,37.0,1253.3,29435,2006-06-02,economy
15:44:27,17:43:27,EJR60445,AI686,69237205,WE-55277-JN-107,6219.64,Conroe,Oro Valley,False,2024-11-26,Yakovlev Yak-40,,Nancie,Bulgaria,U537HL,2399,1,4.9,18340.6,26.0,929.7,19676,2002-11-10,economy
09:25:26,11:32:26,MTE38019,AI177,66521035,AJ-16655-JM-161,1001.35,Claremont,Lake Worth,True,2024-08-18,Boeing 787-10,970798BG,Maris,U.S. Virgin Islands,Z910ZM,1176,8,-12.3,16210.0,96.0,831.3,10716,2009-04-07,economy
03:12:39,05:51:39,RHQ01713,AI181,65156335,OZ-66568-WY-288,1644.48,Port St. Lucie,Baytown,False,2024-09-08,Cessna Citation X,,Octavio,Samoa,B185ZG,4317,1,1.9,67793.1,46.0,1373.6,27106,2004-05-03,economy
23:58:36,00:58:36,SZX87816,AI270,63634261,TJ-14596-LY-028,2206.42,Bellflower,Modesto,False,2025-02-18,Diamond DA42,,Dominique,Afghanistan,D395RQ,628,3,6.5,7323.1,71.0,503.2,7216,2005-06-13,economy
01:28:27,02:07:27,VBG42883,AI939,69446869,PL-02439-GF-248,6029.57,Hastings,Kernersville,True,2024-09-15,Fokker 50,053156JM,Erich,Ukraine,D350VS,1487,5,-12.8,16590.5,88.0,804.4,14492,2007-10-20,economy
01:22:25,01:50:25,TML90953,AI004,66206431,UN-10971-CE-846,2537.1,Strongsville,Lufkin,True,2024-08-02,Piper PA-44 Seminole,912149FQ,Afton,Guernsey,S148MJ,5499,0,3.0,67114.4,26.0,1260.6,42342,2000-02-11,economy
04:39:34,05:00:34,KDC31951,AI498,63113987,SR-54479-DX-834,4595.97,Porterville,Bethany,False,2024-07-30,McDonnell Douglas MD-11F,,Larhonda,Norfolk Island,D571UM,3799,0,-7.0,61295.5,56.0,943.1,28627,1998-07-03,economy
14:30:33,15:06:33,DVA02937,AI278,60213153,FV-45313-HX-426,5390.71,Marana,Northbrook,True,2024-05-19,"\"Airbus A300-600ST \"\"Beluga\"\"\"",497033UR,Ellsworth,Kuwait,I194IY,1506,1,-10.2,22193.8,38.0,844.3,13466,2008-03-22,economy
22:38:24,00:58:24,KOI91128,AI711,63948543,BY-27646-AG-741,6715.64,Coeur d'Alene,Weatherford,False,2024-09-09,Boeing 747-400,,Heike,Vietnam,L581LF,4069,1,-14.5,56597.1,21.0,1219.9,25326,2009-05-05,economy
06:21:41,07:34:41,ZWQ25118,AI087,69581770,FE-46337-NE-265,2506.06,Fairfax,Bozeman,False,2025-01-28,Boeing 737-600,,Garland,New Zealand,V719EK,5232,1,3.9,65173.5,42.0,1023.5,42595,2004-06-03,economy
08:56:28,11:36:28,HXC69943,AI230,61081656,CW-91683-PQ-732,2608.93,Manhattan,Ann Arbor,False,2025-01-05,Embraer Phenom 300,,Magdalen,Belarus,Z055OD,3611,1,-8.7,57123.2,36.0,932.2,27852,2003-06-21,economy
22:42:34,01:28:34,WCC90462,AI945,67966892,VF-82977-YR-176,6092.92,Natchitoches,Wauwatosa,True,2024-11-28,Boeing 747-8I,784101ES,Yang,Belize,X144FN,6210,0,-10.9,64536.5,79.0,1736.5,57388,2006-07-11,economy
21:56:42,00:40:42,WFS59659,AI810,61122240,ZU-91643-GY-273,2920.73,Bay City,Jacksonville Beach,False,2024-11-01,"\"Airbus A300-600ST \"\"Beluga\"\"\"",,Ashanti,Luxembourg,I786UY,2489,1,-8.7,18891.2,94.0,933.3,16970,2010-12-25,economy
00:07:38,00:32:38,UOT45475,AI513,64285826,XZ-54285-CS-076,7981.53,Highland Park,Goshen,False,2024-12-15,Boeing 757-300,,Pamula,Fiji,N080EU,4481,1,-10.7,55064.2,76.0,1390.5,29903,1999-12-22,economy
04:07:36,07:07:36,ZXQ74057,AI446,69262294,AY-82822-IP-409,3512.26,Valdosta,Evans,False,2024-06-19,Airbus A330-800neo,,Tereasa,Chad,J212MJ,1275,5,-6.1,13483.8,68.0,834.8,16546,2002-11-25,economy
06:24:29,07:30:29,XKA19747,AI795,65685968,FJ-30921-DC-971,5880.44,Cambridge,South Holland,True,2024-09-30,Convair Convair Convair CV-640,680400HE,Humberto,Sint Maarten,U764ML,756,8,-6.2,7098.0,64.0,537.1,6621,2000-08-09,economy
00:22:40,02:24:40,ZRJ48542,AI313,69257245,OG-25245-TX-165,901.51,Mansfield,Pawtucket,False,2024-07-30,Antonov An-148,,Ervin,Lesotho,Z030HT,5680,0,3.0,61559.5,102.0,1069.8,45500,2009-06-15,economy
19:46:42,21:05:42,BDQ15384,AI531,64398889,FO-33255-AG-625,6663.25,San Benito,Dumont,False,2024-12-26,Shorts SC-7 Skyvan,,Florrie,Ethiopia,R204LA,4631,0,-8.8,69425.6,38.0,1217.8,28338,2010-02-15,economy
20:24:43,22:57:43,QBT55079,AI141,60721616,PD-89250-AR-942,7983.54,Cedar Park,Tinley Park,True,2024-05-28,Learjet 36,915638RN,Jeannetta,Dominican Republic,O809UR,1347,6,-5.0,16459.9,88.0,815.8,13499,2007-01-19,economy
16:51:27,17:34:27,TUH62357,AI556,64374595,JX-71675-UZ-583,4980.08,Ruston,Ventura,True,2024-06-14,Cessna Citation III,133389JF,Ollie,Argentina,B252KV,3963,1,-14.9,67949.3,82.0,983.3,25578,2008-08-02,economy
11:58:25,14:45:25,MSN51162,AI615,61614745,HV-93203-JD-722,4501.45,Madison Heights,Prescott,True,2024-09-30,Douglas DC-8-72,254835LF,Kit,Mali,S395TN,5868,1,-11.8,69463.8,102.0,1184.7,43571,2002-02-28,economy
12:00:24,13:15:24,NZI33026,AI463,68088781,BY-91479-GV-932,1303.06,Barberton,San Luis,False,2024-08-29,Boeing 727-100,,Manual,Andorra,I483TN,3675,0,-14.3,66920.0,108.0,957.6,26142,2006-05-29,economy
05:27:26,06:08:26,IFO33214,AI681,62491088,ZM-61348-VB-944,6797.59,Long Beach,Mineral Wells,False,2024-09-21,De Havilland Canada DHC-6 Twin Otter,,Jimmy,United Kingdom,X759RV,2724,1,3.6,22742.7,101.0,918.1,26605,2007-12-27,economy
07:32:40,10:32:40,HJA11863,AI976,61070581,RO-33294-LQ-484,3353.45,Burbank,Chino Hills,True,2024-10-03,Fairchild Dornier 328JET,042812JD,Onita,Mexico,O588NW,5725,1,-1.9,60666.8,44.0,1331.2,45599,2008-04-06,economy
07:18:34,10:06:34,QNN43225,AI937,67099764,PH-76647-CW-576,6268.21,Hoboken,Stafford,False,2024-09-16,Boeing 777-200LR,,Belia,Cocos,N194ZZ,5905,1,-5.7,56249.8,66.0,1351.0,46807,2000-09-10,economy
16:38:25,16:57:25,XDQ70981,AI351,63059406,UJ-94338-RR-949,4504.14,Cary,Fort Worth,True,2024-09-08,Embraer RJ140,166707TR,Clair,Latvia,X736HM,1141,8,-14.5,16261.0,30.0,811.1,11102,1998-03-14,economy
09:11:28,10:28:28,XVW31112,AI416,63497317,DL-55840-RW-355,5768.62,Kiryas Joel,Downers Grove,False,2024-11-06,Boeing 787-8,,Filiberto,Turkey,B831ZL,5516,1,-12.6,66702.0,101.0,1284.8,46368,2006-03-06,economy
01:17:26,02:47:26,GWM46765,AI208,68524573,KP-22443-NW-615,2487.06,Laguna Beach,Fort Collins,False,2024-11-04,De Havilland Canada DHC-8-400 Dash 8Q,,Maxima,Ecuador,Y291RE,1147,2,1.4,16995.8,115.0,828.3,16788,2006-06-01,economy
10:05:27,11:15:27,XAB76339,AI335,60310587,AF-61339-IY-994,4497.68,Eagle,East Lansing,True,2024-09-26,Canadair Regional Jet 550,306469ZU,Lavonia,U.S. Virgin Islands,L147WU,3122,1,-12.3,51902.6,75.0,948.3,29787,2006-12-06,economy
10:09:27,12:02:27,MSI26393,AI604,66086969,YH-63151-TY-063,2789.93,Beverly,San Bruno,False,2024-12-19,Airbus A330-300,,Rosana,Guatemala,A748ES,3418,1,8.5,55178.8,117.0,983.2,27826,2009-12-22,economy
11:00:37,13:09:37,EYO31799,AI463,60620872,KI-16796-MH-072,5331.07,Palm Bay,Washington,False,2024-10-27,Pilatus Britten-Norman BN-2A,,Ryan,Macedonia,W217LT,5982,1,-14.6,64266.4,83.0,1360.3,43096,2003-02-11,economy
17:46:24,19:21:24,ZSW33229,AI310,63531948,FM-39606-HN-077,7668.64,Toledo,Ramsey,False,2024-08-15,Antonov AN-24,,Vivien,St. Pierre & Miquelon,O695BI,689,5,-6.7,7215.0,111.0,698.7,5082,1999-11-13,economy
00:57:25,02:08:25,XVP55033,AI983,68573906,AN-91768-PL-425,5417.22,Moraga,Highland,True,2024-07-11,ICON A5,157328SU,Rebbeca,Honduras,A879XH,795,3,-9.6,7266.3,55.0,705.3,6366,2000-12-23,economy
16:56:26,19:26:26,ISU12575,AI579,65152996,CV-93086-BY-949,2730.7,La Puente,Valparaiso,False,2024-05-25,Learjet 60,,Franklyn,Liberia,B102BX,3020,0,-1.4,40560.0,51.0,937.0,27323,2001-08-20,economy
05:15:41,07:10:41,QAX33147,AI561,63020008,JK-70069-NH-290,7895.12,Canton,Green Bay,False,2025-03-03,Boeing 737-800,,Cleotilde,Vatican City,B463VM,2302,1,-12.6,18363.9,84.0,947.5,18443,2001-09-01,economy
12:21:32,13:35:32,QVH67948,AI709,62370533,KO-17896-YZ-228,4955.42,North Las Vegas,Berwyn,True,2024-10-31,McDonnell Douglas MD-11C,631816KR,Miles,Monaco,R979ZB,2996,0,-11.1,23150.1,75.0,915.8,26768,2008-06-06,economy
02:33:37,04:37:37,GJG42773,AI525,61722919,UV-92776-VL-040,5914.85,Sarasota,Cortland,True,2024-09-05,Saab 2000,009989UU,Jarred,Singapore,R438ET,5549,1,-12.7,66600.6,39.0,1306.2,45576,2006-09-15,economy
06:38:33,09:12:33,ELC42897,AI453,61270766,OI-39709-PM-757,988.62,Philadelphia,Phenix City,False,2025-01-13,Antonov An-225 Mriya,,Tiera,Oman,I604MJ,2244,0,7.7,18257.1,31.0,902.8,18770,1999-05-22,economy
15:03:43,17:53:43,WNY53539,AI464,68705167,KY-41949-FI-965,3687.22,Moses Lake,Holladay,False,2024-09-25,Cessna Citation V,,Ulrike,Cuba,D549MJ,2554,1,-2.0,24981.0,66.0,940.9,24253,2005-09-15,economy
05:17:25,08:11:25,WJK68043,AI676,65553569,PC-96658-XB-058,5869.26,Taunton,New Castle,False,2024-09-10,Tecnam P2002 Sierra,,Eliseo,Brazil,I806VJ,1586,1,-5.9,23875.0,76.0,846.0,16451,2004-05-13,economy
09:00:30,10:27:30,ZLB29224,AI775,69097695,UZ-29242-WU-216,3840.99,Salinas,Passaic,False,2024-10-20,Canadair Challenger,,Cathern,Turks & Caicos Islands,H193LD,5562,1,-7.6,62101.7,24.0,1023.3,45114,2008-02-10,economy
14:30:33,14:41:33,OYL58710,AI097,65102683,RV-69776-KF-043,7017.35,Clarksville,Harvey,True,2024-09-24,Tupolev Tu-134,405106DL,Arden,British Virgin Islands,J206TG,3440,1,-11.4,61944.8,80.0,965.4,25823,2005-12-04,economy
22:38:36,00:50:36,HXA86400,AI839,64966139,RM-04435-DL-691,1605.28,Bolingbrook,Redmond,True,2025-01-06,Cessna CitationJet,224612LI,Willian,Guatemala,R138SL,6112,0,9.4,56841.3,65.0,1551.5,56860,2007-01-12,economy
18:13:38,18:51:38,GNW65216,AI961,68104575,LK-10823-GR-426,5362.93,Rogers,Ocean Springs,True,2025-01-21,Boeing 777-200,434563JV,Jon,Swaziland,Z807JE,1378,4,4.9,16876.7,91.0,809.2,14855,2008-12-09,economy
01:21:29,02:07:29,CDT30825,AI226,65778088,JU-71725-QN-121,1235.85,Azusa,West St. Paul,False,2025-01-19,Gulfstream V,,Dane,Angola,S592QQ,4209,0,-12.9,68645.9,33.0,1317.7,30642,2001-10-18,economy
19:50:26,21:36:26,VQR50121,AI709,66637102,IN-27419-PL-512,5861.94,Oak Creek,Tustin,False,2024-09-20,Embraer EMB 110 Bandeirante,,Tanna,Venezuela,M835UX,2120,0,-11.4,18265.6,66.0,913.6,19629,2006-12-26,economy
07:20:38,09:50:38,HSE80412,AI932,67370683,PK-84972-HK-905,7593.51,Centennial,Parker,False,2024-07-26,Tecnam P2002 Sierra,,Dominick,St. Lucia,L368HX,4611,1,1.3,56167.3,90.0,1286.0,30380,2007-07-30,economy
05:35:42,06:48:42,EIT69295,AI098,62762850,QP-52236-DW-674,6350.49,Wilmington,Marion,False,2024-06-13,Evektor SportStar,,Vernetta,Namibia,K362TU,2799,0,4.5,23790.2,36.0,905.5,21395,2000-02-20,economy
02:19:28,04:24:28,XOJ53106,AI467,62943406,OM-30140-MG-827,6181.9,Richfield,Boston,False,2025-02-02,Gulfstream IV,,Waylon,Cameroon,B210ZG,3076,0,-5.5,52273.4,82.0,972.1,27839,2003-07-31,economy
06:12:30,06:40:30,ZNT92404,AI898,61238450,AZ-05838-KP-269,7611.11,Miami Gardens,Mayfield Heights,True,2024-09-05,Convair Convair CV-640,287644MV,Vallie,Niue,P216SQ,669,5,-13.6,7102.4,108.0,566.7,5656,2004-01-30,economy
11:18:25,11:34:25,QDD54528,AI861,60217899,HE-45917-NV-309,3726.28,Bessemer,Walker,False,2024-09-01,Robin ATL,,Rana,Niger,T411XJ,5247,1,3.9,57956.8,93.0,1088.9,39723,2008-05-16,economy
09:01:34,10:38:34,FLO09714,AI522,60806604,BN-53703-CN-093,5353.18,Mountain Brook,Cottonwood Heights,False,2025-02-22,Cessna Citation X,,Eleanora,Western Sahara,N454NW,1833,1,-6.0,20577.1,116.0,848.9,17768,2003-11-03,economy
15:30:43,16:32:43,ZWW33191,AI236,67703968,ZD-54768-TF-479,3082.95,Wooster,Tigard,True,2024-08-10,Lockheed L-182,636090DY,Kellye,Lithuania,X287JB,3456,0,6.7,62508.3,113.0,926.1,26669,2004-12-03,economy
05:24:31,07:42:31,KVW79240,AI091,67225730,OF-93217-CG-211,5826.77,Hialeah Gardens,Apache Junction,False,2025-01-12,Airbus A310-300,,Ranae,Palau,Y208VO,2493,0,-10.6,18008.4,76.0,920.2,17197,2010-10-10,economy
17:56:25,18:50:25,ZSG94312,AI162,64885099,ZY-25604-YG-381,5011.3,Deerfield,Fort Lauderdale,False,2024-06-11,Douglas DC-9-40,,Rubi,Mayotte,N823HV,2621,0,-6.5,23606.9,105.0,910.1,22131,2009-04-09,economy
11:54:40,14:07:40,KNB86548,AI612,65717460,BU-27969-AZ-670,483.06,Miamisburg,Brockton,True,2024-12-06,Pilatus Britten-Norman BN-2A,354818IE,Colin,Åland Islands,M569IQ,1851,0,-0.1,23762.7,24.0,803.0,17837,2004-03-28,economy
00:03:31,00:35:31,XYJ35516,AI681,60709453,DQ-44940-QR-439,5083.92,Mount Prospect,Bergenfield,False,2024-12-18,Lockheed L-188 Electra,,Bernardina,Maldives,F895TZ,2109,1,-5.4,18860.2,42.0,935.3,15102,2005-03-30,economy
08:38:25,09:01:25,ORQ51060,AI464,60062700,UP-15135-LY-403,2993.65,Grayslake,Florence,True,2024-12-04,Cessna 162,452213LP,Cheryll,Cook Islands,N424QK,2565,1,9.1,23237.1,48.0,936.9,25257,2001-12-31,economy
10:17:29,13:13:29,EFN25332,AI076,65565755,MJ-79197-OR-953,2165.71,San Antonio,North Charleston,True,2024-08-12,De Havilland Canada DHC-3 Otter,970310IQ,Jospeh,Seychelles,W364RE,3726,0,-9.7,66578.5,93.0,922.2,28164,2003-02-03,economy
00:18:30,02:59:30,ZRL96457,AI650,66352004,RQ-56552-SB-279,1589.87,Rock Springs,Manitowoc,True,2024-05-22,Pilatus Britten-Norman BN-2A Mk III Trislander,147566RZ,Eldridge,Saudi Arabia,B602KR,4384,0,-8.1,55908.4,87.0,1211.9,26521,2000-01-09,economy
22:36:39,01:15:39,TSX64346,AI688,62276300,LG-21208-TD-729,4209.25,Saratoga Springs,Brooklyn Center,False,2025-02-24,Boeing 747-8I,,Leif,Guatemala,O706KZ,4600,0,-11.4,57255.0,109.0,1374.7,29012,1998-03-22,economy
22:38:42,00:38:42,SSM71975,AI511,62331851,BU-41958-QB-297,4379.45,Pawtucket,Gaithersburg,False,2024-09-03,Tecnam P92 Eaglet,,Dahlia,Poland,O553XZ,4569,1,-10.6,62512.9,62.0,1301.6,28316,2008-07-18,economy
04:21:37,05:41:37,HEG02628,AI467,69187306,IX-28401-BU-778,3764.49,Logansport,Chicago,False,2025-03-02,Dassault Falcon 50,,Rayford,Guadeloupe,Z936RY,4446,0,-6.5,62943.5,97.0,1176.2,29184,2010-11-19,economy
17:14:41,19:57:41,PMA49947,AI596,63877922,WO-15116-SS-268,1622.1,Eustis,Fort Pierce,True,2025-01-04,Airbus A350-900,149420QN,Danae,Mali,A103GW,5343,0,3.0,69676.6,27.0,1115.0,37480,2005-04-05,economy
02:28:38,05:16:38,CPH80262,AI306,63132852,QK-19561-SR-442,3455.52,Sikeston,Santa Monica,True,2025-03-06,Piper PA-46,865743VJ,Clement,Guinea,E523KR,3965,0,-11.6,59135.7,21.0,986.3,26646,2010-09-04,economy
09:07:30,10:01:30,OSH11060,AI608,66078907,CO-74530-VB-179,2750.2,Eden Prairie,Herndon,True,2024-05-28,De Havilland Canada DHC-6 Twin Otter,822941AQ,Pasty,Thailand,R889JR,3351,1,-12.3,69499.7,94.0,945.6,29029,2006-02-15,economy
05:58:31,06:49:31,AFU93252,AI857,69707740,QF-64955-VZ-997,6155.13,Santa Fe,Owasso,False,2024-11-07,BAe 146-100,,Wendell,Namibia,L520MF,5779,1,1.6,58420.1,31.0,1175.3,44993,2008-02-20,economy
21:31:29,00:23:29,LAL10850,AI373,68605878,LF-70594-CS-144,2763.87,Fort Worth,Liberal,True,2025-03-04,Douglas DC-10-30,794319LW,Tobias,Togo,B936BU,4685,1,2.8,59098.0,33.0,1238.6,29877,2008-03-29,economy
05:30:24,06:52:24,PQS58115,AI779,68948847,SI-27746-HB-971,2197.83,Atlantic City,Wake Forest,True,2025-01-17,Boeing 777-9,094540EQ,Lurlene,Guatemala,X557PX,611,7,-6.7,7472.2,37.0,598.0,7923,2007-11-04,economy
09:33:31,10:14:31,WBW67526,AI698,60194432,UB-32031-PU-146,2343.38,Pueblo,Jacksonville Beach,False,2024-05-17,Douglas DC-8-62,,Murray,Samoa,Y963NW,5391,1,5.6,55095.9,75.0,1302.7,35409,2005-11-06,economy
16:14:30,17:19:30,ELG48426,AI048,68066188,OX-85327-KQ-345,2691.04,Wilsonville,Americus,True,2024-10-22,Boeing 727-200,457863ZX,Porter,Laos,X885LF,3645,0,4.5,60476.6,77.0,976.4,27285,2000-07-22,economy
00:01:32,00:40:32,OSL50896,AI208,69460754,AI-86096-TL-860,617.4,Whitehall,La Habra,False,2024-11-04,Ilyushin IL18,,Terisa,Jersey,U831EZ,3096,0,-10.5,44744.0,104.0,947.5,29377,2000-11-07,economy
19:09:24,20:15:24,PTY47855,AI555,66818809,XC-64769-LE-939,1964.13,La Puente,Monrovia,False,2024-07-01,Boeing 747-200F,,Chong,Suriname,H567EZ,5915,1,-10.6,57735.8,23.0,1387.8,42777,2010-01-11,economy
07:25:33,09:59:33,DYZ16363,AI788,60697224,SO-09352-KF-699,7267.4,New Haven,Superior,False,2024-12-27,Airbus A350-1000,,Desirae,San Marino,H002OU,730,6,-7.8,7461.9,74.0,644.7,7021,2006-10-03,economy
03:23:25,05:02:25,GKH61901,AI052,63163527,AT-85565-WI-795,3313.1,Jackson,Westlake,True,2024-06-02,Tecnam P92 Eaglet,501096CA,Marchelle,Germany,V307YL,2531,1,5.5,22925.6,63.0,946.7,19505,2009-09-02,economy
02:45:24,03:21:24,WUJ42718,AI666,61332877,BF-72774-QV-236,3884.51,New Smyrna Beach,Jeffersontown,False,2025-01-15,Douglas DC-8-62,,Honey,South Georgia & South Sandwich Islands,N321TF,3098,1,7.9,54943.3,89.0,942.5,28276,1998-10-05,economy
17:09:34,18:13:34,GTR46171,AI479,68832241,YB-94214-DZ-479,4233.9,Jefferson City,North Miami,False,2024-09-16,Embraer RJ140,,See,Marshall Islands,W119BK,1935,0,-5.3,24024.9,94.0,844.2,10131,2008-07-19,economy
21:06:35,22:18:35,PEN93109,AI497,67380121,EB-38589-WR-185,1563.87,Mount Juliet,Galt,True,2025-01-10,Fokker 50,916950LX,Wilburn,Timor-Leste,B114JX,657,3,-1.3,7340.6,34.0,722.4,5770,2008-12-28,economy
10:44:24,12:29:24,AHW59731,AI043,67257603,FU-79954-OX-691,2673.41,Taunton,Elmira,True,2024-06-21,British Aerospace Jetstream 31,036037AY,Marylynn,Burkina Faso,W461ET,6131,1,-13.4,61943.2,63.0,1527.0,52199,2009-04-29,economy
19:24:26,21:40:26,MAY54401,AI027,63797804,KE-55623-MC-281,7811.74,Hattiesburg,Elk Grove,False,2024-12-15,Hawker Siddeley HS 748,,Raina,São Tomé & Príncipe,R970II,1971,1,-1.3,27719.3,112.0,819.5,12189,2006-03-17,economy
05:50:29,08:07:29,CYW72973,AI260,69954970,LL-37623-RU-666,969.6,Strongsville,Sheridan,False,2024-06-24,Boeing 737 MAX 10,,Lanora,Pakistan,Z415CU,4596,0,5.0,69406.3,45.0,1345.7,26759,2008-06-03,economy
11:11:38,14:09:38,DUP54620,AI202,64647508,JJ-11856-EL-710,5190.23,Orem,Stevens Point,True,2024-07-12,McDonnell Douglas MD-90,240558EQ,Hiedi,Comoros,L333YC,4397,1,4.3,64681.7,92.0,1213.9,24088,2007-09-19,economy
07:57:39,10:08:39,WYP50459,AI097,67237632,SU-57694-KL-568,1885.39,High Point,Del City,False,2024-09-19,Convair Convair CV-640,,Hugo,Mauritius,H207IN,4478,0,8.4,69975.0,62.0,1235.3,26588,2005-03-21,economy
00:55:26,01:38:26,SOM12450,AI234,61886191,OA-30919-HZ-365,4745.93,Melbourne,Wenatchee,False,2024-07-11,Tecnam P2012 Traveller,,Luciano,Croatia,F891VP,6117,1,-0.1,68051.2,110.0,1769.1,58692,1998-06-23,economy
06:27:41,08:57:41,NJC83821,AI604,69377530,NX-62878-OZ-079,5425.98,Warren,Geneva,True,2024-09-27,Convair CV-240,015710NZ,Maximo,Guadeloupe,B749EI,4908,1,-14.4,56816.1,39.0,1128.5,25801,1998-12-01,economy
04:21:43,05:23:43,NSZ92939,AI741,61867155,VA-10996-PY-969,7988.24,Madison Heights,Sarasota,True,2024-05-25,Diamond DA62,635001TU,Francisco,Central African Republic,S307QO,5445,1,-5.7,67089.4,72.0,1151.8,36402,2000-06-06,economy
18:20:40,21:02:40,QKX20403,AI313,61822232,BS-50391-HT-573,3357.52,Middletown,Brigham City,False,2024-10-06,Piper PA-28,,Yan,Vatican City,J278RK,2295,1,-1.2,18234.2,34.0,918.8,15007,2010-09-09,economy
05:47:34,07:05:34,LBF11873,AI371,65430071,LJ-08602-ZM-763,1621.54,Orinda,Pittsburg,False,2024-09-23,Honda HA-420,,Francina,Vatican City,C218IK,4060,0,-11.9,56816.1,31.0,1188.7,24629,2008-02-15,economy
04:32:39,06:27:39,EHT96731,AI509,60206705,OV-36980-IB-138,3782.73,Matthews,Lindenhurst,False,2025-01-22,Gulfstream/Rockwell (Aero) Turbo Commander,,Sanford,Bermuda,J407EP,5226,1,-8.1,57480.1,35.0,1384.4,38021,1998-08-29,economy
05:05:28,05:49:28,CED51931,AI822,64671922,FR-44313-XB-451,1232.16,Macon,McHenry,True,2024-08-09,Boeing 767-300,756252OS,Kam,French Southern Territories,U959NJ,4760,0,-11.3,64088.8,43.0,1120.4,29572,2007-06-16,economy
03:54:36,04:22:36,ITF09906,AI246,60146948,PF-37854-CN-301,4684.11,North Lauderdale,New Hope,False,2025-01-27,Boeing 737-200,,Cruz,Paraguay,U415LC,4669,1,-11.5,60706.5,62.0,1199.0,24313,2007-12-26,economy
17:12:42,18:34:42,TSS29988,AI803,63009116,FA-42113-RX-049,7294.04,North Little Rock,Sidney,False,2024-08-24,ICON A5,,Shannon,Canary Islands,H855PR,4040,0,3.0,63805.6,55.0,1292.9,25472,2008-11-18,economy
02:18:25,04:34:25,XLU90881,AI654,60375709,BH-14599-WY-722,7675.47,Livonia,Leander,False,2024-11-30,Cessna Citation CJ4,,Kerstin,Tristan da Cunha,D092FN,2715,0,-8.2,23932.5,116.0,917.0,21479,1999-08-11,economy
04:13:40,06:28:40,WBP08124,AI514,69894145,WS-26271-TK-366,7953.67,Hendersonville,Glendale Heights,True,2025-01-19,Dassault Falcon 900,862219XM,Rocco,Slovakia,Q396LX,1269,5,-9.2,16727.8,44.0,826.9,13351,2005-01-03,economy
09:54:24,11:53:24,KWT72263,AI819,68516071,HN-32842-TT-884,4700.4,Fairmont,Salisbury,True,2025-01-02,Piper PA-31 Navajo,621129FW,Avril,Burkina Faso,P427WD,4928,0,-8.5,66441.8,75.0,1090.6,29044,2010-08-15,economy
02:00:40,04:25:40,BQB47484,AI139,66215123,AZ-56093-TM-022,2860.1,Des Moines,Mill Creek,True,2024-11-14,Convair CV-240,024090KH,Heidy,El Salvador,M689LV,4373,1,-11.1,57497.1,83.0,1077.3,28915,2006-05-13,economy
09:00:35,09:44:35,XUU95351,AI957,62530241,MY-33879-LG-148,2530.88,Buena Park,Fort Walton Beach,False,2024-08-23,Embraer 195,,Prince,Congo - Brazzaville,U354PB,4936,0,-12.1,58228.9,93.0,1357.6,29820,2005-06-02,economy
21:27:31,22:22:31,OGZ74994,AI553,65357278,UC-92422-IR-614,2748.2,High Point,Loma Linda,True,2025-01-24,Boeing 747-300M,680619GB,Pia,Liechtenstein,H005CN,5287,1,-1.0,56746.4,107.0,1373.8,35839,1999-11-18,economy
17:28:33,19:04:33,DBN63428,AI264,63732644,EV-44926-IP-827,5661.22,Lufkin,Ann Arbor,False,2024-11-13,Tupolev Tu-154,,Shanice,Pakistan,V967NH,6359,0,-7.4,64968.7,36.0,1692.7,53291,2006-04-07,economy
12:11:38,14:34:38,KIM85641,AI954,67959486,LX-75917-HT-957,3162.54,Queen Creek,Lincoln Park,False,2024-06-15,Convair Convair CV-640,,Jackie,Andorra,C915RC,1845,1,1.9,27155.6,18.0,812.4,10433,2007-02-18,economy
05:09:40,05:31:40,OAO05291,AI740,63212069,GR-38275-JR-515,576.07,Cheyenne,Bergenfield,False,2024-07-10,Cessna Citation CJ4,,Anderson,Macau SAR China,E276SR,592,7,-14.9,7413.9,18.0,724.4,7989,2008-05-05,economy
17:57:33,19:38:33,QEJ85022,AI208,68232259,RV-51547-DX-596,3603.63,Imperial Beach,Bellflower,False,2024-06-01,Gulfstream G280,,Rhett,Czech Republic,L813OM,6054,0,-5.7,58846.7,102.0,1625.7,58502,2010-09-14,economy
01:09:35,02:35:35,CIY29417,AI220,64818420,GW-05078-HQ-692,7253.23,Spartanburg,Santee,True,2024-09-08,Diamond DA62,141388TT,Willy,United Arab Emirates,R758EC,693,2,-10.2,7294.2,118.0,660.2,5780,2009-03-21,economy
02:29:24,05:01:24,VTO82258,AI154,67502905,FA-55455-XB-260,2945.27,Seattle,Maywood,True,2025-01-29,BAe 146-300,702696TZ,Ngoc,Micronesia,X148GY,3800,0,-11.9,56230.5,21.0,995.2,29965,2003-09-19,economy
01:47:40,02:31:40,JZT54618,AI605,65469644,TT-33296-LY-208,1399.89,Trussville,Shelbyville,False,2024-11-17,Grumman G-73 Turbo Mallard,,Kaycee,Tokelau,Z980PQ,2619,0,-7.3,23948.6,36.0,901.6,19535,2007-08-22,economy
08:56:31,11:20:31,VWR16408,AI221,66107460,TW-18955-ZV-353,4087.36,Cleburne,Youngstown,False,2024-05-27,Boeing 747-200M,,Brock,Macau SAR China,H588UW,5213,0,-6.0,63064.9,73.0,1034.9,39350,2010-05-17,economy
21:39:32,22:31:32,JEX05954,AI445,62495293,NV-92021-RN-802,2023.21,Superior,North Plainfield,True,2025-01-18,Antonov AN-28,224723AJ,Amos,Zimbabwe,N287NT,3973,1,-9.5,64412.7,118.0,971.8,26931,2003-01-01,economy
05:50:35,08:07:35,QLC07812,AI406,69933658,GE-61765-SK-883,4413.5,Columbia,Kearney,False,2024-08-05,De Havilland Canada DHC-8-200 Dash 8,,Jack,Suriname,E167CG,6402,0,1.3,68774.2,39.0,1670.5,52401,2005-06-02,economy
10:26:36,11:10:36,BQH57278,AI205,68342138,WK-57599-RB-055,2323.03,Kerrville,Upper Arlington,True,2025-01-10,Douglas DC-6,851088QQ,Julio,Tunisia,H455TB,5750,0,-6.9,63532.8,42.0,1206.1,41906,2000-10-15,economy
23:44:25,01:21:25,KDU35390,AI173,68761533,FM-79406-RJ-678,2669.0,Mamaroneck,New York,False,2024-10-18,Tupolev Tu-214,,Kendrick,Caribbean Netherlands,I787JY,2969,1,4.6,23903.4,84.0,904.9,27212,2009-07-14,economy
10:22:43,11:00:43,PWH68527,AI863,62201128,FJ-86340-OJ-109,5440.22,Albuquerque,El Cajon,False,2024-11-17,Cessna 177 Cardinal RG,,Blaine,Honduras,C925UD,6100,1,-12.1,67534.7,60.0,1556.5,57199,2005-04-19,economy
06:53:40,08:59:40,RWB09402,AI727,62250092,YZ-28479-HC-816,4598.07,El Reno,Santa Fe,True,2024-07-23,Airbus A350-900,023532DM,Lyle,Norfolk Island,I420VM,2628,1,-10.8,23614.7,77.0,921.6,21299,2001-11-29,economy
08:13:39,10:54:39,WVB20579,AI906,67767214,RA-71648-VZ-818,5415.76,Wauwatosa,Millbrook,True,2024-06-06,Canadair Regional Jet 1000,373614VA,Rob,Austria,B648SR,4776,1,8.9,67771.2,40.0,1076.2,30016,2006-12-27,economy
05:53:24,06:25:24,HFW76467,AI679,62983635,YN-44695-AW-267,6854.12,St. Marys,Wake Forest,True,2025-02-07,Grumman G-21 Goose,898854LG,German,Bahamas,S070VG,505,8,1.2,7185.9,26.0,613.5,5433,2001-06-04,economy
15:15:39,17:04:39,GQZ54034,AI329,62859654,JQ-92771-AB-379,4665.98,Homestead,Hobart,True,2024-09-08,Airbus A319neo,308968FP,Rolando,Kosovo,T133KG,3176,1,-5.4,51744.0,80.0,922.9,26585,2008-04-16,economy
13:20:36,14:54:36,FHT14163,AI971,62663769,QB-09106-BA-536,2110.85,Stevens Point,Elyria,True,2024-06-11,Ilyushin IL18,442002OR,Burton,Congo - Kinshasa,G776NE,6113,0,4.1,62463.2,97.0,1508.4,55132,2006-04-22,economy
22:18:26,00:20:26,HYX47776,AI488,64594944,XF-50229-KK-257,5425.91,Dearborn Heights,East Ridge,False,2025-02-09,Pipistrel Virus,,Maurice,Liberia,A528QR,1799,0,-12.0,26841.4,18.0,841.4,14350,2000-11-06,economy
05:20:30,05:51:30,EOC44453,AI609,66837848,OG-14490-MS-837,2915.08,Pittsburgh,Golden Valley,True,2024-07-18,Embraer EMB 120 Brasilia,996333XS,Suk,Tokelau,N935RN,6202,0,-12.5,61716.5,80.0,1648.1,51808,2004-08-01,economy
01:35:38,03:46:38,OXS42842,AI508,67172700,OF-51230-ZS-576,5041.04,Hattiesburg,Golden,True,2024-07-05,McDonnell Douglas MD-88,000734ZN,Mathilde,Cameroon,S143YY,4489,1,9.7,62466.2,67.0,1152.6,29859,2002-01-14,economy
04:34:33,07:33:33,LWX11482,AI181,65963051,IH-50158-CT-525,5033.31,Logan,Turlock,True,2024-05-13,McDonnell Douglas MD-88,899754AD,Bryce,Senegal,K886RA,5141,1,-11.4,67601.4,87.0,1294.4,35726,2002-11-14,economy
13:30:32,15:56:32,XWR94814,AI204,63961176,NE-83286-QS-024,6641.58,Gresham,Tahlequah,True,2025-01-24,Piper PA-44 Seminole,685748XB,Loan,Mexico,J879SF,715,8,-14.2,7107.3,106.0,592.0,5164,2007-02-01,economy
02:37:40,03:32:40,IYF69384,AI369,63288356,RI-70694-AD-344,7072.19,Naperville,Bakersfield,False,2024-05-16,Airbus A220-300,,Florinda,British Indian Ocean Territory,W996NO,5155,0,-10.3,62547.0,97.0,1289.7,39734,2008-06-10,economy
04:30:26,07:03:26,XVC01126,AI551,69213181,HA-46578-BE-098,4082.75,Avenal,Little Rock,False,2024-09-28,Airbus A310-300,,Benjamin,Antigua & Barbuda,I757KB,836,7,2.1,7198.1,106.0,668.8,5589,2003-03-22,economy
19:57:38,21:08:38,JWI66362,AI072,69728344,HL-34053-HR-165,3066.46,Bethel Park,Parma,True,2024-12-14,Grumman G-73 Turbo Mallard,451105KM,Carlos,Norway,X769ME,6384,1,-12.6,59264.7,96.0,1505.5,56318,2005-12-31,economy
08:11:42,09:25:42,NTM02755,AI774,62194082,HJ-79427-KT-676,5083.59,Eau Claire,Warwick,False,2024-09-16,Bombardier 415,,Wendolyn,Malaysia,F795CR,1297,4,-11.6,17347.2,28.0,823.0,14026,2002-04-24,economy
12:58:31,15:44:31,FTQ26657,AI901,60632100,KB-72444-EY-400,1529.15,Fort Myers,Prairie Village,True,2024-12-10,BAe 146-100,264873GJ,Bryan,Indonesia,S728YY,3326,1,-7.5,55152.7,89.0,923.9,29146,2001-05-11,economy
23:17:36,02:00:36,YPZ28366,AI913,66250601,RN-51052-IK-400,6671.91,Wichita,Rockwall,False,2024-08-13,Cessna Citation CJ2,,Vernon,Romania,I081QG,3887,1,-11.1,61921.6,75.0,936.2,27208,2007-01-07,economy
10:14:34,11:01:34,BYF21590,AI062,62821604,OT-21071-KR-648,1429.43,Statesville,Garden Grove,True,2024-08-09,British Aerospace Jetstream 41,548845EF,Stanford,Guatemala,C072ED,3186,0,-13.4,44382.2,116.0,980.7,26346,2001-05-19,economy
05:31:32,08:22:32,YGN52713,AI102,61235257,MR-72875-MV-154,6070.0,Iowa City,West Bend,True,2024-07-17,Pipistrel Sinus,526804WX,Theresia,Curaçao,O398CW,6115,0,-5.4,65202.5,101.0,1208.8,52076,2009-10-06,economy
15:38:24,17:29:24,XOJ86551,AI359,68792683,FM-12055-AT-174,1719.69,Augusta,Dover,True,2024-06-30,Embraer EMB 110 Bandeirante,513424OG,Hershel,El Salvador,X436PB,4178,1,9.1,66932.6,52.0,1198.8,26999,2010-06-30,economy
07:06:28,08:06:28,ATD31658,AI264,60950421,GK-18021-IW-157,4588.7,Suffolk,Chowchilla,True,2024-12-18,Pipistrel Virus,936002FS,Clint,Norfolk Island,Q173IV,913,5,-14.7,7365.2,44.0,578.5,5881,1999-05-06,economy
22:47:24,01:23:24,ZCI56898,AI937,64090988,YB-91781-SD-518,3503.66,Barberton,Tinton Falls,True,2024-06-10,Douglas DC-6,297381LK,Gene,Slovakia,O214JQ,3531,0,2.1,69073.1,50.0,946.3,26594,2006-08-06,economy
01:41:31,04:26:31,COM64048,AI670,66325297,SD-17893-YN-473,5193.37,Carlsbad,Bethel Park,True,2024-06-21,Fokker F28 Fellowship,018413LH,Joya,St. Lucia,B935BN,658,8,-9.0,7214.0,54.0,539.3,7710,2009-08-10,economy
02:22:32,02:56:32,YXT29511,AI812,62512581,EG-00990-SH-061,4298.84,Muncie,Vernon Hills,False,2024-09-28,McDonnell Douglas MD-83,,Laree,Kazakhstan,N537QF,6456,1,-10.3,55098.6,43.0,1636.2,50081,2002-04-18,economy
05:20:39,05:59:39,PQK48602,AI466,66834118,LP-11595-GR-107,2956.19,Clearwater,O'Fallon,False,2024-06-04,Antonov An-225 Mriya,,Travis,Zambia,R200VZ,4573,1,-12.1,64670.4,78.0,1356.8,28689,2004-05-26,economy
02:09:26,03:26:26,ADX93724,AI195,68405487,IY-58006-EM-154,834.7,West Jordan,Augusta,True,2024-05-23,Tecnam P2006T,582952HQ,Alphonso,Côte d’Ivoire,T135CJ,5636,1,-6.5,66804.6,77.0,1308.0,45131,2002-11-20,economy
07:44:27,09:11:27,KLI35843,AI827,64959597,KZ-13228-UY-551,1147.18,Chester,Hamilton,False,2024-11-08,Airbus A319neo,,Anisha,Macedonia,M542HH,6200,0,7.1,57266.3,29.0,1209.1,59343,2005-04-16,economy
20:33:38,23:02:38,MCA65470,AI894,61900021,IA-02737-AL-317,954.13,Deerfield Beach,Donna,True,2024-07-17,Airbus A340-200,937489FW,Refugio,Micronesia,O832ZX,1750,0,5.9,18500.0,40.0,825.6,14014,2003-04-16,economy
21:10:35,23:39:35,VUQ24671,AI799,68134213,UN-28719-TK-689,3926.94,Clearwater,Greenfield,False,2025-02-10,Douglas DC-8-62,,Dani,Mexico,N729UP,5929,1,7.3,57049.4,97.0,1342.5,46029,2010-12-01,economy
08:55:40,11:04:40,BLQ22443,AI675,65790147,TB-27048-LZ-719,7550.78,Springfield,Boise City,False,2025-01-24,Cessna Citation CJ3,,Marty,French Guiana,J655TF,4915,1,-6.4,62457.6,37.0,1019.8,27168,2009-09-21,economy
06:33:25,08:11:25,SYN83011,AI573,66029326,LA-37907-KA-653,2000.24,Santa Paula,East Ridge,True,2024-09-24,Boeing 727-200,972274IM,Marica,Côte d’Ivoire,N982QI,3419,0,-1.4,61574.3,33.0,974.3,29613,2004-12-30,economy
01:43:29,01:53:29,ATH57878,AI791,69165793,MH-35798-SZ-997,6578.95,Temple Terrace,Palisades Park,False,2025-01-19,Tupolev Tu-154,,Blondell,Kenya,W643ZX,3692,0,6.8,59807.3,30.0,979.1,29266,2009-02-23,economy
04:54:43,07:53:43,UVP34707,AI947,69410671,PZ-10063-BA-310,6780.81,Mustang,Mount Pleasant,True,2024-08-27,Mitsubishi Mu-2,581929KS,Arnoldo,Vatican City,X000LG,582,3,-6.8,7171.0,111.0,684.7,5611,2007-09-29,economy
13:15:31,15:50:31,LKA19771,AI918,63583945,KL-63221-QQ-885,7286.17,Murrieta,Dothan,False,2024-08-15,Boeing 747-300,,Norman,Afghanistan,E638YW,5727,0,-8.0,58720.5,118.0,1002.1,40386,2001-08-18,economy
12:24:39,13:10:39,RGU17049,AI467,60952473,DG-58343-JP-250,5780.56,Fort Lee,Port Arthur,False,2024-10-12,Boeing 747-8F,,Lizeth,Vanuatu,H116IV,5556,0,-13.2,60351.7,109.0,1156.7,45379,2005-11-10,economy
08:03:26,09:11:26,TSP91817,AI481,62522717,NF-57271-CU-267,3476.91,Faribault,Kokomo,True,2024-05-25,Gulfstream G280,387417MW,Julienne,Botswana,M145MM,3622,1,-6.3,67250.6,42.0,990.3,28741,2001-08-05,economy
12:05:31,12:31:31,HHU33697,AI882,62899281,VV-93273-WC-020,7085.76,Hot Springs,Roy,True,2024-12-27,Yakovlev Yak-42,629310CZ,Armando,Rwanda,T611VC,6465,1,-9.9,57664.6,50.0,1604.4,57002,2001-12-16,economy
07:53:38,09:09:38,WEB89297,AI275,69507238,VY-54307-HT-089,4455.67,Watauga,Safety Harbor,True,2024-08-30,De Havilland Canada DHC-8-200 Dash 8,833598UJ,Reuben,Iceland,U314FA,6323,0,9.8,68423.2,24.0,1495.3,59802,2005-09-21,economy
01:01:41,01:37:41,FGI45638,AI930,62576161,EP-97151-NE-232,3491.48,Lee's Summit,Hempstead,True,2025-01-25,Bombardier BD-100 Challenger 300,672132VC,Dee,Gambia,R322MG,1927,1,-8.9,20892.4,34.0,845.2,11937,2009-02-02,economy
22:49:37,00:27:37,EQQ15697,AI076,67258242,AL-05755-YJ-499,4678.06,Fountain Valley,Conway,True,2024-08-05,Canadair Regional Jet 550,252313QC,Corey,Grenada,W213TZ,3236,1,-6.4,55182.8,16.0,901.8,25186,2002-02-13,economy
10:34:41,12:33:41,JXG94069,AI139,63381028,ND-02449-TH-124,7427.36,Frederick,Davenport,False,2025-01-02,Cessna Citation CJ2,,Johanne,Pakistan,N581QF,3808,1,7.8,59740.5,30.0,938.7,29440,2010-07-01,economy
18:52:30,20:51:30,TXN73782,AI096,68372667,PZ-72081-NA-439,3132.56,Rockford,Hurst,True,2025-01-30,De Havilland Canada DHC-2 Turbo-Beaver,319951VM,Del,Kazakhstan,S276WO,4914,0,-8.8,66455.0,95.0,1028.7,29788,2004-02-18,economy
00:15:41,02:38:41,OPU81305,AI281,62257408,HE-40461-JU-592,2093.12,Olathe,Marshfield,False,2024-12-15,Boeing 747-8F,,Tifany,Argentina,B636EN,2536,0,-13.9,24331.9,91.0,926.9,23677,2007-05-09,economy
15:16:37,16:08:37,THB66902,AI399,61196703,BV-50591-XE-673,6091.48,East Palo Alto,Seattle,True,2024-12-22,Embraer Legacy 450,851616SM,Anjanette,Jordan,V231QQ,2646,0,0.1,24163.0,54.0,904.1,27152,2007-05-13,economy
04:54:26,05:27:26,DPL05746,AI567,63019940,EK-61762-HL-712,2312.95,Poway,Orem,False,2025-02-20,Cessna 210 Centurion,,Erlene,Switzerland,G336SR,5937,0,-5.3,61704.3,64.0,1017.1,47528,2003-06-22,economy
00:35:29,00:59:29,FYP59921,AI019,63933581,LU-01782-BQ-120,5703.65,Queen Creek,Spring Hill,False,2024-08-17,Ilyushin IL96,,Orlando,Canary Islands,Q797YE,542,6,8.7,7218.3,70.0,666.5,5536,2008-10-25,economy
00:45:32,03:09:32,KNU83111,AI154,66718672,TS-38948-CI-603,476.54,Fort Collins,Allen Park,False,2024-11-06,Ilyushin IL18,,Shaunta,St. Pierre & Miquelon,U662IX,1143,2,-5.5,14490.7,16.0,838.3,12570,2010-07-28,economy
02:27:34,02:37:34,MPD40692,AI927,64878796,AV-05776-RA-427,3797.31,Lufkin,Yuba City,False,2024-12-17,Cessna Citation VI,,Alessandra,Central African Republic,T749UP,5672,0,-14.4,67831.8,75.0,1164.8,46231,2006-01-08,economy
14:51:30,17:12:30,ECV73133,AI712,62546633,ZM-68421-YJ-699,2983.06,Meridian,Southfield,False,2025-03-05,Boeing 737-600,,Lean,Kiribati,U431NW,2739,0,-2.3,23802.2,113.0,921.3,20304,2008-08-09,economy
04:12:27,06:58:27,DBY02034,AI252,62704640,IA-61533-MT-375,1908.55,Morgantown,Palos Hills,False,2024-10-20,Airbus A310-300,,Anette,Tristan da Cunha,W910WF,4023,0,-7.1,62309.8,24.0,1212.8,29944,2006-12-07,economy
17:11:41,17:44:41,WZL35091,AI029,64946602,PZ-76519-QO-063,4208.39,Houston,Prescott Valley,True,2024-12-19,Boeing 787-8,865294NT,Donnetta,Mauritius,W914LX,6335,1,-11.5,67641.8,92.0,1796.1,54712,1999-04-01,economy
12:50:24,14:11:24,DFA49658,AI172,65284292,XV-29046-VE-262,6931.58,Gretna,Mequon,False,2024-09-25,Fairchild Dornier 328JET,,Vincenzo,Mexico,L918YN,6156,0,-11.2,67715.3,116.0,1355.0,55907,2005-07-28,economy
06:19:26,06:38:26,XJU27944,AI086,69121856,HG-52193-OE-178,4561.69,Temple City,Eastpointe,True,2024-10-03,Cessna 182 Skylane,474652JG,Twanna,Dominica,V618SI,2277,0,-6.3,18501.6,60.0,924.0,16895,2004-07-05,economy
00:48:40,02:37:40,AKI96419,AI975,60693982,ML-88696-ZD-642,5831.7,Newburyport,Coralville,False,2024-12-22,"\"Airbus A300-600ST \"\"Super Transporter\"\"\"",,Nikia,Thailand,P606PS,6445,1,-13.1,66578.7,94.0,1549.7,53173,2001-07-21,economy
17:06:29,18:17:29,COG29930,AI245,63809374,XV-00527-PV-474,5750.5,Monterey,Newnan,False,2024-08-16,Embraer Phenom 100,,Kindra,French Polynesia,T697ER,4585,0,-5.7,64540.7,79.0,1180.9,26149,1998-02-26,economy
21:24:29,23:14:29,KYS68472,AI995,63396998,XE-59216-GG-045,5998.82,Norton Shores,Wenatchee,True,2025-02-01,Embraer 195,143130EP,Marquitta,Solomon Islands,Y775GU,4384,1,-9.5,66318.4,62.0,1276.7,24077,1998-01-14,economy
15:01:24,17:25:24,CSR78550,AI589,60637487,PL-66401-HI-070,2131.76,Chino Hills,Ocoee,True,2024-06-10,British Aerospace ATP,644410WT,Tasia,Gambia,U351HB,4082,0,-1.5,58961.0,52.0,1299.6,30093,2001-04-11,economy
00:53:34,02:17:34,JYU44745,AI136,65895748,XX-59462-LJ-446,3360.04,Plattsburgh,Oakland,True,2024-09-20,Aerospatiale SN.601 Corvette,009369JL,Tyrone,Israel,L687TT,1843,1,-7.2,19627.6,87.0,837.3,14484,2009-04-20,economy
19:11:24,21:19:24,MPC99523,AI542,65843289,GK-10938-NC-526,3862.38,Shreveport,Beckley,True,2024-09-05,Douglas DC-3,142756OZ,Jerrell,British Indian Ocean Territory,G696KS,4029,1,-1.4,56674.5,37.0,1158.7,30136,2006-03-26,economy
04:04:27,06:40:27,FTM38688,AI392,66900225,OP-18617-FX-616,4382.25,Balch Springs,Salisbury,False,2024-06-27,Pipistrel Virus,,Isaiah,Senegal,B210UD,3213,0,1.9,51082.0,76.0,943.1,29556,2010-12-29,economy
11:59:34,14:53:34,DKE11610,AI113,60291469,GX-27472-LN-792,2894.47,Norristown,Bethany,True,2024-07-07,Embraer E190-E2,035346FY,Bruna,China,B073BV,961,4,-12.1,7005.2,106.0,708.6,6648,2010-01-05,economy
03:31:33,03:48:33,QPP34430,AI896,61036945,VB-94312-LO-897,5445.2,Oak Park,Pullman,False,2024-05-26,Canadair Regional Jet 550,,Jacki,Turks & Caicos Islands,I009GE,3542,0,4.1,64578.8,36.0,995.9,29729,2001-11-06,economy
12:55:37,14:07:37,OCK34178,AI836,63967961,SN-22263-ZN-732,6348.29,Coral Gables,Asheville,True,2024-10-13,Douglas DC-9-40,831200DO,Nicolas,Bermuda,H524XN,1127,8,-13.2,15194.0,74.0,839.4,12430,2005-08-13,economy
01:41:30,04:09:30,NIB85317,AI042,67003021,BH-02410-VJ-390,1716.47,Lakeland,Delano,False,2024-11-16,Bombardier BD-100 Challenger 300,,Jeffie,Mayotte,D942ID,2600,0,-6.8,24560.3,71.0,908.5,24563,2001-07-29,economy
09:00:37,09:35:37,CVZ13992,AI213,60135239,AU-38261-WI-722,6967.29,Rialto,Lynchburg,False,2024-06-04,Boeing 777-200,,Benton,Ethiopia,E599LQ,4217,0,-8.9,66200.5,70.0,1100.5,30812,2000-12-14,economy
11:30:29,13:04:29,VOJ05562,AI007,67150512,KV-48403-DJ-620,4399.64,Bridgeton,Lakewood,False,2024-08-11,Douglas DC-9-50,,Dagny,Congo - Kinshasa,X025DY,5937,1,1.6,55419.2,112.0,1068.2,43791,2009-02-11,economy
05:26:36,07:58:36,OOG25842,AI108,66597686,KS-10321-FN-638,1226.14,Sherwood,Lauderdale Lakes,True,2025-02-20,Antonov An-148,379459JY,Chong,French Southern Territories,Q534WH,1061,4,-9.9,15729.6,42.0,841.6,14943,2006-02-16,economy
11:40:40,12:35:40,GBL26131,AI686,61689429,WV-21670-UW-296,5781.93,Mayfield Heights,Lisle,False,2024-07-07,De Havilland Canada DHC-2 Beaver,,Earlean,St. Pierre & Miquelon,C055BW,3791,1,0.5,66252.6,105.0,927.9,27716,2000-06-05,economy
01:41:28,02:23:28,RAQ08923,AI669,61391177,MF-58181-CC-858,2433.44,Cumberland,Denton,True,2024-07-16,Shorts SC-7 Skyvan,621851CX,Georgann,Mauritania,Z832CZ,2127,1,-13.7,18180.6,111.0,948.4,18713,2005-02-10,economy
12:31:33,15:17:33,TJA61744,AI649,67049068,NA-51347-RE-719,6936.66,Wellington,Commerce City,False,2024-07-01,Piper PA-31 Navajo,,Darrel,French Guiana,T041XS,1902,1,-11.0,18351.8,76.0,819.4,10778,1999-12-03,economy
03:56:35,05:38:35,GJS23101,AI328,60003272,HX-22191-QJ-014,6791.61,Chelsea,Midwest City,True,2025-02-05,McDonnell Douglas MD-82,589501AW,Walker,Nauru,Q614BU,3558,0,-1.6,57993.3,38.0,982.5,28415,2008-10-31,economy
09:17:38,11:38:38,EWV74867,AI141,67434411,IS-31026-GY-839,1036.6,Mattoon,Hammond,True,2024-06-22,Douglas DC-10-10,010568CR,Benton,St. Martin,I708IX,4148,0,-6.4,59422.7,57.0,1184.3,26400,2002-10-25,economy
14:25:37,15:45:37,HBE70138,AI299,69130009,AZ-02855-OF-209,3262.19,Kearny,Alamogordo,False,2024-09-23,De Havilland Canada DHC-8-300 Dash 8,,Sanford,Papua New Guinea,E965NL,5034,1,-6.0,56595.2,32.0,1100.0,39668,2006-04-17,economy
23:11:29,01:17:29,QQT26463,AI250,69053190,AE-07858-RX-874,5399.93,Omaha,Albertville,True,2024-06-12,Cessna Citation VII,092213YI,Shaunta,Grenada,H996OG,4047,0,-9.7,55115.5,67.0,1201.5,26716,2002-05-03,economy
04:03:41,04:37:41,WIM87454,AI843,66785710,RU-61743-SO-404,5128.34,Vista,Dolton,False,2024-08-25,Boeing 747-200M,,Bryant,Guyana,E285GY,2226,0,-13.2,19084.1,60.0,908.5,16422,2000-09-26,economy
06:05:25,08:06:25,VWR59390,AI474,66745879,LA-17417-AF-919,2522.69,Doral,Antioch,False,2024-09-16,Cessna 182 Skylane,,Denisha,Mozambique,H885JZ,1527,1,-11.0,22713.4,16.0,845.5,13258,2001-12-21,economy
03:41:24,04:35:24,WIF11370,AI798,61949912,CS-45693-AG-290,2395.28,Santa Fe Springs,Folsom,True,2024-05-18,Yakovlev Yak-40,744518OG,Donny,Vietnam,B085DX,5835,0,-13.4,64697.0,117.0,1230.3,45121,2003-06-15,economy
16:29:34,18:05:34,IRE19807,AI359,68264012,OY-20988-RD-468,4249.08,Carteret,Blue Springs,True,2025-03-01,Avro RJ85,598443FP,Howard,Burkina Faso,D994JL,1311,5,-8.1,16097.6,56.0,846.0,11381,2010-07-12,economy
16:34:26,17:37:26,EBI12739,AI930,67331419,VJ-30676-PJ-289,1284.34,Orange,South Bend,True,2024-06-15,Boeing 787-9,550773PD,Marielle,Tuvalu,B579CS,4828,1,-1.8,62763.8,115.0,1260.3,29663,2002-12-01,economy
09:34:40,12:02:40,CFX52943,AI779,69578488,OF-99314-MT-720,2997.12,East Point,La Vista,False,2024-11-11,Tupolev Tu-144,,Ricarda,Åland Islands,W503QO,1646,0,-12.4,23288.3,43.0,809.5,16105,2007-08-11,economy
17:00:27,18:02:27,IOU58751,AI472,62213641,RY-69082-TW-053,6778.8,Cortland,McAllen,False,2024-08-25,Cessna 172,,Jude,St. Pierre & Miquelon,K691QE,3797,1,3.6,61793.0,81.0,941.5,28024,2001-03-26,economy
10:13:27,11:22:27,SPD76322,AI514,64908745,PG-75628-YR-670,3464.68,Toledo,Cottage Grove,True,2024-12-16,Gulfstream IV,149399CS,Derick,Kazakhstan,F956YC,2352,1,-8.4,19800.2,76.0,914.7,17833,1998-01-18,economy
10:36:24,12:35:24,PSZ35695,AI768,68241236,AS-97221-TE-138,3253.62,South San Francisco,Albertville,True,2024-12-29,McDonnell Douglas MD-11C,800546XE,Randal,Guadeloupe,I030RL,2833,0,6.6,24679.3,79.0,914.4,19903,2002-04-20,economy
19:07:24,20:06:24,VVC05335,AI381,66385136,OF-90215-CT-622,5147.69,Alpharetta,West St. Paul,False,2024-06-16,Airbus A350-900,,Janay,Libya,W131RE,3302,0,-10.9,56975.0,27.0,966.6,26815,2003-05-19,economy
06:15:34,07:57:34,YKD76373,AI988,68222055,ZA-94246-RT-393,6896.37,Banning,Gallatin,True,2024-12-21,De Havilland Canada DHC-4 Caribou,704782AG,Russell,Syria,A756WM,2962,1,3.2,22989.9,48.0,935.0,25222,2002-03-05,economy
19:09:42,21:17:42,UDX18683,AI159,69770754,HV-39957-QX-450,1640.29,Harrison,Andover,False,2024-07-28,Curtiss C-46 Commando,,Monroe,Curaçao,Z666EX,4634,1,-7.4,66526.0,85.0,1077.7,30380,2005-09-09,economy
09:06:35,11:00:35,PPE38702,AI583,69781304,RO-38930-QW-438,4165.33,Havelock,Papillion,True,2025-03-07,Airbus A319,974195NE,Taunya,Japan,M050WI,6209,1,-8.6,65229.0,25.0,1524.3,54315,2009-09-21,economy
01:55:32,02:57:32,MTC69911,AI300,63517343,LQ-41630-IN-535,533.33,Ypsilanti,Arlington,False,2024-11-27,Cessna 206 Stationair,,Lovetta,Mali,Q598AE,3855,0,-5.1,65522.3,60.0,981.5,28919,1999-08-19,economy
14:52:42,16:23:42,OWW69138,AI621,67148553,TE-44694-WZ-340,7102.36,Hempstead,Oklahoma City,True,2025-03-04,Boeing 737 MAX 8,335059DS,Shondra,Faroe Islands,P422SF,1792,1,-14.9,16016.0,104.0,821.4,16232,1998-05-23,economy
01:57:24,02:44:24,PJA39231,AI450,64431564,JI-51107-VG-439,4584.94,Washington,Hazel Park,True,2024-07-14,McDonnell Douglas MD-83,471852KA,Tifany,Cameroon,G261ZR,3410,1,-13.5,57650.3,34.0,945.7,27827,2003-05-24,economy
12:37:35,13:10:35,JLK74297,AI537,68317012,OV-43577-EF-860,7951.67,San Luis,Waltham,True,2025-02-12,Boeing 777-300ER,087085WH,Porter,Tuvalu,W168HB,3513,0,-8.4,61851.1,92.0,982.5,25010,2004-09-01,economy
09:32:40,12:00:40,NZQ43756,AI455,63482725,HG-55014-DD-688,4208.57,Irvine,Wake Forest,False,2024-08-03,De Havilland DH.104 Dove,,Shaunda,Jersey,F060JF,6307,1,-12.1,55606.8,81.0,1529.9,51355,1998-07-18,economy
16:27:42,18:47:42,MFQ41280,AI903,66100692,RM-70001-GW-625,806.31,Douglasville,League City,False,2024-08-01,Embraer Phenom 100,,Yevette,Turks & Caicos Islands,T423JB,1551,1,1.0,22020.4,81.0,803.3,10907,1999-03-24,economy
17:43:39,19:18:39,BXO42590,AI436,69730764,KW-42424-HC-645,1573.21,Biloxi,Liberal,False,2024-08-26,Douglas DC-9-50,,Chantay,Caribbean Netherlands,B989XQ,4547,0,4.4,60154.9,93.0,1227.9,30398,2005-05-13,economy
15:59:37,18:25:37,RBX73226,AI083,67827348,YK-04343-XF-126,7864.03,Fort Wayne,Roanoke,False,2024-10-01,Boeing 757-300,,Glinda,Samoa,H253HN,2327,1,-13.6,18749.0,63.0,940.0,15399,2002-02-13,economy
19:34:40,22:10:40,EOE56662,AI845,62377758,EP-40823-TI-633,5583.81,Fountain Valley,Winter Springs,False,2025-02-13,De Havilland Canada DHC-7 Dash 7,,Irvin,Indonesia,L504MF,3320,1,-7.6,59587.7,89.0,994.9,26372,2001-07-15,economy
09:44:26,11:49:26,KPW03961,AI132,61395705,IQ-71355-LU-194,3361.89,Coral Gables,West Memphis,True,2024-10-16,Cessna 310,430028NK,Rosena,New Caledonia,R515ON,1377,2,-9.5,17018.9,86.0,844.5,11302,2010-08-05,economy
12:21:32,13:25:32,DNL46045,AI350,67258206,JD-12796-LZ-021,6560.65,Acworth,Casselberry,True,2025-02-15,Convair Convair CV-640,003696BD,Zenobia,Malta,M639VM,844,6,-6.0,7373.9,55.0,573.5,7221,1999-03-25,economy
10:00:25,11:36:25,VUI55756,AI931,63905383,MU-28104-OF-753,7517.19,Kalispell,Garfield,False,2025-01-23,Fokker 100,,Jan,Tanzania,K323JE,4258,0,-11.7,62676.7,94.0,1048.3,25702,2005-05-27,economy
11:53:32,13:09:32,SHR36179,AI475,65659824,UW-02375-JG-595,4213.53,Jackson,Kennesaw,True,2025-01-08,Lockheed L-182,497455OT,Dulcie,Macau SAR China,A831KE,4935,1,-11.4,55709.1,41.0,1128.5,27340,2002-05-17,economy
15:40:27,16:27:27,UZB87083,AI379,69008859,QR-92395-FM-562,6614.62,Enid,Mount Juliet,True,2024-11-27,Airbus A340-600,285075IM,Karma,Guyana,Y052HE,5521,1,-1.0,69718.5,42.0,1000.1,44680,2007-01-17,economy
06:13:25,08:14:25,BOI19004,AI822,60397356,KX-68230-LJ-740,1183.98,Northfield,Weirton,False,2024-08-01,Avro RJ85,,Chance,Belarus,S469HH,3654,0,-11.2,69942.4,81.0,950.6,27705,2003-12-10,economy
02:13:43,02:54:43,XNJ86867,AI006,67579875,OJ-11628-DU-527,6358.52,San Ramon,Dalton,True,2025-01-30,Fokker 50,253813RC,Derick,Mayotte,D009TN,6051,0,-5.3,69574.2,111.0,1638.0,52087,1998-12-13,economy
18:59:32,19:25:32,KBB62658,AI717,60796662,MV-29886-HI-298,6794.83,Corsicana,Romeoville,False,2025-02-05,Cessna Citation I,,Daniele,Tuvalu,M013XT,2561,1,-5.7,24328.7,115.0,921.8,19837,2007-03-20,economy
05:44:40,08:10:40,PPY09013,AI452,60514230,HP-26514-TV-311,2510.13,Naperville,Inkster,True,2024-12-30,Airbus A330-900neo,495538QW,Octavio,Burkina Faso,K818FS,2654,0,-11.3,24460.9,19.0,913.2,20338,2000-02-01,economy
20:40:37,23:25:37,KGA01467,AI259,68597598,IB-85726-HE-838,7018.09,Xenia,Fountain Valley,False,2025-02-11,McDonnell Douglas MD-83,,Blair,Greenland,H848QI,874,7,-10.5,7235.9,46.0,503.1,7416,2009-06-15,economy
11:32:39,13:10:39,OJT54960,AI252,60040325,FC-83748-XL-457,2458.3,Lake Forest,Grand Forks,False,2024-08-28,Douglas DC-8-50,,Antone,Costa Rica,O629AP,5496,0,-6.8,63708.2,49.0,1224.8,39839,2006-07-17,economy
04:42:31,07:09:31,TIK40401,AI890,60741293,RG-92905-LE-730,7795.37,Urbana,Longview,False,2025-02-04,Cessna Citation Excel,,Curtis,Sint Maarten,L986LV,5986,1,-14.9,61789.8,89.0,1398.1,41005,1999-09-21,economy
02:49:26,03:25:26,KMF57722,AI819,68926356,CY-74683-TG-706,6532.7,Whitehall,Barberton,False,2024-10-08,Embraer RJ140,,Erik,Taiwan,O295BK,1650,0,2.0,21262.4,77.0,804.1,10082,2000-12-28,economy
02:32:24,03:39:24,OKP34446,AI968,65752372,BU-83224-EX-221,922.37,New Bedford,Agawam,True,2024-08-16,Beriev Be-200 Altair,181145WY,Erik,Congo - Kinshasa,V865QK,6458,0,-6.7,67668.2,40.0,1603.3,50313,2003-02-15,economy
11:00:40,12:40:40,FQB23201,AI857,62719418,MO-38723-BS-168,6101.59,Fort Dodge,Highland Park,True,2024-09-02,Piper PA-28,558655EG,Min,Colombia,B436PS,3260,1,5.7,60163.0,112.0,931.2,25112,2002-03-29,economy
02:11:38,03:19:38,OSV25052,AI872,67267621,MG-39495-SD-838,888.7,Downey,Douglas,False,2024-05-21,Embraer Praetor 650,,Joseph,Cuba,T252CB,1315,4,6.7,12748.6,74.0,807.0,13908,2003-04-12,economy
00:25:43,01:21:43,DPR79753,AI145,61839471,AF-04832-OK-353,6090.54,Layton,Forest Lake,False,2024-06-10,Boeing 747-400,,Carlita,Kazakhstan,O491RI,3950,0,-0.3,67809.4,34.0,993.0,25049,2009-06-27,economy
04:37:31,06:10:31,NFY37120,AI486,65241878,FK-87983-KZ-973,7840.64,Mankato,Skokie,False,2024-08-03,Robin ATL,,Hildegarde,Seychelles,M416IE,3246,0,-11.2,56908.9,110.0,977.4,26120,2001-01-13,economy
13:45:28,16:21:28,IJO43887,AI592,65207319,MS-77006-GN-618,2970.99,Eau Claire,Glendora,True,2024-12-16,Embraer Legacy 500,135466FG,Shawana,Zimbabwe,B780TI,5041,0,-6.3,61614.6,81.0,1267.8,38571,2003-10-07,economy
14:57:28,16:59:28,CNZ92962,AI554,60555243,AE-88929-AT-488,3685.36,New Lenox,Inkster,False,2025-02-25,Tecnam P92 Eaglet,,Joie,Poland,U931AJ,4134,0,-8.9,65220.2,61.0,1104.7,24407,2005-10-04,economy
13:37:25,14:03:25,AWR91542,AI549,62800795,SH-67861-FS-876,7903.5,Lake Havasu City,Clarksburg,True,2025-01-19,Lockheed L-182,445633IF,Bruce,Christmas Island,A559QL,5953,1,-12.0,68402.4,60.0,1242.3,47113,2001-10-05,economy
02:08:42,03:56:42,YAW92841,AI734,61162078,QV-95963-AH-097,787.2,Euless,Strongsville,True,2024-08-22,McDonnell Douglas MD-11C,746310ZY,Ryan,Honduras,E100XG,4751,1,-11.6,55506.0,50.0,1360.0,27301,2008-10-29,economy
19:20:33,20:41:33,WZN16825,AI779,69963303,WA-28613-SP-193,6244.94,Chelsea,Alton,True,2024-06-14,Boeing 737 MAX 8,869302CV,Robin,New Caledonia,C133QJ,3099,1,-8.1,46345.1,27.0,926.5,28920,1999-10-02,economy
17:17:34,18:59:34,VJV05434,AI784,63874331,SU-26638-HJ-233,4100.94,Clarksdale,Mansfield,False,2024-12-12,Embraer 175,,Shakita,Italy,J465IH,6324,0,-8.6,68051.6,80.0,1323.2,58962,2010-04-02,economy
00:33:24,01:25:24,PIL58838,AI491,63805031,EA-01772-AK-020,6904.79,Valparaiso,Wellington,True,2024-07-24,Embraer E195-E2,621906PV,Joie,United States,L384TR,5309,1,-7.3,58275.5,47.0,1206.1,37701,2004-08-18,economy
05:13:39,07:33:39,CHM37260,AI763,62082001,AD-23111-RD-237,1069.4,Lemoore,Kenosha,True,2024-12-08,Airbus A321neo,970332BM,Gudrun,Moldova,W942MH,6172,1,-11.0,65494.7,94.0,1655.2,58361,2008-09-13,economy
21:24:31,23:59:31,EJH42692,AI118,65007408,VY-04652-GB-740,3723.96,Manteca,Pittsburgh,False,2024-10-19,Aquila A 210,,Anya,Algeria,K143YE,4144,1,-14.3,69635.9,55.0,1142.1,28089,2007-02-22,economy
04:40:34,06:31:34,HPZ30653,AI317,69006703,PA-36986-VR-216,2065.28,Mamaroneck,New Brighton,False,2024-10-17,Boeing 737-600,,Nicolasa,Anguilla,E145RA,4284,0,-14.7,62755.2,67.0,1066.8,26871,2010-09-22,economy
20:54:40,22:56:40,IIL07427,AI396,68731655,UH-99183-AD-612,6405.5,Galesburg,Roanoke,False,2024-12-14,Ilyushin IL96,,Malorie,Liechtenstein,S725EB,5089,1,-9.0,55297.4,34.0,1344.9,43574,2001-11-24,economy
00:27:43,03:24:43,GIE20197,AI845,69755757,QR-70836-CS-359,5255.19,La Crosse,Quincy,False,2024-05-27,Boeing 747-400F,,Sharita,Liberia,A414YA,4923,0,2.8,57573.2,58.0,1299.3,26509,1998-11-25,economy
18:15:38,19:32:38,IEZ62509,AI009,69200108,TF-59098-TN-332,6726.37,Point Pleasant,Azusa,True,2024-06-28,Gulfstream/Rockwell (Aero) Commander,625251GQ,Crystle,Jamaica,L454CT,6485,0,-11.4,68282.0,104.0,1415.2,55158,2010-03-03,economy
18:16:27,19:07:27,AAQ05957,AI150,61033614,ES-19038-GQ-780,2988.27,Eden Prairie,Davie,True,2024-07-01,Airbus A319,297658KQ,Earle,Bolivia,R768LA,4629,1,-11.0,55445.2,47.0,1311.0,26865,1998-10-18,economy
04:20:25,04:37:25,QND04019,AI329,60281899,XR-61737-KH-479,3898.52,Lake Oswego,Lockport,True,2025-01-15,Cessna Citation Excel,781360AZ,Rolland,New Caledonia,E599MR,5233,1,-8.5,65492.4,95.0,1064.7,41631,2005-09-30,economy
02:18:31,04:30:31,NCF69275,AI980,62948937,UB-94491-VT-012,6141.82,Wadsworth,White Plains,True,2024-08-07,Hawker Siddeley HS 748,906946NX,Luis,American Samoa,Y923QQ,1280,8,-2.2,15895.8,27.0,811.0,11102,2008-05-31,economy
10:51:35,12:37:35,LUO87034,AI651,68470447,OZ-91555-FH-677,6810.33,Rome,Reading,True,2024-06-05,Gulfstream IV,351745FI,Emilio,Northern Mariana Islands,V883EM,582,8,-1.1,7449.3,62.0,601.1,6422,2002-12-27,economy
23:44:42,02:19:42,PON28005,AI578,68414948,GP-61463-VZ-631,1856.18,Brownwood,Canton,True,2024-11-06,Airbus A340-600,998295GL,Norbert,Sweden,O039XC,5275,1,-14.4,64477.1,97.0,1263.7,42910,2009-11-01,economy
22:48:25,01:41:25,ODT18101,AI353,68172387,ZI-13958-MA-639,7051.98,El Reno,Erie,True,2024-08-24,Boeing 737-300,598929YD,Bryon,Faroe Islands,X900UC,1262,4,-8.8,12138.7,41.0,826.4,11622,2001-07-24,economy
06:37:33,07:03:33,WUG09281,AI176,63687640,FW-22247-JQ-438,3367.04,Flint,Grayslake,False,2024-10-16,Airbus A300-600,,Vennie,Northern Mariana Islands,K742AB,4709,1,-7.8,65134.4,69.0,1369.3,29764,2003-04-04,economy
23:45:29,02:09:29,ECR96887,AI133,64508331,UH-03011-JW-324,2574.9,Coppell,Virginia Beach,True,2024-09-13,Diamond DA42,367334DR,Hollis,Palau,M103JK,3956,1,0.6,61105.6,70.0,997.3,29387,2002-02-10,economy
19:24:35,22:00:35,WKX09359,AI677,66973279,WR-59284-AA-986,2508.08,New Brunswick,Liberty,True,2025-01-06,Boeing 737 MAX 8,840642GR,Evan,Spain,N105LS,1926,1,5.3,26280.0,66.0,833.2,13372,2007-08-18,economy
19:50:25,21:22:25,AZT65408,AI883,67106619,FG-25452-SW-193,6891.6,Davis,Garden City,False,2024-10-27,Douglas DC-9-40,,Monet,India,D241PH,1552,1,-14.0,18180.6,58.0,841.6,15812,2005-05-05,economy
23:02:34,00:36:34,NYV55927,AI109,65317396,KG-64038-HG-361,2080.79,Beckley,Gallatin,False,2024-05-18,Canadair Challenger,,Carlita,Azerbaijan,H284EI,2059,0,-9.2,19802.0,85.0,944.8,16469,2006-05-05,economy
02:14:34,04:31:34,CPN73407,AI541,63574551,FL-20574-IB-692,2333.23,San Jacinto,High Point,True,2025-02-23,Convair Convair Convair CV-640,301217UP,Moriah,Australia,P236PZ,3180,1,-8.0,46502.3,33.0,993.9,26300,2007-11-30,economy
00:22:25,00:33:25,YHN47448,AI443,65521468,MZ-72325-SC-210,6830.33,Roseburg,Dyersburg,False,2025-02-25,Airbus A350-1000,,Lahoma,Belgium,C986CG,5754,0,5.7,56625.2,43.0,1304.6,42557,2003-05-27,economy
12:58:26,15:23:26,XVI66718,AI308,67543512,VR-33591-CA-587,5601.05,Jersey City,Susanville,True,2025-01-31,Douglas DC-9-10,476994XQ,Skye,Barbados,D497KN,5992,0,-8.6,68613.9,56.0,1334.5,41312,2006-05-21,economy
04:07:37,06:36:37,JEW48683,AI744,64173842,HA-95219-CU-667,6370.58,Schenectady,Los Banos,False,2024-12-01,Antonov AN-72,,Dallas,Zambia,S140YE,4372,1,0.3,64553.5,100.0,1076.6,25169,2005-02-27,economy
04:04:43,04:26:43,CND44053,AI371,65721977,WN-45781-FS-751,7777.11,Huntington,Owasso,False,2025-02-23,Boeing 747-8F,,Cherryl,Syria,B345LH,4408,0,-14.4,55013.8,51.0,1298.9,26414,2004-09-30,economy
10:27:35,12:30:35,MUO94976,AI533,64642926,TF-33547-JM-408,822.55,Olympia,Biddeford,True,2024-07-27,Boeing 787-8,718147BL,Randy,Netherlands,T569PG,792,3,7.7,7198.9,116.0,741.6,5637,1999-06-12,economy
08:20:33,08:51:33,JSJ21692,AI885,69726224,ES-26402-WH-451,4930.74,Evergreen Park,Venice,False,2024-09-16,Tecnam P2012 Traveller,,Francisco,United Kingdom,G523AK,5503,0,-14.3,57206.9,117.0,1261.3,44962,2006-04-01,economy
13:43:25,16:06:25,JAL71071,AI888,64005250,GN-20513-GC-659,4603.07,Newport,Charlottesville,True,2024-10-07,Douglas DC-8-50,749896TT,Vena,Spain,U525VF,521,3,6.6,7223.9,47.0,553.1,7165,2003-02-26,economy
22:43:41,00:16:41,AOI99304,AI944,67954558,LK-51458-QU-673,5517.63,Montrose,Alamo,False,2024-06-11,Convair CV-580,,Scottie,Kyrgyzstan,N766RJ,4198,1,-14.3,57586.2,43.0,1181.3,29762,2002-04-21,economy
11:35:37,12:52:37,KUF46155,AI551,64418808,TO-95233-EI-051,4957.41,Muncie,Maple Valley,False,2024-06-15,Piaggio P.180 Avanti,,Sean,Fiji,U800YO,6457,1,-10.5,55608.3,108.0,1351.2,57182,2005-11-19,economy
02:38:30,04:04:30,PQW40588,AI263,62068264,ZI-67724-PG-644,4832.65,Miami,Superior,True,2024-12-04,Pilatus PC-12,289952ZU,Royce,Palau,N989EP,6280,1,-12.6,69066.4,46.0,1606.3,55191,2010-11-06,economy
23:30:34,01:07:34,JZD77271,AI429,64620570,ZL-85259-OL-482,3000.71,Philadelphia,Lancaster,False,2024-07-25,Tecnam P2010,,Jermaine,Belarus,X580UX,6033,1,5.0,58623.9,95.0,1514.6,59752,2010-01-08,economy
06:45:33,08:48:33,BZS58173,AI590,66257373,OX-69773-CU-624,1381.69,Superior,Manitowoc,True,2024-08-07,Boeing 737 MAX 9,359303HU,Quincy,Caribbean Netherlands,S294WL,1859,0,-7.2,25054.9,49.0,811.4,17555,2006-02-17,economy
12:38:36,14:01:36,CEI24554,AI727,60265228,SA-88424-XO-263,6873.87,South Salt Lake,Mentor,True,2025-02-27,Embraer RJ145,569879VC,Rubie,Luxembourg,I883RO,2289,1,-13.2,18886.8,31.0,929.5,19060,2006-01-26,economy
07:30:36,09:06:36,LEH96790,AI545,62888434,II-88060-TX-210,1040.67,Muskogee,Wauwatosa,True,2024-05-21,Harbin Yunshuji Y12,749484MA,Wendolyn,Kuwait,F186TR,2017,1,-12.9,19214.8,104.0,910.2,17688,2010-05-21,economy
20:00:39,21:27:39,IDU29920,AI662,63622383,DW-87190-II-467,3126.37,Sioux City,Freeport,True,2024-09-11,Curtiss C-46 Commando,067622LI,Lelah,Niger,I566UN,6019,1,4.1,63751.3,72.0,1732.9,50657,1999-02-26,economy
03:21:35,04:55:35,JYL58227,AI482,64878746,GU-02015-YI-663,5933.49,Newark,Plum,True,2024-12-12,Airbus A320,211501EO,Willard,Paraguay,M882VY,5759,1,8.1,61708.1,118.0,1151.1,46070,2001-01-26,economy
00:02:39,01:52:39,XQV83235,AI687,61339102,IQ-41046-QD-135,1347.48,Midwest City,Merrillville,True,2024-07-02,De Havilland Canada DHC-5 Buffalo,390979LX,Bernetta,Fiji,J117LH,5220,0,-12.6,60877.0,70.0,1147.2,42525,2001-06-01,economy
03:56:31,06:28:31,BFJ28826,AI656,66178176,TJ-88339-DX-612,5752.84,Waukesha,Concord,False,2025-01-03,Lockheed L-1049 Super Constellation,,Suellen,United States,T959EF,2661,1,9.5,24094.0,20.0,934.3,26777,2005-09-21,economy
10:10:32,11:29:32,AVO31466,AI190,69321841,EG-24637-EI-841,7013.62,Leominster,Brighton,False,2024-10-11,Airbus A321,,Kelvin,Ceuta & Melilla,M809MQ,5036,0,-9.9,64357.0,30.0,1180.2,41781,1999-07-19,economy
06:02:41,06:42:41,TZQ06181,AI463,69402122,VW-17281-KA-664,5748.25,Piqua,Redmond,False,2024-06-13,Boeing 747-200M,,Aron,Barbados,F915LI,2156,0,-11.0,19516.9,58.0,919.8,18165,2008-06-27,economy
17:36:43,18:52:43,FQL63279,AI010,69281481,JN-13497-LX-675,3475.58,Bell,Newton,True,2024-10-27,Saab SF340A/B,133259ZP,Babara,Gabon,A930SP,5708,0,9.7,61463.7,69.0,1083.7,43452,2006-06-22,economy
20:03:38,21:45:38,VUK34817,AI485,67694865,DC-89987-MJ-969,3085.55,New Port Richey,Dumont,False,2024-06-22,Boeing 737-200,,Bradley,Zimbabwe,O025JD,5772,1,1.5,58797.0,61.0,1012.9,47752,2006-07-28,economy
09:44:25,12:40:25,BTK24539,AI141,61012253,LO-50189-XR-412,5643.83,Harvey,Ansonia,False,2025-02-28,Beechcraft 1900,,Jude,Armenia,S714PC,583,8,-12.2,7114.2,47.0,511.1,5015,2005-08-30,economy
07:14:33,09:08:33,YKL14079,AI425,66163074,AG-83863-QR-451,7426.74,Salt Lake City,Warren,False,2025-02-05,Airbus A300-600,,Robbyn,Lebanon,Y652TG,6406,1,-8.9,56075.6,61.0,1271.1,54263,2010-07-03,economy
02:45:40,03:55:40,EHB44227,AI193,63635181,FE-15290-GG-411,1743.75,Warwick,Agawam,True,2024-11-27,Fairchild Dornier Do.228,156005OS,Cleotilde,Burundi,X368LF,1882,1,-7.2,26509.5,38.0,806.1,11083,2002-12-07,economy
00:00:37,01:07:37,FRO79244,AI273,62417810,XE-34020-NT-860,7464.21,New Smyrna Beach,Chowchilla,False,2024-06-24,Antonov An-158,,Johna,Bhutan,X259HZ,5434,0,-9.5,64422.5,63.0,1314.2,41435,2009-02-19,economy
04:06:26,05:25:26,YAS65788,AI703,69788419,UB-06407-WO-917,3520.55,Leander,Lakeville,True,2024-08-03,Boeing 757F,787593YY,Dominque,Malaysia,G436TH,4377,0,0.9,55016.1,119.0,1245.4,28347,2005-03-04,economy
02:17:35,04:44:35,OPE20755,AI921,67807502,BH-96756-CP-478,6881.75,Warwick,Highland Park,False,2025-01-31,Boeing 737 MAX 10,,Renna,Liechtenstein,C096BD,1989,0,6.7,19754.4,48.0,826.9,11786,2001-04-16,economy
20:25:41,23:04:41,DRS97811,AI701,66143243,GA-95407-BH-909,692.02,North Canton,Goldsboro,False,2024-09-17,Airbus A310-200,,Cyril,Fiji,W944UA,5773,0,6.4,62110.4,16.0,1193.8,40969,2004-04-11,economy
06:46:29,07:11:29,LFN82730,AI226,61147340,QZ-17528-ZY-978,2451.12,Tuscaloosa,Tulare,False,2024-07-09,Boeing 747 LCF Dreamlifter,,Kit,United States,X493GW,1457,5,-9.3,17200.5,105.0,843.4,11120,2001-02-20,economy
15:11:40,17:36:40,FRA87179,AI550,62808892,YD-01995-UU-616,7559.76,North Lauderdale,Bellflower,True,2025-02-26,Boeing 707,110134WC,Jessi,Canary Islands,J874CJ,3406,0,6.7,68792.6,46.0,938.5,27457,2002-04-12,economy
11:26:36,13:38:36,KBE44736,AI488,61701632,NZ-81229-UJ-309,7469.14,Duncanville,Simpsonville,True,2024-11-09,Yakovlev Yak-42,051079MM,Jerrell,Sri Lanka,N527SC,4072,0,-2.2,55558.4,109.0,1268.0,29975,2003-06-01,economy
15:56:43,16:11:43,BVR57670,AI052,61683718,OI-00431-BI-003,7844.62,Clovis,Indio,False,2024-12-04,Harbin Yunshuji Y12,,Guadalupe,New Zealand,Z411EL,1885,0,8.6,17778.9,80.0,817.2,14144,2005-06-15,economy
17:37:26,18:36:26,QPX63920,AI124,60146929,XM-67627-KB-675,3921.52,Santa Rosa,Hudson,False,2024-11-26,Boeing 747-100 Freighter,,Tomika,Portugal,T242PQ,4874,1,-9.9,67385.3,81.0,1010.3,26458,2006-06-04,economy
06:26:33,09:14:33,SOZ58127,AI251,64574670,ZJ-01380-OE-675,2738.77,Dover,Stevens Point,False,2024-10-16,Cessna 172,,Boyd,Indonesia,M009GX,2228,1,-14.3,18307.5,59.0,925.8,15972,2010-09-04,economy
13:00:40,15:35:40,MVL64998,AI905,67778748,XL-03385-XM-199,4248.87,DeKalb,South Lake Tahoe,True,2024-12-18,Airbus A300-600,539024CO,Cody,Maldives,H376JZ,4762,1,-2.5,65965.1,79.0,1042.5,26496,1998-06-21,economy
04:29:42,06:27:42,LQC58820,AI632,60524292,WN-95247-VT-905,1229.36,Appleton,Bangor,True,2024-07-16,McDonnell Douglas MD-81,024935KQ,Margrett,Burundi,T652GH,2871,1,6.4,23288.6,78.0,925.1,22900,2006-08-13,economy
06:03:26,07:46:26,ZDP71793,AI525,66242832,AT-00277-MP-011,5412.81,Dickinson,Minneapolis,False,2024-08-15,Beechcraft 1900,,Norah,Botswana,K151LA,4874,1,-7.6,66158.5,39.0,1323.7,30759,2005-01-16,economy
23:54:38,00:59:38,NPX31553,AI703,67492360,SU-23373-SE-123,891.32,Maple Heights,Calabasas,False,2025-01-25,Antonov An-148,,Harley,Canada,T704RO,5028,0,3.0,65339.1,67.0,1080.3,36188,2004-01-10,economy
14:22:32,16:52:32,LTF62842,AI935,69283320,AN-24626-UJ-498,3651.71,Ontario,Del Rio,True,2025-01-30,Airbus A340-300,843391UF,Augustine,Japan,R377UG,650,5,9.4,7041.7,30.0,669.6,7852,2009-11-25,economy
02:44:29,04:57:29,TFP28850,AI639,63624053,OY-25675-WM-130,4090.76,Alice,Columbia Heights,True,2025-01-26,Concorde,173269IS,Granville,San Marino,Y511CX,771,5,7.0,7213.6,102.0,573.0,5061,2001-01-30,economy
03:59:24,04:58:24,HBX85676,AI119,66808927,AP-71189-SC-198,2021.65,Chanhassen,Atlantic City,False,2025-02-08,Boeing 777-300,,Valentine,Pitcairn Islands,P976US,729,4,1.6,7331.0,29.0,605.6,6074,2004-06-18,economy
07:09:40,07:35:40,CSL36666,AI586,61569655,SL-86282-IQ-139,521.02,Greenfield,Maryville,False,2024-12-15,Airbus A350-900,,Tasia,Curaçao,R797OC,6377,1,-5.1,56642.0,85.0,1358.1,54422,1998-06-30,economy
14:28:27,16:07:27,XJL66398,AI112,66882430,XZ-40454-RC-092,3153.91,Syracuse,National City,True,2024-05-20,Boeing 757-300,330658JQ,Abel,Guatemala,H733DZ,717,4,-5.7,7470.9,50.0,632.6,7008,2000-07-29,economy
03:12:30,04:30:30,IVV89480,AI117,64803981,OD-57836-LM-675,2487.95,Garden City,Phenix City,False,2024-11-08,Convair CV-580,,Latoyia,Trinidad & Tobago,I980MY,665,5,-15.0,7465.3,87.0,706.1,7327,2007-02-23,economy
14:59:38,17:29:38,BIF19759,AI371,61412267,UZ-96049-GV-571,1104.5,Belvidere,Mandan,True,2025-01-01,Boeing 727-100,239992DU,Berna,Bulgaria,Q545WJ,1535,0,2.9,19227.5,45.0,849.0,17752,2003-03-16,economy
04:04:29,05:00:29,KDI16420,AI513,63248089,VN-14609-AT-015,5081.81,Mission Viejo,Doral,True,2024-06-14,Piper PA-46,485521DQ,Dominick,Taiwan,H747XP,1436,4,9.3,14720.5,48.0,847.1,13955,2000-08-22,economy
19:41:40,21:31:40,AIU21286,AI614,67106483,PH-88250-UY-007,5874.86,Seguin,Palestine,True,2024-07-03,Gulfstream G650,857739VZ,Jacqulyn,Tokelau,L628PL,5322,1,-7.5,58869.8,32.0,1170.2,39203,2005-11-04,economy
17:14:33,20:05:33,HVX16744,AI545,68530407,VQ-21488-EQ-177,4640.26,Paso Robles,Round Rock,False,2025-03-01,De Havilland Canada DHC-2 Beaver,,Alisia,Diego Garcia,Q702DP,5526,1,-1.2,63812.2,89.0,1378.0,43886,1999-04-26,economy
08:38:41,10:24:41,PGJ26413,AI226,62151952,ER-48045-KZ-856,3960.72,St. Cloud,Lynchburg,True,2024-05-26,Boeing 747-400,540965BC,Rochel,Suriname,K433RI,1192,5,-5.8,13952.9,86.0,806.4,11076,2004-08-29,economy
13:23:39,14:53:39,KHX13987,AI328,67631783,HU-30467-JT-432,736.5,South San Francisco,Howard,True,2024-08-29,Cessna 206 Stationair,878320MR,Carmon,Bahrain,Z683BJ,1442,8,-6.6,12582.9,99.0,840.4,15522,2000-09-08,economy
04:52:25,07:38:25,GUW04113,AI092,66600656,YV-98294-CH-896,6040.2,Santa Maria,McAllen,True,2024-09-24,Yakovlev Yak-40,283817EH,Morton,São Tomé & Príncipe,X621NS,877,8,-14.9,7200.9,22.0,619.6,6391,2009-06-26,economy
17:07:33,18:51:33,WJB36939,AI041,69930015,CL-86442-LD-864,2088.94,Barstow,Kokomo,False,2025-01-27,Team Rocket F1,,Fausto,Philippines,U644YR,1723,0,6.3,17312.6,85.0,811.8,10109,2008-03-09,economy
05:33:37,08:17:37,FVL86995,AI581,68671983,ZU-93163-DT-322,568.4,North Olmsted,Largo,True,2024-10-13,"\"Airbus A330-700 \"\"Beluga XL\"\"\"",384119TY,Gerry,St. Barthélemy,X431TS,4040,0,-8.6,59877.3,110.0,1341.2,25537,2005-09-04,economy
21:43:35,00:15:35,OPJ60338,AI449,61419429,TD-07059-QN-732,6678.16,St. Clair Shores,Sevierville,True,2024-11-22,Avro RJ85,081500DC,Derek,Honduras,N441NQ,1834,1,2.1,25076.6,82.0,846.9,17369,1999-07-11,economy
13:28:39,15:17:39,QNH52973,AI925,64195828,KJ-89111-VJ-823,1377.6,Universal City,McHenry,True,2025-03-02,Learjet 60,240566YS,Cody,Cameroon,H905FD,2573,0,-2.4,23731.4,104.0,938.5,27546,2000-07-08,economy
01:19:31,02:33:31,LQP99873,AI043,64675886,XC-17250-WH-136,6944.75,Matteson,Kearny,True,2024-07-15,McDonnell Douglas MD-87,542463TL,Larisa,Cyprus,E665OF,5031,0,-0.6,61612.2,79.0,1297.4,44982,2001-09-14,economy
02:52:29,05:27:29,YCU59771,AI301,61228154,RY-60616-JV-720,3222.33,East Cleveland,Agoura Hills,False,2024-05-31,Curtiss C-46 Commando,,Tyson,Ecuador,G313OM,2556,0,-13.0,22785.9,96.0,932.4,24031,1999-03-05,economy
20:10:24,21:04:24,WBA33903,AI988,66192354,WD-39409-CC-484,5316.03,Middletown,Fayetteville,False,2025-02-15,"\"Airbus A300-600ST \"\"Super Transporter\"\"\"",,Jaquelyn,Cuba,G133LC,4773,1,-14.1,57246.9,101.0,1239.7,29029,2010-08-30,economy
20:42:33,21:09:33,RUU62616,AI925,68732421,UR-74180-TE-760,2315.48,Lemoore,Apex,True,2024-10-11,Boeing 737-400,329071VY,Lupe,Botswana,B300PE,3689,0,-8.2,59334.4,49.0,980.0,29644,2003-02-03,economy
11:22:31,14:11:31,NHL35838,AI967,61779053,AU-51783-FB-911,3068.92,Griffin,Layton,False,2025-01-08,British Aerospace Jetstream 41,,Marylynn,Martinique,S850BK,4518,0,1.9,67779.9,108.0,1140.4,24880,2005-03-30,economy
08:44:34,10:34:34,HII33517,AI584,62567595,XC-99197-JW-389,2503.8,Mason,Morganton,False,2025-02-12,McDonnell Douglas MD-83,,Meggan,Puerto Rico,W861DP,5478,0,-7.0,55037.4,69.0,1001.9,44412,2008-07-20,economy
04:23:28,04:38:28,DDT88485,AI483,65413778,QH-10162-HG-597,6339.64,Lakeville,Coon Rapids,False,2024-11-16,Airbus A330-900neo,,Mac,Serbia,J002XQ,5482,0,-7.8,61538.0,115.0,1275.8,35546,1999-02-01,economy
09:45:34,12:11:34,WTO68577,AI097,61649974,ZE-10735-KA-491,2269.93,Owasso,Bessemer,False,2025-02-13,Boeing 747-200M,,Carry,Bangladesh,Z186PI,5786,1,0.1,64081.5,72.0,1165.7,41281,2001-11-26,economy
00:15:29,01:01:29,CBV39707,AI204,60536714,MO-38425-SB-911,4935.67,Cliffside Park,North Little Rock,False,2024-09-17,Canadair Regional Jet 100,,Bok,Falkland Islands,P417IK,2945,0,-5.6,23285.7,116.0,915.6,24236,2005-09-04,economy
14:20:39,17:20:39,PEM81927,AI104,64722400,PG-64653-NS-274,2747.9,Lewisville,Richland,True,2025-02-14,Boeing 747-300,510341NK,Christoper,Seychelles,F326PZ,2970,1,2.8,23492.1,32.0,912.8,22900,2001-02-02,economy
02:55:24,05:13:24,AUI04294,AI564,60310912,JZ-79541-FT-426,4693.45,Brookings,Ithaca,True,2024-08-19,Learjet C-21A,726919BX,Ulrike,French Polynesia,V431ZP,658,5,-1.0,7404.8,43.0,666.7,5631,2009-09-12,economy
12:21:37,14:13:37,IIF14174,AI748,69211300,AP-34104-XS-340,5662.15,Rexburg,Las Cruces,True,2024-07-27,Canadair Challenger,961033JX,Ruben,New Zealand,S862JB,3088,1,-13.6,44549.2,27.0,978.0,27923,2008-12-05,economy
00:33:27,02:09:27,FPG67157,AI109,66138864,AL-94265-EP-647,1349.81,Easton,Vero Beach,True,2024-05-24,Canadair Regional Jet 550,799220VK,Stephan,Dominica,P721LS,3794,1,-5.1,56218.0,85.0,984.3,25106,2002-10-16,economy
05:48:29,08:37:29,WOC05031,AI717,66691942,BR-54493-II-032,7156.73,Stephenville,Simi Valley,True,2025-01-13,Tecnam P2006T,992435YS,Coleman,Seychelles,T956NA,1597,1,-5.0,16739.2,33.0,844.2,14764,2004-06-16,economy
05:27:30,05:46:30,OMZ70647,AI313,67683778,QH-60458-GR-453,2107.56,Elgin,Loves Park,True,2024-12-03,Beechcraft 1900,902838PH,Anton,St. Vincent & Grenadines,P892CK,1593,0,-13.0,28123.6,93.0,807.6,10413,2009-08-24,economy
17:01:33,17:59:33,TIE62648,AI837,62406608,QW-32149-FQ-130,3330.63,North Tonawanda,Florissant,False,2024-12-02,Gulfstream G280,,Aliza,Swaziland,M645JL,5689,1,-10.3,67935.4,60.0,1272.8,42683,2010-03-07,economy
11:15:36,11:29:36,IJE24261,AI065,60813127,FW-00587-GJ-217,5309.94,Anacortes,Barstow,False,2024-07-23,De Havilland Canada DHC-4 Caribou,,Hyun,Equatorial Guinea,A545US,956,6,-12.1,7451.9,61.0,710.3,5562,2010-08-07,economy
09:43:35,10:38:35,GMO13738,AI625,62349388,OS-97348-WY-960,6509.72,Payson,Arnold,False,2025-03-07,Gulfstream V,,Yolando,Ecuador,V734KS,3062,0,7.8,45720.5,69.0,944.8,27080,2001-08-01,economy
03:49:39,04:27:39,MOL14554,AI620,67440743,AE-91741-UA-672,7522.17,Smyrna,Hampton,True,2024-11-26,Cessna 152,948979TX,Nana,Pitcairn Islands,L761UH,1275,8,1.8,17546.3,25.0,807.5,12177,2010-04-24,economy
11:16:31,13:39:31,QRB47560,AI795,60487104,DG-55741-XF-648,4498.11,Lincoln Park,Christiansburg,True,2024-07-01,Saab 2000,703580ZL,Conchita,Bermuda,C303OY,5539,1,-14.0,62567.5,82.0,1115.3,45979,2004-05-19,economy
04:22:26,06:54:26,KVP19130,AI778,66049411,II-74842-PS-442,5562.49,Boynton Beach,Ottawa,True,2024-11-13,"\"Airbus A300-600ST \"\"Super Transporter\"\"\"",757743YC,Jong,Gabon,A268WI,3866,0,6.7,69023.5,89.0,998.9,26355,2000-11-10,economy
20:48:30,23:38:30,ZPS07525,AI671,65354174,EM-96749-DN-426,4614.98,Rock Springs,Spring Valley,False,2024-11-11,Cessna 310,,Deeanna,Vatican City,L574ZC,5144,1,-2.0,59759.5,50.0,1259.7,41156,2004-02-15,economy
07:57:26,09:49:26,YSI27305,AI419,69441041,OD-42647-JA-719,7107.28,Mount Prospect,Peekskill,False,2024-12-12,Embraer Legacy 600,,Ariel,Eritrea,I541BS,931,4,9.3,7423.4,107.0,671.0,5202,2002-01-09,economy
19:29:36,21:22:36,PZG17000,AI094,60254194,ZD-10297-GZ-516,894.48,Bellflower,Muskogee,False,2024-08-05,Piper PA-44 Seminole,,Rick,Tokelau,L039IC,2393,1,-14.0,18206.1,95.0,900.7,19168,2005-12-11,economy
09:49:40,10:59:40,RVE49499,AI601,66707790,AV-49260-NU-071,4169.81,Kirkland,San Clemente,False,2025-02-07,McDonnell Douglas MD-11C,,Pamelia,Poland,V978LF,5437,1,-6.4,55689.6,66.0,1058.4,44906,2005-03-07,economy
03:53:24,06:02:24,YGX71531,AI406,64283737,YN-05688-KG-093,4196.55,Ashwaubenon,South El Monte,True,2024-09-29,Evektor SportStar,336635VZ,Gaynelle,Bulgaria,B406EI,6263,0,5.7,69412.4,72.0,1248.5,50579,2005-07-08,economy
20:57:36,23:46:36,LGW84820,AI282,60925084,MH-97646-AJ-802,4682.39,Clearwater,Jonesboro,False,2024-06-12,Lockheed L-1011 Tristar,,Roberto,Togo,K256CX,2825,1,4.2,23750.4,24.0,900.6,19337,2006-01-21,economy
22:32:41,01:31:41,WKK18275,AI518,60843327,AY-69742-AE-905,4650.56,Twentynine Palms,Niles,False,2024-11-20,Airbus A319neo,,Brendon,Palestinian Territories,X712SP,2497,1,-13.9,18071.0,66.0,938.0,16107,2010-01-04,economy
10:36:38,11:04:38,NVX22625,AI177,61928704,WY-82270-LM-680,2214.8,Lauderhill,Harrison,True,2025-01-10,Mitsubishi Mu-2,146166CI,Kimberlie,St. Vincent & Grenadines,V695YI,2642,0,-5.7,24465.2,96.0,906.3,26696,1999-11-12,economy
16:05:40,19:04:40,HKJ22723,AI957,60203362,IH-11926-LJ-205,7668.9,Susanville,Clearwater,True,2024-11-23,De Havilland Canada DHC-3 Otter,381665UD,Mathilda,France,A972IL,5563,0,-10.1,57653.7,20.0,1236.8,42322,1998-11-22,economy
22:22:35,23:59:35,KND86632,AI747,64363832,RS-62979-UO-568,7635.86,Palm Coast,Pekin,True,2024-11-11,Embraer EMB 120 Brasilia,543191SZ,Dagny,Anguilla,F317DI,4731,1,-14.8,55855.7,70.0,1294.4,27300,2004-05-26,economy
08:13:25,08:33:25,YSP04167,AI490,68579850,XB-48629-QF-247,1264.95,Vero Beach,State College,False,2024-07-24,Embraer Praetor 650,,Allen,St. Lucia,X002BA,4719,0,6.8,67550.8,75.0,1329.3,25820,1999-10-30,economy
06:17:26,08:21:26,NGN15103,AI410,62845787,BZ-69600-GQ-079,6666.88,Rockwall,Gardena,True,2024-06-14,Tecnam P92 Eaglet,773276HT,Masako,Taiwan,V434QM,686,2,-5.5,7238.3,88.0,715.5,7560,2009-06-14,economy
09:00:25,11:41:25,MLG77638,AI121,62143791,VN-84217-HY-808,1903.75,Marietta,Mountain View,True,2025-01-21,Gulfstream IV,795348UW,Vinnie,Egypt,B102NO,3622,0,-5.1,68762.3,99.0,992.0,27471,2008-09-23,economy
23:48:28,00:08:28,HAA72434,AI837,69813601,YL-64850-DK-533,6208.3,Franklin Park,South Euclid,True,2024-12-19,De Havilland Canada DHC-6 Twin Otter,068541JO,Carolin,British Virgin Islands,J706WN,1245,6,-13.4,13433.7,90.0,848.7,10960,2006-07-20,economy
17:13:36,18:16:36,LWC53811,AI798,60720301,TL-87575-SV-622,7568.51,Radcliff,Fairbanks,True,2024-11-02,Shorts SD.360,931442MD,Cicely,Angola,H888IV,3936,0,-0.5,62624.8,109.0,991.0,25618,2001-07-05,economy
22:36:39,23:49:39,SWR07923,AI272,67567555,FD-62821-ZA-325,3830.76,Plano,Mundelein,False,2024-11-07,Airbus A340-300,,Despina,Mongolia,F722GL,6229,1,8.2,67538.8,57.0,1350.4,57771,2000-04-22,economy
10:15:32,11:56:32,DOI15090,AI790,68923705,QI-16923-IK-904,4112.41,Bettendorf,New Berlin,True,2024-09-14,Boeing 747-8F,640669LJ,Ernest,Equatorial Guinea,C071JP,1566,0,-11.8,29813.0,105.0,816.1,15511,2008-09-22,economy
20:19:37,21:57:37,HGH08353,AI456,67844605,YZ-62913-XK-410,2886.57,Denton,Kansas City,False,2024-06-12,Airbus A319neo,,Nery,Guernsey,P825OP,669,6,-11.3,7134.1,35.0,524.9,7322,1998-02-25,economy
04:43:40,06:36:40,FMM33163,AI694,61903363,SF-62771-NR-012,7543.23,Sun Prairie,Fairview Heights,False,2024-12-25,Canadair Regional Jet 900,,Devin,Réunion,G106GB,4132,1,-9.0,69263.5,116.0,1210.1,28502,2009-11-23,economy
08:29:25,09:28:25,OYV02242,AI069,60648258,XE-78206-WE-975,4287.04,Villa Park,Rutherford,False,2024-07-02,Airbus A300C4,,Ardelle,Russia,L922JV,3478,0,-5.1,59019.7,67.0,955.3,26675,1999-10-08,economy
11:11:36,11:39:36,LWA85075,AI392,65957981,JU-25473-BE-218,7440.42,Gallatin,Franklin,False,2024-10-01,De Havilland Canada DHC-5 Buffalo,,Timothy,South Georgia & South Sandwich Islands,Q231VL,4700,1,6.8,59906.5,111.0,1116.0,27788,2003-11-12,economy
21:16:33,00:11:33,KUS66517,AI466,62474824,IR-22413-SY-465,6015.85,Edgewater,Waxahachie,False,2024-11-27,McDonnell Douglas MD-11,,Etsuko,Andorra,U086GZ,4224,1,-7.9,58166.8,43.0,1046.0,28045,1998-06-19,economy
02:39:26,03:28:26,PCI92385,AI273,67138023,VA-60003-HZ-359,2886.6,Clarksville,Knoxville,False,2024-12-24,Boeing 737-700,,Gita,French Southern Territories,L203XE,2612,0,-10.6,24946.5,100.0,916.4,22615,2002-02-18,economy
07:50:36,10:46:36,PVY79183,AI593,64270191,XH-32938-NX-334,7743.74,Merced,Berwyn,True,2024-06-09,Harbin Yunshuji Y12,503579IF,Michel,Oman,Y897RF,2946,1,-5.7,23770.7,109.0,926.8,27509,2008-11-23,economy
12:32:25,14:41:25,AYZ74133,AI837,61345023,CQ-65836-ZE-891,3545.57,Chillicothe,Tampa,True,2024-05-26,British Aerospace Jetstream 31,045668AV,Damon,Tajikistan,T191NJ,1791,0,4.6,25642.4,78.0,803.2,13879,2005-06-20,economy
21:19:39,00:13:39,HAW23083,AI776,64479858,XK-71574-IZ-677,1918.8,Hillsboro,North Charleston,True,2025-01-28,Tecnam P96,587502ES,Tyson,Malawi,Z649AJ,4136,1,-11.6,67090.0,105.0,1031.0,28457,2007-08-16,economy
02:14:31,04:07:31,RIY07766,AI203,69171578,SJ-52515-EJ-626,4389.34,Olympia,El Cajon,True,2025-02-07,Antonov AN-28,787828VE,Malcom,Svalbard & Jan Mayen,N328GN,2363,0,-10.8,19106.4,24.0,949.5,19737,2006-01-18,economy
05:43:29,06:36:29,EMK22676,AI032,68623696,HJ-62330-FR-626,4704.02,Orinda,La Mesa,False,2024-10-15,Fokker F27 Friendship,,Sidney,Uzbekistan,Y363TP,5611,0,2.8,61551.8,24.0,1286.6,44626,2009-07-08,economy
12:34:43,13:55:43,JSP27741,AI256,69815369,OL-41608-GP-155,4398.8,Wyoming,Safety Harbor,True,2025-02-08,Boeing 777-200ER,436562MH,Johnathon,Malawi,U007VO,2127,0,-10.7,19316.9,35.0,949.8,18504,2002-04-15,economy
08:05:42,10:45:42,XPB90872,AI971,62215776,HP-63293-FD-307,3396.81,Phoenix,Addison,True,2024-05-13,Avro RJ70,355352MJ,Asley,Palau,C407OJ,4498,1,-13.8,61844.9,66.0,1260.7,25037,2002-09-29,economy
02:14:36,03:31:36,WEM28222,AI686,65589189,EP-12984-UL-519,5282.83,Foster City,Winter Garden,True,2024-09-26,De Havilland Canada DHC-5 Buffalo,109081KE,Yong,Andorra,J300FY,3895,1,4.1,59926.6,48.0,990.0,25663,2000-10-30,economy
16:56:32,19:25:32,LCK04144,AI231,60724038,WS-03201-VE-476,6130.77,Mentor,Grandville,False,2024-11-17,Boeing 747-200M,,Alise,Azerbaijan,Y208SN,2013,0,-8.8,18654.2,101.0,944.6,16531,2010-03-20,economy
11:46:34,12:16:34,ERT09422,AI559,69705758,PS-86790-CN-808,4937.9,Hemet,Porterville,False,2025-01-01,Douglas DC-3,,Blake,India,D916XT,5376,0,-13.8,67195.4,94.0,1191.4,38433,2010-12-02,economy
12:55:33,13:47:33,VLI16613,AI434,65956632,AR-94815-OH-077,2824.22,Norman,Hazel Park,True,2024-07-13,Concorde,638798SQ,Randy,Botswana,O123OJ,5889,1,-0.6,69439.9,64.0,1177.0,44756,2004-11-22,economy
11:02:24,11:16:24,YFQ65311,AI091,65549498,KJ-18435-EO-554,6531.24,Woodburn,St. George,False,2024-10-27,Concorde,,Horace,Andorra,G251DS,3490,1,-8.5,55253.4,29.0,908.1,25837,2007-02-13,economy
00:55:37,01:17:37,EKI18347,AI201,61366115,EJ-36288-WF-363,955.56,Batavia,Naugatuck,False,2025-02-14,Boeing 747SR Freighter,,Shella,Uruguay,C249IU,4330,0,-9.9,63035.5,105.0,1340.6,24792,1999-01-21,economy
05:23:41,07:05:41,LAA13635,AI111,69406705,IH-54457-RA-737,6759.42,Coalinga,East Cleveland,False,2024-06-10,Cessna 210 Centurion,,Sarina,Curaçao,F756QX,4883,0,-15.0,55729.1,100.0,1019.2,28290,2009-04-04,economy
01:08:32,01:38:32,HHL12044,AI775,68137367,CU-42732-NO-323,1035.88,Fort Lee,Webster Groves,False,2024-12-29,Boeing 727-100,,Lucio,Caribbean Netherlands,R150OJ,3980,1,-14.2,62320.5,32.0,944.9,27196,1998-10-24,economy
03:52:32,05:22:32,MQO70903,AI881,69917818,IJ-40583-ZB-922,5096.43,Sandy,Paterson,True,2025-02-27,Embraer Legacy 450,298773MC,Sylvester,Cambodia,A211JG,2720,1,-9.2,23108.4,26.0,903.3,25407,2001-03-26,economy
03:32:25,05:42:25,OGW97681,AI848,68989366,CJ-61413-NT-236,1430.77,Tacoma,Sugar Hill,False,2024-08-08,Canadair Regional Jet 100,,Rolando,Cayman Islands,I705PS,5380,1,-9.8,62266.3,52.0,1008.5,41646,2009-05-10,economy
03:57:41,05:33:41,ZGR95845,AI546,67525990,AI-89606-TH-053,682.28,Aliso Viejo,Havelock,False,2024-09-03,Shorts SD.360,,Franchesca,Kuwait,S634XM,4675,1,-7.1,67895.2,112.0,1188.9,29983,2000-06-18,economy
23:29:27,01:51:27,UGH55255,AI315,60091097,CM-94161-ZG-463,1559.97,Cleveland Heights,Tiffin,False,2024-06-01,Boeing 757-200,,Seema,India,H890MC,4836,1,4.5,55392.8,120.0,1350.9,26628,2006-05-03,economy
23:53:28,01:17:28,TBZ22838,AI594,60122626,UV-03913-AD-034,626.4,West Jordan,Naples,False,2025-02-06,McDonnell Douglas MD-87,,Mike,Sweden,B378TE,2738,0,-7.4,23415.7,120.0,929.5,24191,2005-06-27,economy
11:19:33,13:08:33,RBD91231,AI087,67803020,CQ-39693-VT-914,7453.82,Fort Myers,Palm Springs,False,2025-03-04,Fokker F28 Fellowship,,Conrad,United Arab Emirates,H914EX,4322,1,-10.5,56159.0,21.0,1327.4,29895,2004-11-15,economy
21:16:32,23:00:32,ZTF58090,AI499,60079995,OK-75360-YD-077,2927.8,Reynoldsburg,Clemmons,False,2024-06-04,Embraer E190-E2,,Leandro,Svalbard & Jan Mayen,R914TD,638,6,3.0,7183.2,60.0,546.8,5070,2005-10-30,economy
02:05:42,04:26:42,BZC80245,AI295,61244022,UX-55253-BN-488,4099.71,Grand Rapids,Hamtramck,True,2024-06-22,Pilatus Britten-Norman BN-2A Mk III Trislander,714486QB,Hisako,Lesotho,I416BT,5256,1,2.5,66747.7,73.0,1334.1,42465,1999-01-29,economy
06:50:37,08:55:37,UBZ66635,AI923,66095302,MY-87134-UE-497,2064.48,Starkville,Susanville,True,2024-11-11,Lockheed L-188 Electra,013280II,Woodrow,San Marino,R925SS,3490,1,-13.5,68770.1,71.0,915.0,26188,2003-02-25,economy
11:21:43,11:52:43,UPU17050,AI543,64061474,SK-98322-IO-788,732.39,Gretna,Elmwood Park,False,2024-10-27,Aerospatiale SN.601 Corvette,,Teresia,Georgia,D333FE,620,2,-12.6,7101.4,98.0,673.9,5173,2009-05-20,economy
15:53:39,17:51:39,VEY38083,AI577,69974220,GG-99811-YU-473,3078.43,Altus,Radcliff,True,2024-09-19,Douglas DC-9-40,465427BY,Yessenia,South Georgia & South Sandwich Islands,U411ZB,762,4,1.6,7110.6,86.0,731.5,7697,2001-05-14,economy
22:06:37,00:02:37,NCL66577,AI584,63459789,II-05778-SC-000,6521.06,El Paso,Northampton,True,2024-08-27,Boeing 717,740681ZP,Jarrett,Guadeloupe,J519GT,4803,0,-12.8,65014.5,113.0,1229.9,25919,2001-09-29,economy
00:41:26,02:34:26,SME25195,AI083,68307366,YS-32951-JY-965,5800.67,Eastpointe,Fishers,False,2024-10-15,Saab SF340A/B,,Kent,Andorra,D426KI,2804,1,2.6,23882.0,17.0,919.1,24722,2005-04-08,economy
20:55:27,21:38:27,XUE51242,AI209,67020486,ER-55020-IU-000,6695.12,Logansport,Sylvania,False,2024-12-31,Shorts SC-7 Skyvan,,Kum,Switzerland,F883NS,3378,0,-10.7,69028.0,44.0,916.2,27946,2000-10-17,economy
15:34:32,16:58:32,GMT49722,AI710,64824095,RG-83281-LM-845,3275.75,Camarillo,Alhambra,True,2024-05-20,Douglas DC-8-50,434829QR,Maddie,Greenland,G257CG,5500,1,4.0,59539.3,110.0,1257.8,40182,2006-09-06,economy
13:32:42,13:58:42,RBP26984,AI141,64724930,GZ-99228-JD-413,4635.9,Fond du Lac,San Jacinto,True,2024-07-10,Boeing 727-100,088863WE,Connie,Wallis & Futuna,R340ZA,4903,0,-1.4,67705.9,111.0,1353.6,29607,2002-05-01,economy
15:56:33,16:12:33,VUM13595,AI144,67089372,AF-60325-HY-945,1450.97,Kissimmee,Charlotte,True,2024-09-01,Dassault Falcon 2000,649515HK,Aubrey,Montenegro,B029KV,5711,0,-8.3,56230.2,103.0,1045.1,42204,2002-08-22,economy
10:59:33,11:15:33,GKE38691,AI001,63961597,OO-17090-PA-556,5928.01,Bethel Park,Crest Hill,False,2025-02-15,Shorts SD.360,,Ralph,Thailand,D121SY,1538,1,-0.9,20206.8,91.0,805.8,14948,2008-09-09,economy
09:21:35,09:43:35,GAU47431,AI878,66570188,HU-39145-TF-799,3319.32,Santa Clara,Elmhurst,False,2024-09-09,De Havilland Canada DHC-2 Beaver,,Dorian,Singapore,B838AD,4466,1,-9.9,67743.2,85.0,1066.3,28843,2008-10-29,economy
02:47:32,05:19:32,VOR07492,AI323,61255401,KZ-15130-HU-705,3460.24,Bainbridge Island,Oxnard,True,2024-12-08,Cessna 172 Cutlass RG,954296LI,Karima,St. Pierre & Miquelon,V412NE,2896,0,-8.0,24369.8,36.0,925.7,21634,1999-02-15,economy
05:56:31,07:05:31,NEV56335,AI013,68439441,EL-80271-EN-449,916.56,New Bedford,Bolingbrook,False,2024-08-04,Diamond DA62,,Dusti,Israel,Z407VG,4066,0,-9.8,60414.0,23.0,1284.0,28353,2002-11-26,economy
04:57:24,07:34:24,YJA78841,AI261,63800030,MK-05789-YL-893,2848.78,Augusta,Utica,True,2024-08-18,Yakovlev Yak-42,291208DF,Arlena,Samoa,X997RT,5271,0,0.3,61404.2,68.0,1335.5,42954,2007-02-07,economy
20:24:24,21:11:24,PTH54404,AI554,61493765,FH-59496-RC-459,6675.57,Draper,New Rochelle,False,2024-10-31,Honda HA-420,,Perry,New Caledonia,E101ZQ,758,3,-8.3,7309.1,23.0,693.9,7883,2008-07-13,economy
01:23:27,01:50:27,CVN66466,AI203,66557229,IM-38177-FK-925,7092.1,Willoughby,Opelousas,False,2024-07-14,Tecnam P2002 Sierra,,Donte,Mauritania,Z672YW,1271,5,-8.3,16631.2,68.0,827.8,11151,2009-12-04,economy
21:39:26,00:30:26,ESI96279,AI359,67476839,GJ-23685-ZL-137,6955.22,Westbrook,Prattville,True,2025-03-05,Douglas DC-9-40,635733HY,Lance,Saudi Arabia,E055HO,1040,2,-13.5,17926.9,77.0,848.7,10703,2004-05-25,economy
22:56:36,23:51:36,MGQ34953,AI448,68957463,CV-36830-IU-841,5841.3,Medina,Hilliard,False,2024-12-22,Boeing 737-500,,Denisha,Angola,L170BN,5866,0,4.9,69052.8,37.0,1308.3,47602,1998-12-22,economy
02:33:38,03:07:38,VLK60927,AI567,61344549,RS-50339-JO-801,5744.6,Hampton,Stevens Point,True,2024-06-14,Pilatus Britten-Norman BN-2A Mk III Trislander,640965AZ,Berry,Svalbard & Jan Mayen,V969HM,3139,1,1.0,58477.4,21.0,901.9,29037,2000-04-27,economy
03:01:43,03:33:43,MAH29872,AI479,61995472,IP-29317-LY-326,6109.57,Walker,Wauwatosa,False,2025-02-09,Boeing 747-200F,,Magan,Antigua & Barbuda,I800HL,936,8,-11.8,7265.4,115.0,616.3,6869,2006-04-17,economy
11:25:30,13:44:30,KGY05849,AI904,66364404,SI-26561-ZH-397,4930.02,Killeen,Broomfield,False,2024-07-30,McDonnell Douglas MD-11C,,Zetta,U.S. Virgin Islands,Y146WH,1647,0,-0.1,28288.3,40.0,822.8,13332,2005-02-26,economy
11:14:41,14:06:41,TTA19699,AI083,66659096,KK-63011-LL-500,4645.74,Sugar Hill,West Springfield,False,2024-10-02,Airbus A220-100,,Troy,Hungary,W856TO,6435,0,3.1,66031.0,40.0,1252.4,53297,1998-08-19,economy
05:58:43,06:58:43,ADO79503,AI168,65104935,AS-98681-PK-716,6280.99,Lynn,Champaign,True,2024-12-27,Learjet 35,068113KX,Simon,Rwanda,P837TN,4841,1,-8.5,62886.4,35.0,1005.2,28401,2000-04-08,economy
13:24:41,14:31:41,AMJ15593,AI174,66529638,QR-27609-LZ-692,506.94,Crown Point,Peekskill,True,2024-07-16,Boeing 777-200LR,069491LV,Felipe,Cameroon,F682JM,4043,0,-7.1,59603.4,88.0,1198.0,30085,2009-05-24,economy
22:38:26,00:08:26,LVR24066,AI346,69055280,LL-27898-YU-919,6460.68,New Braunfels,Lewiston,True,2024-08-19,De Havilland DH.114 Heron,482076DC,Olene,Maldives,O146QP,831,6,-10.4,7182.0,101.0,651.6,7708,2000-10-05,economy
07:39:34,09:49:34,STQ53797,AI933,64090581,AP-73170-QA-570,5997.62,High Point,Amsterdam,True,2024-05-23,Gulfstream G650,221305YU,Corey,Uruguay,L522ZP,3128,0,-6.6,44188.2,48.0,913.6,26150,1999-09-28,economy
06:34:34,08:03:34,NBO17730,AI596,60940929,SR-17252-AH-288,5504.69,DeKalb,Wildwood,False,2025-01-05,Convair Convair Convair CV-640,,Boris,Dominican Republic,I346UV,5369,1,-14.7,59300.8,79.0,1044.6,38796,2004-06-08,economy
03:01:41,03:33:41,SJN19872,AI167,69129256,FG-76921-LL-657,2094.92,Brea,Park Ridge,False,2024-06-26,Cessna 152,,Jon,Vatican City,L187ZP,2051,1,-6.5,19157.7,60.0,940.4,15634,2006-12-31,economy
00:00:28,00:49:28,HHI77968,AI756,65335758,ZP-36608-YC-304,3342.23,Aurora,Shawnee,False,2024-05-31,BAe 146-100,,Kanisha,Australia,X127BZ,5401,1,-6.4,66802.6,37.0,1234.8,35293,2007-05-24,economy
14:00:33,14:48:33,LBC41040,AI578,60688096,BM-45587-TX-806,4476.73,Camden,Douglasville,True,2025-01-08,Gulfstream V,892945FG,Leonarda,Kosovo,O399CK,1629,1,9.4,22046.6,63.0,829.3,14955,2004-04-14,economy
06:27:30,08:15:30,QMR42196,AI012,60216382,GS-78444-UG-832,7324.11,Chicopee,Meriden,False,2024-05-15,Boeing 787-9,,Divina,Palestinian Territories,Q655HE,1156,6,8.5,14010.3,89.0,807.6,17097,2000-10-20,economy
11:30:24,11:55:24,VAY76392,AI258,64677504,NZ-53916-PE-405,1877.42,Millbrae,Oakley,True,2025-01-06,Dassault Falcon 900,991351YR,Ryan,Vatican City,Q568IP,6346,0,-13.0,60973.1,31.0,1700.7,52397,2005-12-21,economy
01:06:40,03:22:40,IOZ93763,AI091,69950172,LM-02760-ZA-184,5755.05,Baytown,Hanford,True,2024-11-26,BAe 146-100,612655AD,Lauryn,Palestinian Territories,B932CI,1335,2,6.7,14792.3,31.0,830.4,12863,2008-08-28,economy
04:03:38,05:18:38,ZCY70962,AI485,65858616,OV-86127-LZ-377,6242.43,Hanover Park,North Olmsted,True,2025-02-17,McDonnell Douglas MD-11F,296105WF,Johnie,Uzbekistan,T934DP,6494,0,6.6,58219.2,95.0,1380.5,57425,2003-02-11,economy
06:59:35,09:14:35,EIW10371,AI403,60380907,PQ-03732-RH-476,5667.68,Fontana,East Peoria,True,2025-01-31,Boeing 747-400,690735YJ,Myesha,France,J353LS,3812,0,6.6,66375.4,73.0,981.4,27980,2007-02-20,economy
01:13:25,02:11:25,ILW93655,AI176,60202335,OL-98891-PD-099,3614.28,Schenectady,Sandy Springs,True,2024-09-18,Antonov AN-30,870855RO,Cris,Rwanda,R243KX,976,3,9.1,7063.1,54.0,721.8,6929,2001-12-19,economy
02:16:31,03:58:31,VSE88658,AI985,66322444,PH-18528-MF-224,7969.49,West Springfield,Las Cruces,False,2024-08-21,Tecnam P2010,,Major,Burkina Faso,Q619BJ,4862,1,-14.5,61667.9,29.0,1202.0,25443,2003-08-26,economy
21:55:43,23:26:43,TNN87184,AI833,60160667,BO-42466-XA-278,3796.06,Gardena,Rosemount,False,2024-06-21,Cessna Citation II,,Marylouise,Guadeloupe,P321QQ,2074,0,1.3,19926.6,44.0,901.1,16730,2007-08-28,economy
01:59:29,02:57:29,LTU05091,AI548,66747508,UU-16403-YF-120,6946.92,Bentonville,Ocoee,True,2024-08-27,Ilyushin IL86,008700XA,Ambrose,Ascension Island,O680PL,4922,0,-1.7,63726.8,109.0,1254.3,28048,2010-01-01,economy
13:36:24,15:20:24,HBF64546,AI925,69683965,NP-10417-KI-672,7336.18,Twentynine Palms,Clinton,False,2024-08-11,Ilyushin IL86,,Myrle,Réunion,R856MB,6168,1,-11.1,62127.7,107.0,1467.4,55379,2010-06-13,economy
11:27:27,13:57:27,QRF97402,AI926,67386462,YS-08667-JT-042,6369.86,Evergreen Park,Muskego,True,2024-09-04,Bombardier BD-100 Challenger 300,572862BU,Tracey,Fiji,D558PA,3195,0,-7.2,54968.2,44.0,942.9,29593,2009-11-24,economy
13:09:38,15:11:38,PAB21311,AI224,69304420,LS-54103-XS-891,3254.94,St. Charles,Hopkins,False,2024-11-25,Cessna 152,,Oscar,South Georgia & South Sandwich Islands,I004SZ,1758,0,-7.5,27874.3,20.0,825.4,15148,2007-09-10,economy
03:27:24,04:59:24,UOF66771,AI617,64123444,AF-82877-LV-080,2767.09,Kirkwood,Donna,True,2025-02-23,Yakovlev Yak-40,108432WX,So,Ascension Island,F009GC,3729,1,1.1,58657.6,63.0,908.5,29498,1999-08-22,economy
